ISO-10303-21;
HEADER;
/* Generated by software containing ST-Developer
 * from STEP Tools, Inc. (www.steptools.com) 
 */

FILE_DESCRIPTION(
/* description */ (''),
/* implementation_level */ '2;1');

FILE_NAME(
/* name */ 'load_hub.step',
/* time_stamp */ '2026-10-07T21:06:41-07:00',
/* author */ (''),
/* organization */ (''),
/* preprocessor_version */ 'ST-DEVELOPER v20.2',
/* originating_system */ 'Autodesk Translation Framework v15.15.0.0',
/* authorisation */ '');

FILE_SCHEMA (('AUTOMOTIVE_DESIGN { 1 0 10303 214 3 1 1 }'));
ENDSEC;

DATA;
#10=MECHANICAL_DESIGN_GEOMETRIC_PRESENTATION_REPRESENTATION('',(#13),#2664);
#11=SHAPE_REPRESENTATION_RELATIONSHIP('SRR','None',#2674,#12);
#12=ADVANCED_BREP_SHAPE_REPRESENTATION('',(#14),#2663);
#13=STYLED_ITEM('',(#2683),#14);
#14=MANIFOLD_SOLID_BREP('Body1',#1190);
#15=SPHERICAL_SURFACE('',#1252,0.0393700787401575);
#16=SPHERICAL_SURFACE('',#1256,0.0393700787401573);
#17=SPHERICAL_SURFACE('',#1274,0.0393700787401575);
#18=SPHERICAL_SURFACE('',#1280,0.0393700787401575);
#19=SPHERICAL_SURFACE('',#1284,0.0393700787401573);
#20=SPHERICAL_SURFACE('',#1288,0.0393700787401573);
#21=B_SPLINE_SURFACE_WITH_KNOTS('',3,3,((#2153,#2154,#2155,#2156,#2157),
(#2158,#2159,#2160,#2161,#2162),(#2163,#2164,#2165,#2166,#2167),(#2168,
#2169,#2170,#2171,#2172),(#2173,#2174,#2175,#2176,#2177)),.UNSPECIFIED.,
 .F.,.F.,.F.,(4,1,4),(4,1,4),(0.,0.571428571428571,1.),(0.,0.143691381446837,
0.335279890042621),.UNSPECIFIED.);
#22=B_SPLINE_SURFACE_WITH_KNOTS('',3,3,((#2202,#2203,#2204,#2205,#2206,
#2207),(#2208,#2209,#2210,#2211,#2212,#2213),(#2214,#2215,#2216,#2217,#2218,
#2219),(#2220,#2221,#2222,#2223,#2224,#2225),(#2226,#2227,#2228,#2229,#2230,
#2231)),.UNSPECIFIED.,.F.,.F.,.F.,(4,1,4),(4,1,1,4),(0.,0.571428571428571,
1.),(2.46193014413551E-16,0.138408794405347,0.230681324008911,0.322953853612475),
 .UNSPECIFIED.);
#23=B_SPLINE_SURFACE_WITH_KNOTS('',3,3,((#2254,#2255,#2256,#2257,#2258,
#2259),(#2260,#2261,#2262,#2263,#2264,#2265),(#2266,#2267,#2268,#2269,#2270,
#2271),(#2272,#2273,#2274,#2275,#2276,#2277),(#2278,#2279,#2280,#2281,#2282,
#2283)),.UNSPECIFIED.,.F.,.F.,.F.,(4,1,4),(4,1,1,4),(0.,0.571428571428571,
1.),(0.,0.143693651871879,0.239489419786466,0.335285187701052),
 .UNSPECIFIED.);
#24=B_SPLINE_SURFACE_WITH_KNOTS('',3,3,((#2293,#2294,#2295,#2296,#2297,
#2298),(#2299,#2300,#2301,#2302,#2303,#2304),(#2305,#2306,#2307,#2308,#2309,
#2310),(#2311,#2312,#2313,#2314,#2315,#2316),(#2317,#2318,#2319,#2320,#2321,
#2322)),.UNSPECIFIED.,.F.,.F.,.F.,(4,1,4),(4,1,1,4),(0.,0.571428571428571,
1.),(3.30800910145401E-19,0.13840658158716,0.2306776359786,0.32294869037004),
 .UNSPECIFIED.);
#25=TOROIDAL_SURFACE('',#1208,0.354330708661417,0.0393700787401575);
#26=TOROIDAL_SURFACE('',#1218,0.413385826771654,0.0196850393700787);
#27=TOROIDAL_SURFACE('',#1231,0.413385826771654,0.0196850393700787);
#28=TOROIDAL_SURFACE('',#1235,0.047244094488189,0.0118110236220472);
#29=TOROIDAL_SURFACE('',#1246,0.0698818897637795,0.0196850393700787);
#30=TOROIDAL_SURFACE('',#1260,0.393700787401575,0.0393700787401575);
#31=TOROIDAL_SURFACE('',#1264,0.078740157480315,0.0393700787401575);
#32=TOROIDAL_SURFACE('',#1292,0.393700787401575,0.0393700787401575);
#33=TOROIDAL_SURFACE('',#1294,0.078740157480315,0.0393700787401575);
#34=TOROIDAL_SURFACE('',#1303,0.393700787401575,0.0393700787401575);
#35=TOROIDAL_SURFACE('',#1308,0.393700787401575,0.0393700787401575);
#36=TOROIDAL_SURFACE('',#1312,0.393700787401575,0.0393700787401575);
#37=TOROIDAL_SURFACE('',#1315,0.0698818897637795,0.0196850393700787);
#38=TOROIDAL_SURFACE('',#1321,0.078740157480315,0.0196850393700787);
#39=FACE_BOUND('',#265,.T.);
#40=FACE_BOUND('',#268,.T.);
#41=FACE_BOUND('',#269,.T.);
#42=FACE_BOUND('',#270,.T.);
#43=FACE_BOUND('',#271,.T.);
#44=FACE_BOUND('',#273,.T.);
#45=FACE_BOUND('',#284,.T.);
#46=FACE_BOUND('',#324,.T.);
#47=FACE_BOUND('',#335,.T.);
#48=FACE_BOUND('',#336,.T.);
#49=FACE_BOUND('',#337,.T.);
#50=FACE_BOUND('',#338,.T.);
#51=FACE_BOUND('',#345,.T.);
#52=LINE('',#1714,#114);
#53=LINE('',#1716,#115);
#54=LINE('',#1718,#116);
#55=LINE('',#1720,#117);
#56=LINE('',#1721,#118);
#57=LINE('',#1734,#119);
#58=LINE('',#1900,#120);
#59=LINE('',#1917,#121);
#60=LINE('',#1920,#122);
#61=LINE('',#1924,#123);
#62=LINE('',#1942,#124);
#63=LINE('',#1946,#125);
#64=LINE('',#1971,#126);
#65=LINE('',#1977,#127);
#66=LINE('',#1990,#128);
#67=LINE('',#2008,#129);
#68=LINE('',#2021,#130);
#69=LINE('',#2044,#131);
#70=LINE('',#2045,#132);
#71=LINE('',#2058,#133);
#72=LINE('',#2071,#134);
#73=LINE('',#2074,#135);
#74=LINE('',#2076,#136);
#75=LINE('',#2088,#137);
#76=LINE('',#2105,#138);
#77=LINE('',#2140,#139);
#78=LINE('',#2252,#140);
#79=LINE('',#2253,#141);
#80=LINE('',#2340,#142);
#81=LINE('',#2342,#143);
#82=LINE('',#2343,#144);
#83=LINE('',#2372,#145);
#84=LINE('',#2373,#146);
#85=LINE('',#2375,#147);
#86=LINE('',#2377,#148);
#87=LINE('',#2379,#149);
#88=LINE('',#2404,#150);
#89=LINE('',#2406,#151);
#90=LINE('',#2407,#152);
#91=LINE('',#2412,#153);
#92=LINE('',#2414,#154);
#93=LINE('',#2430,#155);
#94=LINE('',#2431,#156);
#95=LINE('',#2435,#157);
#96=LINE('',#2436,#158);
#97=LINE('',#2457,#159);
#98=LINE('',#2459,#160);
#99=LINE('',#2460,#161);
#100=LINE('',#2463,#162);
#101=LINE('',#2465,#163);
#102=LINE('',#2493,#164);
#103=LINE('',#2564,#165);
#104=LINE('',#2567,#166);
#105=LINE('',#2638,#167);
#106=LINE('',#2641,#168);
#107=LINE('',#2646,#169);
#108=LINE('',#2648,#170);
#109=LINE('',#2650,#171);
#110=LINE('',#2651,#172);
#111=LINE('',#2653,#173);
#112=LINE('',#2655,#174);
#113=LINE('',#2657,#175);
#114=VECTOR('',#1355,0.393700787401575);
#115=VECTOR('',#1356,0.393700787401575);
#116=VECTOR('',#1357,0.393700787401575);
#117=VECTOR('',#1358,0.393700787401575);
#118=VECTOR('',#1359,0.393700787401575);
#119=VECTOR('',#1374,0.393700787401575);
#120=VECTOR('',#1397,0.393700787401575);
#121=VECTOR('',#1400,0.393700787401575);
#122=VECTOR('',#1403,0.433070866141732);
#123=VECTOR('',#1406,0.393700787401575);
#124=VECTOR('',#1409,0.393700787401575);
#125=VECTOR('',#1412,0.393700787401575);
#126=VECTOR('',#1415,0.393700787401575);
#127=VECTOR('',#1422,0.393700787401575);
#128=VECTOR('',#1423,0.393700787401575);
#129=VECTOR('',#1426,0.393700787401575);
#130=VECTOR('',#1427,0.393700787401575);
#131=VECTOR('',#1440,0.393700787401575);
#132=VECTOR('',#1441,0.393700787401575);
#133=VECTOR('',#1444,0.393700787401575);
#134=VECTOR('',#1447,0.393700787401575);
#135=VECTOR('',#1450,0.393700787401575);
#136=VECTOR('',#1451,0.393700787401575);
#137=VECTOR('',#1456,0.393700787401575);
#138=VECTOR('',#1457,0.393700787401575);
#139=VECTOR('',#1466,0.393700787401575);
#140=VECTOR('',#1507,0.393700787401575);
#141=VECTOR('',#1508,0.393700787401575);
#142=VECTOR('',#1527,0.393700787401575);
#143=VECTOR('',#1530,0.393700787401575);
#144=VECTOR('',#1531,0.393700787401575);
#145=VECTOR('',#1572,0.393700787401575);
#146=VECTOR('',#1573,0.393700787401575);
#147=VECTOR('',#1576,0.393700787401575);
#148=VECTOR('',#1579,0.393700787401575);
#149=VECTOR('',#1582,0.393700787401575);
#150=VECTOR('',#1591,0.393700787401575);
#151=VECTOR('',#1594,0.393700787401575);
#152=VECTOR('',#1595,0.393700787401575);
#153=VECTOR('',#1602,0.393700787401575);
#154=VECTOR('',#1603,0.393700787401575);
#155=VECTOR('',#1606,0.393700787401575);
#156=VECTOR('',#1607,0.393700787401575);
#157=VECTOR('',#1614,0.393700787401575);
#158=VECTOR('',#1615,0.393700787401575);
#159=VECTOR('',#1624,0.393700787401575);
#160=VECTOR('',#1627,0.393700787401575);
#161=VECTOR('',#1628,0.393700787401575);
#162=VECTOR('',#1631,0.393700787401575);
#163=VECTOR('',#1632,0.393700787401575);
#164=VECTOR('',#1655,0.0501968503937008);
#165=VECTOR('',#1658,0.0501968503937008);
#166=VECTOR('',#1661,0.0501968503937008);
#167=VECTOR('',#1664,0.0501968503937008);
#168=VECTOR('',#1667,0.158464566929134);
#169=VECTOR('',#1674,0.0570866141732283);
#170=VECTOR('',#1677,0.0393700787401575);
#171=VECTOR('',#1680,0.393700787401575);
#172=VECTOR('',#1681,0.393700787401575);
#173=VECTOR('',#1684,0.393700787401575);
#174=VECTOR('',#1687,0.393700787401575);
#175=VECTOR('',#1690,0.393700787401575);
#176=PLANE('',#1206);
#177=PLANE('',#1216);
#178=PLANE('',#1238);
#179=PLANE('',#1243);
#180=PLANE('',#1324);
#181=PLANE('',#1326);
#182=PLANE('',#1327);
#183=PLANE('',#1328);
#184=PLANE('',#1329);
#185=PLANE('',#1330);
#186=PLANE('',#1341);
#187=PLANE('',#1342);
#188=PLANE('',#1343);
#189=PLANE('',#1346);
#190=FACE_OUTER_BOUND('',#263,.T.);
#191=FACE_OUTER_BOUND('',#264,.T.);
#192=FACE_OUTER_BOUND('',#266,.T.);
#193=FACE_OUTER_BOUND('',#267,.T.);
#194=FACE_OUTER_BOUND('',#272,.T.);
#195=FACE_OUTER_BOUND('',#274,.T.);
#196=FACE_OUTER_BOUND('',#275,.T.);
#197=FACE_OUTER_BOUND('',#276,.T.);
#198=FACE_OUTER_BOUND('',#277,.T.);
#199=FACE_OUTER_BOUND('',#278,.T.);
#200=FACE_OUTER_BOUND('',#279,.T.);
#201=FACE_OUTER_BOUND('',#280,.T.);
#202=FACE_OUTER_BOUND('',#281,.T.);
#203=FACE_OUTER_BOUND('',#282,.T.);
#204=FACE_OUTER_BOUND('',#283,.T.);
#205=FACE_OUTER_BOUND('',#285,.T.);
#206=FACE_OUTER_BOUND('',#286,.T.);
#207=FACE_OUTER_BOUND('',#287,.T.);
#208=FACE_OUTER_BOUND('',#288,.T.);
#209=FACE_OUTER_BOUND('',#289,.T.);
#210=FACE_OUTER_BOUND('',#290,.T.);
#211=FACE_OUTER_BOUND('',#291,.T.);
#212=FACE_OUTER_BOUND('',#292,.T.);
#213=FACE_OUTER_BOUND('',#293,.T.);
#214=FACE_OUTER_BOUND('',#294,.T.);
#215=FACE_OUTER_BOUND('',#295,.T.);
#216=FACE_OUTER_BOUND('',#296,.T.);
#217=FACE_OUTER_BOUND('',#297,.T.);
#218=FACE_OUTER_BOUND('',#298,.T.);
#219=FACE_OUTER_BOUND('',#299,.T.);
#220=FACE_OUTER_BOUND('',#300,.T.);
#221=FACE_OUTER_BOUND('',#301,.T.);
#222=FACE_OUTER_BOUND('',#302,.T.);
#223=FACE_OUTER_BOUND('',#303,.T.);
#224=FACE_OUTER_BOUND('',#304,.T.);
#225=FACE_OUTER_BOUND('',#305,.T.);
#226=FACE_OUTER_BOUND('',#306,.T.);
#227=FACE_OUTER_BOUND('',#307,.T.);
#228=FACE_OUTER_BOUND('',#308,.T.);
#229=FACE_OUTER_BOUND('',#309,.T.);
#230=FACE_OUTER_BOUND('',#310,.T.);
#231=FACE_OUTER_BOUND('',#311,.T.);
#232=FACE_OUTER_BOUND('',#312,.T.);
#233=FACE_OUTER_BOUND('',#313,.T.);
#234=FACE_OUTER_BOUND('',#314,.T.);
#235=FACE_OUTER_BOUND('',#315,.T.);
#236=FACE_OUTER_BOUND('',#316,.T.);
#237=FACE_OUTER_BOUND('',#317,.T.);
#238=FACE_OUTER_BOUND('',#318,.T.);
#239=FACE_OUTER_BOUND('',#319,.T.);
#240=FACE_OUTER_BOUND('',#320,.T.);
#241=FACE_OUTER_BOUND('',#321,.T.);
#242=FACE_OUTER_BOUND('',#322,.T.);
#243=FACE_OUTER_BOUND('',#323,.T.);
#244=FACE_OUTER_BOUND('',#325,.T.);
#245=FACE_OUTER_BOUND('',#326,.T.);
#246=FACE_OUTER_BOUND('',#327,.T.);
#247=FACE_OUTER_BOUND('',#328,.T.);
#248=FACE_OUTER_BOUND('',#329,.T.);
#249=FACE_OUTER_BOUND('',#330,.T.);
#250=FACE_OUTER_BOUND('',#331,.T.);
#251=FACE_OUTER_BOUND('',#332,.T.);
#252=FACE_OUTER_BOUND('',#333,.T.);
#253=FACE_OUTER_BOUND('',#334,.T.);
#254=FACE_OUTER_BOUND('',#339,.T.);
#255=FACE_OUTER_BOUND('',#340,.T.);
#256=FACE_OUTER_BOUND('',#341,.T.);
#257=FACE_OUTER_BOUND('',#342,.T.);
#258=FACE_OUTER_BOUND('',#343,.T.);
#259=FACE_OUTER_BOUND('',#344,.T.);
#260=FACE_OUTER_BOUND('',#346,.T.);
#261=FACE_OUTER_BOUND('',#347,.T.);
#262=FACE_OUTER_BOUND('',#348,.T.);
#263=EDGE_LOOP('',(#736,#737));
#264=EDGE_LOOP('',(#738,#739,#740,#741,#742,#743));
#265=EDGE_LOOP('',(#744));
#266=EDGE_LOOP('',(#745,#746,#747,#748,#749));
#267=EDGE_LOOP('',(#750,#751,#752,#753,#754,#755));
#268=EDGE_LOOP('',(#756));
#269=EDGE_LOOP('',(#757,#758));
#270=EDGE_LOOP('',(#759));
#271=EDGE_LOOP('',(#760,#761));
#272=EDGE_LOOP('',(#762));
#273=EDGE_LOOP('',(#763));
#274=EDGE_LOOP('',(#764,#765,#766,#767,#768));
#275=EDGE_LOOP('',(#769,#770,#771,#772,#773,#774,#775,#776,#777,#778,#779,
#780,#781,#782,#783,#784,#785,#786,#787,#788,#789,#790,#791));
#276=EDGE_LOOP('',(#792,#793,#794,#795,#796));
#277=EDGE_LOOP('',(#797,#798,#799,#800));
#278=EDGE_LOOP('',(#801,#802,#803,#804));
#279=EDGE_LOOP('',(#805,#806,#807,#808));
#280=EDGE_LOOP('',(#809,#810,#811,#812,#813,#814,#815,#816));
#281=EDGE_LOOP('',(#817,#818,#819,#820));
#282=EDGE_LOOP('',(#821,#822,#823,#824));
#283=EDGE_LOOP('',(#825,#826,#827,#828,#829));
#284=EDGE_LOOP('',(#830));
#285=EDGE_LOOP('',(#831,#832,#833,#834));
#286=EDGE_LOOP('',(#835,#836,#837,#838));
#287=EDGE_LOOP('',(#839,#840,#841,#842));
#288=EDGE_LOOP('',(#843,#844,#845,#846));
#289=EDGE_LOOP('',(#847,#848,#849));
#290=EDGE_LOOP('',(#850,#851,#852));
#291=EDGE_LOOP('',(#853,#854,#855,#856,#857));
#292=EDGE_LOOP('',(#858,#859,#860,#861));
#293=EDGE_LOOP('',(#862,#863,#864,#865));
#294=EDGE_LOOP('',(#866,#867,#868,#869));
#295=EDGE_LOOP('',(#870,#871,#872,#873));
#296=EDGE_LOOP('',(#874,#875,#876,#877));
#297=EDGE_LOOP('',(#878,#879,#880));
#298=EDGE_LOOP('',(#881,#882,#883,#884));
#299=EDGE_LOOP('',(#885,#886,#887,#888));
#300=EDGE_LOOP('',(#889,#890,#891));
#301=EDGE_LOOP('',(#892,#893,#894));
#302=EDGE_LOOP('',(#895,#896,#897));
#303=EDGE_LOOP('',(#898,#899,#900,#901,#902));
#304=EDGE_LOOP('',(#903,#904,#905,#906));
#305=EDGE_LOOP('',(#907,#908,#909,#910));
#306=EDGE_LOOP('',(#911,#912,#913,#914));
#307=EDGE_LOOP('',(#915,#916,#917,#918,#919,#920));
#308=EDGE_LOOP('',(#921,#922,#923,#924));
#309=EDGE_LOOP('',(#925,#926,#927,#928,#929));
#310=EDGE_LOOP('',(#930,#931,#932,#933));
#311=EDGE_LOOP('',(#934,#935,#936,#937));
#312=EDGE_LOOP('',(#938,#939,#940,#941));
#313=EDGE_LOOP('',(#942,#943,#944,#945));
#314=EDGE_LOOP('',(#946,#947,#948,#949));
#315=EDGE_LOOP('',(#950,#951,#952,#953));
#316=EDGE_LOOP('',(#954,#955,#956,#957));
#317=EDGE_LOOP('',(#958,#959,#960,#961));
#318=EDGE_LOOP('',(#962,#963,#964,#965));
#319=EDGE_LOOP('',(#966,#967,#968,#969));
#320=EDGE_LOOP('',(#970,#971,#972,#973));
#321=EDGE_LOOP('',(#974,#975,#976,#977));
#322=EDGE_LOOP('',(#978,#979,#980,#981));
#323=EDGE_LOOP('',(#982,#983,#984,#985));
#324=EDGE_LOOP('',(#986));
#325=EDGE_LOOP('',(#987,#988,#989,#990));
#326=EDGE_LOOP('',(#991,#992,#993,#994,#995,#996,#997,#998,#999,#1000,#1001,
#1002,#1003,#1004,#1005,#1006));
#327=EDGE_LOOP('',(#1007,#1008,#1009,#1010));
#328=EDGE_LOOP('',(#1011,#1012,#1013));
#329=EDGE_LOOP('',(#1014,#1015,#1016));
#330=EDGE_LOOP('',(#1017,#1018,#1019,#1020,#1021));
#331=EDGE_LOOP('',(#1022,#1023,#1024,#1025));
#332=EDGE_LOOP('',(#1026,#1027,#1028,#1029,#1030));
#333=EDGE_LOOP('',(#1031,#1032,#1033,#1034));
#334=EDGE_LOOP('',(#1035,#1036,#1037,#1038));
#335=EDGE_LOOP('',(#1039));
#336=EDGE_LOOP('',(#1040));
#337=EDGE_LOOP('',(#1041));
#338=EDGE_LOOP('',(#1042));
#339=EDGE_LOOP('',(#1043,#1044,#1045,#1046));
#340=EDGE_LOOP('',(#1047,#1048,#1049,#1050));
#341=EDGE_LOOP('',(#1051,#1052,#1053,#1054));
#342=EDGE_LOOP('',(#1055,#1056,#1057,#1058));
#343=EDGE_LOOP('',(#1059,#1060,#1061,#1062));
#344=EDGE_LOOP('',(#1063,#1064,#1065,#1066,#1067));
#345=EDGE_LOOP('',(#1068));
#346=EDGE_LOOP('',(#1069,#1070,#1071,#1072,#1073,#1074));
#347=EDGE_LOOP('',(#1075,#1076,#1077,#1078,#1079,#1080));
#348=EDGE_LOOP('',(#1081));
#349=CIRCLE('',#1205,0.108267716535433);
#350=CIRCLE('',#1207,0.0570866141732283);
#351=CIRCLE('',#1209,0.354330708661417);
#352=CIRCLE('',#1210,0.0393700787401575);
#353=CIRCLE('',#1211,0.393700787401575);
#354=CIRCLE('',#1212,0.393700787401575);
#355=CIRCLE('',#1214,0.393700787401575);
#356=CIRCLE('',#1215,0.393700787401575);
#357=CIRCLE('',#1217,0.158464566929134);
#358=CIRCLE('',#1219,0.433070866141732);
#359=CIRCLE('',#1220,0.0196850393700787);
#360=CIRCLE('',#1221,0.413385826771654);
#361=CIRCLE('',#1222,0.433070866141732);
#362=CIRCLE('',#1224,0.433070866141732);
#363=CIRCLE('',#1225,0.433070866141732);
#364=CIRCLE('',#1226,0.433070866141732);
#365=CIRCLE('',#1227,0.433070866141732);
#366=CIRCLE('',#1228,0.433070866141732);
#367=CIRCLE('',#1229,0.433070866141732);
#368=CIRCLE('',#1230,0.433070866141732);
#369=CIRCLE('',#1232,0.0196850393700787);
#370=CIRCLE('',#1236,0.0590551181102362);
#371=CIRCLE('',#1237,0.047244094488189);
#372=CIRCLE('',#1239,0.0501968503937008);
#373=CIRCLE('',#1240,0.0501968503937008);
#374=CIRCLE('',#1244,0.0393700787401575);
#375=CIRCLE('',#1247,0.0698818897637795);
#376=CIRCLE('',#1248,0.0501968503937008);
#377=CIRCLE('',#1250,0.0393700787401575);
#378=CIRCLE('',#1251,0.0393700787401576);
#379=CIRCLE('',#1253,0.0393700787401575);
#380=CIRCLE('',#1254,0.0393700787401575);
#381=CIRCLE('',#1255,0.0393700787401575);
#382=CIRCLE('',#1257,0.0393700787401575);
#383=CIRCLE('',#1258,0.0393700787401573);
#384=CIRCLE('',#1259,0.0393700787401575);
#385=CIRCLE('',#1261,0.393700787401575);
#386=CIRCLE('',#1262,0.0393700787401575);
#387=CIRCLE('',#1263,0.0393700787401575);
#388=CIRCLE('',#1265,0.0393700787401575);
#389=CIRCLE('',#1266,0.0393700787401573);
#390=CIRCLE('',#1267,0.0787401574803148);
#391=CIRCLE('',#1268,0.0393700787401575);
#392=CIRCLE('',#1270,0.0393700787401575);
#393=CIRCLE('',#1271,0.0393700787401575);
#394=CIRCLE('',#1272,0.0393700787401575);
#395=CIRCLE('',#1273,0.0393700787401576);
#396=CIRCLE('',#1275,0.0393700787401575);
#397=CIRCLE('',#1276,0.0393700787401575);
#398=CIRCLE('',#1277,0.0393700787401573);
#399=CIRCLE('',#1281,0.0393700787401577);
#400=CIRCLE('',#1282,0.0393700787401575);
#401=CIRCLE('',#1283,0.0393700787401575);
#402=CIRCLE('',#1285,0.0393700787401575);
#403=CIRCLE('',#1286,0.0393700787401573);
#404=CIRCLE('',#1287,0.0393700787401575);
#405=CIRCLE('',#1289,0.0393700787401575);
#406=CIRCLE('',#1290,0.0393700787401573);
#407=CIRCLE('',#1291,0.0393700787401575);
#408=CIRCLE('',#1293,0.393700787401575);
#409=CIRCLE('',#1295,0.0393700787401573);
#410=CIRCLE('',#1296,0.0393700787401573);
#411=CIRCLE('',#1297,0.0787401574803148);
#412=CIRCLE('',#1298,0.0393700787401575);
#413=CIRCLE('',#1304,0.393700787401575);
#414=CIRCLE('',#1309,0.393700787401575);
#415=CIRCLE('',#1313,0.393700787401575);
#416=CIRCLE('',#1316,0.0501968503937008);
#417=CIRCLE('',#1317,0.0698818897637795);
#418=CIRCLE('',#1322,0.0590551181102362);
#419=CIRCLE('',#1323,0.078740157480315);
#420=CIRCLE('',#1325,0.0393700787401575);
#421=CIRCLE('',#1336,0.158464566929134);
#422=CIRCLE('',#1338,0.0570866141732283);
#423=B_SPLINE_CURVE_WITH_KNOTS('',3,(#1701,#1702,#1703,#1704,#1705,#1706,
#1707,#1708,#1709,#1710),.UNSPECIFIED.,.F.,.F.,(4,2,2,2,4),(0.815652449329403,
0.851039828751238,0.927569222332318,1.0040986159134,1.03948599533523),
 .UNSPECIFIED.);
#424=B_SPLINE_CURVE_WITH_KNOTS('',3,(#1739,#1740,#1741,#1742,#1743,#1744,
#1745,#1746,#1747,#1748,#1749,#1750,#1751,#1752,#1753,#1754,#1755,#1756,
#1757,#1758,#1759,#1760,#1761,#1762,#1763,#1764,#1765,#1766,#1767,#1768,
#1769,#1770,#1771,#1772),.UNSPECIFIED.,.T.,.F.,(4,2,2,2,2,2,2,2,2,2,2,2,
2,2,2,2,4),(0.,0.0480840042628058,0.0961680085256115,0.14425157771858,0.192335146911549,
0.240418716104519,0.288502285297488,0.336586289560293,0.384670293823099,
0.432754298085905,0.480838302348711,0.528921871541679,0.577005440734649,
0.625089009927618,0.673172579120587,0.721256583383392,0.769340587646198),
 .UNSPECIFIED.);
#425=B_SPLINE_CURVE_WITH_KNOTS('',3,(#1775,#1776,#1777,#1778,#1779,#1780,
#1781,#1782,#1783,#1784,#1785,#1786,#1787,#1788,#1789,#1790,#1791,#1792),
 .UNSPECIFIED.,.F.,.F.,(4,2,2,2,2,2,2,2,4),(0.384670293823099,0.432754298085905,
0.480838302348711,0.528921871541679,0.577005440734649,0.625089009927618,
0.673172579120586,0.721256583383392,0.769340587646198),.UNSPECIFIED.);
#426=B_SPLINE_CURVE_WITH_KNOTS('',3,(#1793,#1794,#1795,#1796,#1797,#1798,
#1799,#1800,#1801,#1802,#1803,#1804,#1805,#1806,#1807,#1808,#1809,#1810),
 .UNSPECIFIED.,.F.,.F.,(4,2,2,2,2,2,2,2,4),(0.769340587646198,0.817424591909004,
0.86550859617181,0.913592165364778,0.961675734557748,1.00975930375072,1.05784287294369,
1.10592687720649,1.1540108814693),.UNSPECIFIED.);
#427=B_SPLINE_CURVE_WITH_KNOTS('',3,(#1812,#1813,#1814,#1815,#1816,#1817,
#1818,#1819,#1820,#1821,#1822,#1823,#1824,#1825,#1826,#1827,#1828,#1829,
#1830,#1831,#1832,#1833,#1834,#1835,#1836,#1837,#1838,#1839,#1840,#1841,
#1842,#1843,#1844,#1845),.UNSPECIFIED.,.T.,.F.,(4,2,2,2,2,2,2,2,2,2,2,2,
2,2,2,2,4),(0.,0.0480840042628058,0.0961680085256116,0.144251577718581,
0.19233514691155,0.240418716104519,0.288502285297488,0.336586289560293,
0.384670293823099,0.432754298085905,0.480838302348711,0.52892187154168,
0.577005440734649,0.625089009927618,0.673172579120587,0.721256583383393,
0.769340587646198),.UNSPECIFIED.);
#428=B_SPLINE_CURVE_WITH_KNOTS('',3,(#1848,#1849,#1850,#1851,#1852,#1853,
#1854,#1855,#1856,#1857,#1858,#1859,#1860,#1861,#1862,#1863,#1864,#1865),
 .UNSPECIFIED.,.F.,.F.,(4,2,2,2,2,2,2,2,4),(0.384670293823099,0.432754298085905,
0.480838302348711,0.52892187154168,0.577005440734649,0.625089009927618,
0.673172579120587,0.721256583383393,0.769340587646198),.UNSPECIFIED.);
#429=B_SPLINE_CURVE_WITH_KNOTS('',3,(#1866,#1867,#1868,#1869,#1870,#1871,
#1872,#1873,#1874,#1875,#1876,#1877,#1878,#1879,#1880,#1881,#1882,#1883),
 .UNSPECIFIED.,.F.,.F.,(4,2,2,2,2,2,2,2,4),(0.769340587646198,0.817424591909004,
0.86550859617181,0.913592165364779,0.961675734557748,1.00975930375072,1.05784287294369,
1.10592687720649,1.1540108814693),.UNSPECIFIED.);
#430=B_SPLINE_CURVE_WITH_KNOTS('',3,(#1902,#1903,#1904,#1905,#1906),
 .UNSPECIFIED.,.F.,.F.,(4,1,4),(-0.335279890042621,-0.143691381446837,0.),
 .UNSPECIFIED.);
#431=B_SPLINE_CURVE_WITH_KNOTS('',3,(#1910,#1911,#1912,#1913,#1914,#1915),
 .UNSPECIFIED.,.F.,.F.,(4,1,1,4),(-0.322953853612475,-0.230681324008911,
-0.138408794405347,-2.46193014413551E-16),.UNSPECIFIED.);
#432=B_SPLINE_CURVE_WITH_KNOTS('',3,(#1926,#1927,#1928,#1929,#1930,#1931),
 .UNSPECIFIED.,.F.,.F.,(4,1,1,4),(-0.32294869037004,-0.2306776359786,-0.13840658158716,
-3.30800910145401E-19),.UNSPECIFIED.);
#433=B_SPLINE_CURVE_WITH_KNOTS('',3,(#1935,#1936,#1937,#1938,#1939,#1940),
 .UNSPECIFIED.,.F.,.F.,(4,1,1,4),(-0.335285187701052,-0.239489419786466,
-0.143693651871879,0.),.UNSPECIFIED.);
#434=B_SPLINE_CURVE_WITH_KNOTS('',3,(#1948,#1949,#1950,#1951,#1952,#1953,
#1954,#1955,#1956,#1957),.UNSPECIFIED.,.F.,.F.,(4,2,2,2,4),(-0.0452133363847909,
-0.0339079898863371,-0.0226026433878834,-0.0113013216939417,0.),
 .UNSPECIFIED.);
#435=B_SPLINE_CURVE_WITH_KNOTS('',3,(#1961,#1962,#1963,#1964,#1965,#1966,
#1967,#1968,#1969,#1970),.UNSPECIFIED.,.F.,.F.,(4,2,2,2,4),(0.,0.0113013216939417,
0.0226026433878834,0.0339079898863371,0.0452133363847909),.UNSPECIFIED.);
#436=B_SPLINE_CURVE_WITH_KNOTS('',3,(#1979,#1980,#1981,#1982,#1983,#1984,
#1985,#1986,#1987,#1988),.UNSPECIFIED.,.F.,.F.,(4,2,2,2,4),(0.0453044282072454,
0.0569799574818747,0.068655486756504,0.0800224969783565,0.091389507200209),
 .UNSPECIFIED.);
#437=B_SPLINE_CURVE_WITH_KNOTS('',3,(#1991,#1992,#1993,#1994,#1995,#1996,
#1997,#1998,#1999,#2000,#2001,#2002,#2003,#2004),.UNSPECIFIED.,.F.,.F.,
(4,2,2,2,2,2,4),(-0.053592439821403,-0.0438541759600346,-0.0332730877425968,
-0.0205830037603298,-0.0104983005505904,0.,0.000313960381210916),
 .UNSPECIFIED.);
#438=B_SPLINE_CURVE_WITH_KNOTS('',3,(#2010,#2011,#2012,#2013,#2014,#2015,
#2016,#2017,#2018,#2019),.UNSPECIFIED.,.F.,.F.,(4,2,2,2,4),(0.0913895072002093,
0.102756517422062,0.114123527643914,0.125799056918544,0.137474586193173),
 .UNSPECIFIED.);
#439=B_SPLINE_CURVE_WITH_KNOTS('',3,(#2022,#2023,#2024,#2025,#2026,#2027,
#2028,#2029,#2030,#2031,#2032,#2033,#2034,#2035),.UNSPECIFIED.,.F.,.F.,
(4,2,2,2,2,2,4),(-0.0535097282413007,-0.0531980781475484,-0.042777029675631,
-0.03276653507538,-0.0201698314799256,-0.00966660453685011,0.),
 .UNSPECIFIED.);
#440=B_SPLINE_CURVE_WITH_KNOTS('',3,(#2048,#2049,#2050,#2051,#2052,#2053,
#2054,#2055,#2056,#2057),.UNSPECIFIED.,.F.,.F.,(4,2,2,2,4),(0.0913895072002093,
0.102756517422062,0.114123527643914,0.125799056918544,0.137474586193173),
 .UNSPECIFIED.);
#441=B_SPLINE_CURVE_WITH_KNOTS('',3,(#2061,#2062,#2063,#2064,#2065,#2066,
#2067,#2068,#2069,#2070),.UNSPECIFIED.,.F.,.F.,(4,2,2,2,4),(0.0453044282072454,
0.0569799574818747,0.068655486756504,0.0800224969783565,0.091389507200209),
 .UNSPECIFIED.);
#442=B_SPLINE_CURVE_WITH_KNOTS('',3,(#2077,#2078,#2079,#2080,#2081,#2082),
 .UNSPECIFIED.,.F.,.F.,(4,2,4),(0.,0.0370110857363954,0.0495261647574834),
 .UNSPECIFIED.);
#443=B_SPLINE_CURVE_WITH_KNOTS('',3,(#2090,#2091,#2092,#2093,#2094,#2095,
#2096,#2097,#2098,#2099,#2100,#2101,#2102,#2103),.UNSPECIFIED.,.F.,.F.,
(4,2,2,2,2,2,4),(-0.0847128550498326,-0.0843548362702824,-0.0699068081823984,
-0.0555414844678742,-0.0343601313167246,-0.0164443303485758,0.),
 .UNSPECIFIED.);
#444=B_SPLINE_CURVE_WITH_KNOTS('',3,(#2106,#2107,#2108,#2109,#2110,#2111,
#2112,#2113,#2114,#2115,#2116,#2117,#2118,#2119),.UNSPECIFIED.,.F.,.F.,
(4,2,2,2,2,2,4),(-0.000364904359587866,0.,0.0152533442376124,0.0303921161635837,
0.0517920427801646,0.0695708210543406,0.0857628714101419),.UNSPECIFIED.);
#445=B_SPLINE_CURVE_WITH_KNOTS('',3,(#2123,#2124,#2125,#2126,#2127,#2128,
#2129,#2130,#2131,#2132,#2133,#2134,#2135,#2136),.UNSPECIFIED.,.F.,.F.,
(4,2,2,2,2,2,4),(-0.000359623293135174,0.,0.014512779040945,0.0289424830568476,
0.0502187635431938,0.0682148567963391,0.0847328848188987),.UNSPECIFIED.);
#446=B_SPLINE_CURVE_WITH_KNOTS('',3,(#2141,#2142,#2143,#2144,#2145,#2146,
#2147,#2148,#2149,#2150,#2151,#2152),.UNSPECIFIED.,.F.,.F.,(4,2,2,2,2,4),
(-0.107808619337226,-0.107323086529725,-0.0776628363745103,-0.0495780746096563,
-0.0215866257601491,0.),.UNSPECIFIED.);
#447=B_SPLINE_CURVE_WITH_KNOTS('',3,(#2181,#2182,#2183,#2184,#2185),
 .UNSPECIFIED.,.F.,.F.,(4,1,4),(0.,0.143691381446837,0.335279890042621),
 .UNSPECIFIED.);
#448=B_SPLINE_CURVE_WITH_KNOTS('',3,(#2234,#2235,#2236,#2237,#2238,#2239),
 .UNSPECIFIED.,.F.,.F.,(4,1,1,4),(2.46193014413551E-16,0.138408794405347,
0.230681324008911,0.322953853612475),.UNSPECIFIED.);
#449=B_SPLINE_CURVE_WITH_KNOTS('',3,(#2285,#2286,#2287,#2288,#2289,#2290),
 .UNSPECIFIED.,.F.,.F.,(4,1,1,4),(0.,0.143693651871879,0.239489419786466,
0.335285187701052),.UNSPECIFIED.);
#450=B_SPLINE_CURVE_WITH_KNOTS('',3,(#2326,#2327,#2328,#2329,#2330,#2331),
 .UNSPECIFIED.,.F.,.F.,(4,1,1,4),(3.30800910145401E-19,0.13840658158716,
0.2306776359786,0.32294869037004),.UNSPECIFIED.);
#451=B_SPLINE_CURVE_WITH_KNOTS('',3,(#2384,#2385,#2386,#2387,#2388,#2389,
#2390,#2391,#2392,#2393,#2394,#2395),.UNSPECIFIED.,.F.,.F.,(4,2,2,2,2,4),
(-0.000573936286241207,0.,0.035060646002882,0.0682589462460033,0.101346943606463,
0.126863958463923),.UNSPECIFIED.);
#452=B_SPLINE_CURVE_WITH_KNOTS('',3,(#2396,#2397,#2398,#2399,#2400,#2401),
 .UNSPECIFIED.,.F.,.F.,(4,2,4),(0.543232685611366,0.555747764632205,0.5927588503686),
 .UNSPECIFIED.);
#453=B_SPLINE_CURVE_WITH_KNOTS('',3,(#2415,#2416,#2417,#2418,#2419,#2420,
#2421,#2422,#2423,#2424,#2425,#2426,#2427,#2428),.UNSPECIFIED.,.F.,.F.,
(4,2,2,2,2,2,4),(-0.0847128549934966,-0.0843548362102871,-0.0699068081824837,
-0.0555414844678717,-0.0343601313167237,-0.0164443303485758,0.),
 .UNSPECIFIED.);
#454=B_SPLINE_CURVE_WITH_KNOTS('',3,(#2442,#2443,#2444,#2445,#2446,#2447,
#2448,#2449,#2450,#2451,#2452,#2453,#2454,#2455),.UNSPECIFIED.,.F.,.F.,
(4,2,2,2,2,2,4),(-0.00035962329985063,0.,0.0145127791038616,0.0289424832423307,
0.05021876390928,0.0682148573151837,0.0847328854779578),.UNSPECIFIED.);
#455=B_SPLINE_CURVE_WITH_KNOTS('',3,(#2466,#2467,#2468,#2469,#2470,#2471,
#2472,#2473,#2474,#2475,#2476,#2477,#2478,#2479),.UNSPECIFIED.,.F.,.F.,
(4,2,2,2,2,2,4),(-0.085693281012615,-0.0853302175076008,-0.070153822921928,
-0.0550914225975576,-0.0337994536594311,-0.0161103652081422,0.),
 .UNSPECIFIED.);
#456=B_SPLINE_CURVE_WITH_KNOTS('',3,(#2494,#2495,#2496,#2497,#2498,#2499,
#2500,#2501,#2502,#2503,#2504,#2505,#2506,#2507,#2508,#2509,#2510,#2511,
#2512,#2513,#2514,#2515,#2516,#2517,#2518,#2519,#2520,#2521,#2522,#2523,
#2524,#2525,#2526,#2527),.UNSPECIFIED.,.T.,.F.,(4,2,2,2,2,2,2,2,2,2,2,2,
2,2,2,2,4),(0.,0.0483987868759806,0.0967975737519612,0.145178251199077,
0.193558928646194,0.24193960609331,0.290320283540426,0.338719070416407,
0.387117857292387,0.435516644168368,0.483915431044349,0.532296108491465,
0.580676785938581,0.629057463385697,0.677438140832814,0.725836927708794,
0.774235714584775),.UNSPECIFIED.);
#457=B_SPLINE_CURVE_WITH_KNOTS('',3,(#2530,#2531,#2532,#2533,#2534,#2535,
#2536,#2537,#2538,#2539,#2540,#2541,#2542,#2543,#2544,#2545,#2546,#2547,
#2548,#2549,#2550,#2551,#2552,#2553,#2554,#2555,#2556,#2557,#2558,#2559,
#2560,#2561,#2562,#2563),.UNSPECIFIED.,.T.,.F.,(4,2,2,2,2,2,2,2,2,2,2,2,
2,2,2,2,4),(0.,0.0483987868759806,0.0967975737519612,0.145178251199077,
0.193558928646194,0.24193960609331,0.290320283540426,0.338719070416407,
0.387117857292387,0.435516644168368,0.483915431044349,0.532296108491465,
0.580676785938581,0.629057463385697,0.677438140832814,0.725836927708794,
0.774235714584775),.UNSPECIFIED.);
#458=B_SPLINE_CURVE_WITH_KNOTS('',3,(#2568,#2569,#2570,#2571,#2572,#2573,
#2574,#2575,#2576,#2577,#2578,#2579,#2580,#2581,#2582,#2583,#2584,#2585,
#2586,#2587,#2588,#2589,#2590,#2591,#2592,#2593,#2594,#2595,#2596,#2597,
#2598,#2599,#2600,#2601),.UNSPECIFIED.,.T.,.F.,(4,2,2,2,2,2,2,2,2,2,2,2,
2,2,2,2,4),(0.,0.0483987868759807,0.0967975737519613,0.145178251199078,
0.193558928646194,0.24193960609331,0.290320283540426,0.338719070416407,
0.387117857292388,0.435516644168368,0.483915431044349,0.532296108491465,
0.580676785938581,0.629057463385698,0.677438140832814,0.725836927708795,
0.774235714584775),.UNSPECIFIED.);
#459=B_SPLINE_CURVE_WITH_KNOTS('',3,(#2604,#2605,#2606,#2607,#2608,#2609,
#2610,#2611,#2612,#2613,#2614,#2615,#2616,#2617,#2618,#2619,#2620,#2621,
#2622,#2623,#2624,#2625,#2626,#2627,#2628,#2629,#2630,#2631,#2632,#2633,
#2634,#2635,#2636,#2637),.UNSPECIFIED.,.T.,.F.,(4,2,2,2,2,2,2,2,2,2,2,2,
2,2,2,2,4),(0.,0.0483987868759807,0.0967975737519613,0.145178251199078,
0.193558928646194,0.24193960609331,0.290320283540426,0.338719070416407,
0.387117857292387,0.435516644168368,0.483915431044349,0.532296108491465,
0.580676785938581,0.629057463385697,0.677438140832814,0.725836927708794,
0.774235714584775),.UNSPECIFIED.);
#460=VERTEX_POINT('',#1699);
#461=VERTEX_POINT('',#1700);
#462=VERTEX_POINT('',#1713);
#463=VERTEX_POINT('',#1715);
#464=VERTEX_POINT('',#1717);
#465=VERTEX_POINT('',#1719);
#466=VERTEX_POINT('',#1722);
#467=VERTEX_POINT('',#1725);
#468=VERTEX_POINT('',#1727);
#469=VERTEX_POINT('',#1729);
#470=VERTEX_POINT('',#1733);
#471=VERTEX_POINT('',#1735);
#472=VERTEX_POINT('',#1738);
#473=VERTEX_POINT('',#1773);
#474=VERTEX_POINT('',#1774);
#475=VERTEX_POINT('',#1811);
#476=VERTEX_POINT('',#1846);
#477=VERTEX_POINT('',#1847);
#478=VERTEX_POINT('',#1885);
#479=VERTEX_POINT('',#1888);
#480=VERTEX_POINT('',#1889);
#481=VERTEX_POINT('',#1891);
#482=VERTEX_POINT('',#1896);
#483=VERTEX_POINT('',#1897);
#484=VERTEX_POINT('',#1899);
#485=VERTEX_POINT('',#1901);
#486=VERTEX_POINT('',#1907);
#487=VERTEX_POINT('',#1909);
#488=VERTEX_POINT('',#1916);
#489=VERTEX_POINT('',#1918);
#490=VERTEX_POINT('',#1921);
#491=VERTEX_POINT('',#1923);
#492=VERTEX_POINT('',#1925);
#493=VERTEX_POINT('',#1932);
#494=VERTEX_POINT('',#1934);
#495=VERTEX_POINT('',#1941);
#496=VERTEX_POINT('',#1943);
#497=VERTEX_POINT('',#1945);
#498=VERTEX_POINT('',#1947);
#499=VERTEX_POINT('',#1958);
#500=VERTEX_POINT('',#1960);
#501=VERTEX_POINT('',#1975);
#502=VERTEX_POINT('',#1976);
#503=VERTEX_POINT('',#1978);
#504=VERTEX_POINT('',#1989);
#505=VERTEX_POINT('',#2006);
#506=VERTEX_POINT('',#2007);
#507=VERTEX_POINT('',#2009);
#508=VERTEX_POINT('',#2020);
#509=VERTEX_POINT('',#2040);
#510=VERTEX_POINT('',#2042);
#511=VERTEX_POINT('',#2047);
#512=VERTEX_POINT('',#2060);
#513=VERTEX_POINT('',#2073);
#514=VERTEX_POINT('',#2075);
#515=VERTEX_POINT('',#2083);
#516=VERTEX_POINT('',#2086);
#517=VERTEX_POINT('',#2087);
#518=VERTEX_POINT('',#2089);
#519=VERTEX_POINT('',#2104);
#520=VERTEX_POINT('',#2121);
#521=VERTEX_POINT('',#2139);
#522=VERTEX_POINT('',#2178);
#523=VERTEX_POINT('',#2180);
#524=VERTEX_POINT('',#2188);
#525=VERTEX_POINT('',#2189);
#526=VERTEX_POINT('',#2191);
#527=VERTEX_POINT('',#2195);
#528=VERTEX_POINT('',#2197);
#529=VERTEX_POINT('',#2232);
#530=VERTEX_POINT('',#2233);
#531=VERTEX_POINT('',#2243);
#532=VERTEX_POINT('',#2244);
#533=VERTEX_POINT('',#2246);
#534=VERTEX_POINT('',#2248);
#535=VERTEX_POINT('',#2284);
#536=VERTEX_POINT('',#2323);
#537=VERTEX_POINT('',#2325);
#538=VERTEX_POINT('',#2334);
#539=VERTEX_POINT('',#2336);
#540=VERTEX_POINT('',#2345);
#541=VERTEX_POINT('',#2346);
#542=VERTEX_POINT('',#2352);
#543=VERTEX_POINT('',#2356);
#544=VERTEX_POINT('',#2358);
#545=VERTEX_POINT('',#2364);
#546=VERTEX_POINT('',#2366);
#547=VERTEX_POINT('',#2368);
#548=VERTEX_POINT('',#2381);
#549=VERTEX_POINT('',#2383);
#550=VERTEX_POINT('',#2411);
#551=VERTEX_POINT('',#2413);
#552=VERTEX_POINT('',#2438);
#553=VERTEX_POINT('',#2440);
#554=VERTEX_POINT('',#2462);
#555=VERTEX_POINT('',#2464);
#556=VERTEX_POINT('',#2484);
#557=VERTEX_POINT('',#2492);
#558=VERTEX_POINT('',#2529);
#559=VERTEX_POINT('',#2566);
#560=VERTEX_POINT('',#2603);
#561=VERTEX_POINT('',#2640);
#562=VERTEX_POINT('',#2644);
#563=EDGE_CURVE('',#460,#461,#423,.T.);
#564=EDGE_CURVE('',#460,#461,#349,.T.);
#565=EDGE_CURVE('',#462,#460,#52,.T.);
#566=EDGE_CURVE('',#463,#462,#53,.T.);
#567=EDGE_CURVE('',#464,#463,#54,.T.);
#568=EDGE_CURVE('',#465,#464,#55,.T.);
#569=EDGE_CURVE('',#461,#465,#56,.T.);
#570=EDGE_CURVE('',#466,#466,#350,.T.);
#571=EDGE_CURVE('',#467,#467,#351,.T.);
#572=EDGE_CURVE('',#467,#468,#352,.T.);
#573=EDGE_CURVE('',#468,#469,#353,.T.);
#574=EDGE_CURVE('',#469,#468,#354,.T.);
#575=EDGE_CURVE('',#469,#470,#57,.T.);
#576=EDGE_CURVE('',#471,#470,#355,.T.);
#577=EDGE_CURVE('',#470,#471,#356,.T.);
#578=EDGE_CURVE('',#472,#472,#424,.T.);
#579=EDGE_CURVE('',#473,#474,#425,.T.);
#580=EDGE_CURVE('',#474,#473,#426,.T.);
#581=EDGE_CURVE('',#475,#475,#427,.T.);
#582=EDGE_CURVE('',#476,#477,#428,.T.);
#583=EDGE_CURVE('',#477,#476,#429,.T.);
#584=EDGE_CURVE('',#478,#478,#357,.T.);
#585=EDGE_CURVE('',#479,#480,#358,.T.);
#586=EDGE_CURVE('',#480,#481,#359,.T.);
#587=EDGE_CURVE('',#481,#481,#360,.T.);
#588=EDGE_CURVE('',#480,#479,#361,.T.);
#589=EDGE_CURVE('',#482,#483,#362,.T.);
#590=EDGE_CURVE('',#484,#482,#58,.T.);
#591=EDGE_CURVE('',#485,#484,#430,.T.);
#592=EDGE_CURVE('',#486,#485,#363,.T.);
#593=EDGE_CURVE('',#487,#486,#431,.T.);
#594=EDGE_CURVE('',#488,#487,#59,.T.);
#595=EDGE_CURVE('',#489,#488,#364,.T.);
#596=EDGE_CURVE('',#489,#479,#60,.T.);
#597=EDGE_CURVE('',#490,#489,#365,.T.);
#598=EDGE_CURVE('',#491,#490,#61,.T.);
#599=EDGE_CURVE('',#492,#491,#432,.T.);
#600=EDGE_CURVE('',#493,#492,#366,.T.);
#601=EDGE_CURVE('',#494,#493,#433,.T.);
#602=EDGE_CURVE('',#495,#494,#62,.T.);
#603=EDGE_CURVE('',#496,#495,#367,.T.);
#604=EDGE_CURVE('',#496,#497,#63,.T.);
#605=EDGE_CURVE('',#498,#497,#434,.T.);
#606=EDGE_CURVE('',#498,#499,#368,.T.);
#607=EDGE_CURVE('',#500,#499,#435,.T.);
#608=EDGE_CURVE('',#500,#483,#64,.T.);
#609=EDGE_CURVE('',#471,#481,#369,.T.);
#610=EDGE_CURVE('',#501,#502,#65,.T.);
#611=EDGE_CURVE('',#502,#503,#436,.T.);
#612=EDGE_CURVE('',#503,#504,#66,.T.);
#613=EDGE_CURVE('',#504,#501,#437,.T.);
#614=EDGE_CURVE('',#505,#506,#67,.T.);
#615=EDGE_CURVE('',#506,#507,#438,.T.);
#616=EDGE_CURVE('',#507,#508,#68,.T.);
#617=EDGE_CURVE('',#508,#505,#439,.T.);
#618=EDGE_CURVE('',#504,#505,#370,.T.);
#619=EDGE_CURVE('',#508,#501,#371,.T.);
#620=EDGE_CURVE('',#502,#509,#372,.T.);
#621=EDGE_CURVE('',#510,#507,#373,.T.);
#622=EDGE_CURVE('',#499,#510,#69,.T.);
#623=EDGE_CURVE('',#509,#498,#70,.T.);
#624=EDGE_CURVE('',#511,#509,#440,.T.);
#625=EDGE_CURVE('',#497,#511,#71,.T.);
#626=EDGE_CURVE('',#510,#512,#441,.T.);
#627=EDGE_CURVE('',#512,#500,#72,.T.);
#628=EDGE_CURVE('',#513,#512,#73,.T.);
#629=EDGE_CURVE('',#514,#513,#74,.T.);
#630=EDGE_CURVE('',#483,#514,#442,.T.);
#631=EDGE_CURVE('',#515,#515,#374,.T.);
#632=EDGE_CURVE('',#516,#517,#75,.T.);
#633=EDGE_CURVE('',#517,#518,#443,.T.);
#634=EDGE_CURVE('',#518,#519,#76,.T.);
#635=EDGE_CURVE('',#516,#519,#444,.T.);
#636=EDGE_CURVE('',#517,#520,#375,.T.);
#637=EDGE_CURVE('',#520,#513,#445,.T.);
#638=EDGE_CURVE('',#513,#518,#376,.T.);
#639=EDGE_CURVE('',#520,#521,#77,.T.);
#640=EDGE_CURVE('',#521,#514,#446,.T.);
#641=EDGE_CURVE('',#522,#484,#377,.T.);
#642=EDGE_CURVE('',#523,#522,#447,.F.);
#643=EDGE_CURVE('',#485,#523,#378,.T.);
#644=EDGE_CURVE('',#524,#525,#379,.F.);
#645=EDGE_CURVE('',#526,#524,#380,.F.);
#646=EDGE_CURVE('',#525,#526,#381,.F.);
#647=EDGE_CURVE('',#482,#527,#382,.F.);
#648=EDGE_CURVE('',#528,#482,#383,.F.);
#649=EDGE_CURVE('',#527,#528,#384,.F.);
#650=EDGE_CURVE('',#521,#528,#385,.T.);
#651=EDGE_CURVE('',#529,#530,#448,.F.);
#652=EDGE_CURVE('',#487,#529,#386,.T.);
#653=EDGE_CURVE('',#530,#486,#387,.T.);
#654=EDGE_CURVE('',#531,#532,#388,.F.);
#655=EDGE_CURVE('',#533,#531,#389,.T.);
#656=EDGE_CURVE('',#533,#534,#390,.T.);
#657=EDGE_CURVE('',#532,#534,#391,.T.);
#658=EDGE_CURVE('',#528,#533,#78,.T.);
#659=EDGE_CURVE('',#531,#527,#79,.T.);
#660=EDGE_CURVE('',#464,#535,#449,.F.);
#661=EDGE_CURVE('',#494,#464,#392,.T.);
#662=EDGE_CURVE('',#535,#493,#393,.T.);
#663=EDGE_CURVE('',#536,#491,#394,.T.);
#664=EDGE_CURVE('',#537,#536,#450,.F.);
#665=EDGE_CURVE('',#492,#537,#395,.T.);
#666=EDGE_CURVE('',#488,#538,#396,.F.);
#667=EDGE_CURVE('',#539,#488,#397,.F.);
#668=EDGE_CURVE('',#538,#539,#398,.F.);
#669=EDGE_CURVE('',#529,#539,#80,.T.);
#670=EDGE_CURVE('',#534,#538,#81,.T.);
#671=EDGE_CURVE('',#539,#532,#82,.T.);
#672=EDGE_CURVE('',#540,#541,#399,.F.);
#673=EDGE_CURVE('',#465,#540,#400,.F.);
#674=EDGE_CURVE('',#541,#465,#401,.F.);
#675=EDGE_CURVE('',#463,#495,#402,.F.);
#676=EDGE_CURVE('',#542,#463,#403,.F.);
#677=EDGE_CURVE('',#495,#542,#404,.F.);
#678=EDGE_CURVE('',#490,#543,#405,.F.);
#679=EDGE_CURVE('',#544,#490,#406,.F.);
#680=EDGE_CURVE('',#543,#544,#407,.F.);
#681=EDGE_CURVE('',#538,#544,#408,.T.);
#682=EDGE_CURVE('',#545,#462,#409,.F.);
#683=EDGE_CURVE('',#546,#545,#410,.T.);
#684=EDGE_CURVE('',#546,#547,#411,.T.);
#685=EDGE_CURVE('',#462,#547,#412,.T.);
#686=EDGE_CURVE('',#544,#546,#83,.T.);
#687=EDGE_CURVE('',#545,#543,#84,.T.);
#688=EDGE_CURVE('',#547,#542,#85,.T.);
#689=EDGE_CURVE('',#540,#545,#86,.T.);
#690=EDGE_CURVE('',#543,#536,#87,.T.);
#691=EDGE_CURVE('',#542,#548,#413,.T.);
#692=EDGE_CURVE('',#548,#549,#451,.T.);
#693=EDGE_CURVE('',#549,#496,#452,.T.);
#694=EDGE_CURVE('',#535,#541,#88,.T.);
#695=EDGE_CURVE('',#536,#540,#89,.T.);
#696=EDGE_CURVE('',#541,#537,#90,.T.);
#697=EDGE_CURVE('',#537,#535,#414,.T.);
#698=EDGE_CURVE('',#550,#549,#91,.T.);
#699=EDGE_CURVE('',#548,#551,#92,.T.);
#700=EDGE_CURVE('',#551,#550,#453,.T.);
#701=EDGE_CURVE('',#524,#531,#93,.T.);
#702=EDGE_CURVE('',#532,#526,#94,.T.);
#703=EDGE_CURVE('',#523,#530,#415,.T.);
#704=EDGE_CURVE('',#526,#529,#95,.T.);
#705=EDGE_CURVE('',#530,#525,#96,.T.);
#706=EDGE_CURVE('',#552,#550,#416,.T.);
#707=EDGE_CURVE('',#551,#553,#417,.T.);
#708=EDGE_CURVE('',#553,#552,#454,.T.);
#709=EDGE_CURVE('',#527,#522,#97,.T.);
#710=EDGE_CURVE('',#522,#524,#98,.T.);
#711=EDGE_CURVE('',#525,#523,#99,.T.);
#712=EDGE_CURVE('',#554,#552,#100,.T.);
#713=EDGE_CURVE('',#553,#555,#101,.T.);
#714=EDGE_CURVE('',#555,#554,#455,.T.);
#715=EDGE_CURVE('',#519,#554,#418,.T.);
#716=EDGE_CURVE('',#555,#516,#419,.T.);
#717=EDGE_CURVE('',#556,#556,#420,.T.);
#718=EDGE_CURVE('',#474,#557,#102,.T.);
#719=EDGE_CURVE('',#557,#557,#456,.T.);
#720=EDGE_CURVE('',#558,#558,#457,.T.);
#721=EDGE_CURVE('',#558,#472,#103,.T.);
#722=EDGE_CURVE('',#477,#559,#104,.T.);
#723=EDGE_CURVE('',#559,#559,#458,.T.);
#724=EDGE_CURVE('',#560,#560,#459,.T.);
#725=EDGE_CURVE('',#560,#475,#105,.T.);
#726=EDGE_CURVE('',#478,#561,#106,.T.);
#727=EDGE_CURVE('',#561,#561,#421,.T.);
#728=EDGE_CURVE('',#562,#562,#422,.T.);
#729=EDGE_CURVE('',#562,#466,#107,.T.);
#730=EDGE_CURVE('',#515,#556,#108,.T.);
#731=EDGE_CURVE('',#554,#504,#109,.T.);
#732=EDGE_CURVE('',#505,#519,#110,.T.);
#733=EDGE_CURVE('',#506,#518,#111,.T.);
#734=EDGE_CURVE('',#552,#503,#112,.T.);
#735=EDGE_CURVE('',#511,#550,#113,.T.);
#736=ORIENTED_EDGE('',*,*,#563,.F.);
#737=ORIENTED_EDGE('',*,*,#564,.T.);
#738=ORIENTED_EDGE('',*,*,#565,.F.);
#739=ORIENTED_EDGE('',*,*,#566,.F.);
#740=ORIENTED_EDGE('',*,*,#567,.F.);
#741=ORIENTED_EDGE('',*,*,#568,.F.);
#742=ORIENTED_EDGE('',*,*,#569,.F.);
#743=ORIENTED_EDGE('',*,*,#564,.F.);
#744=ORIENTED_EDGE('',*,*,#570,.T.);
#745=ORIENTED_EDGE('',*,*,#571,.T.);
#746=ORIENTED_EDGE('',*,*,#572,.T.);
#747=ORIENTED_EDGE('',*,*,#573,.T.);
#748=ORIENTED_EDGE('',*,*,#574,.T.);
#749=ORIENTED_EDGE('',*,*,#572,.F.);
#750=ORIENTED_EDGE('',*,*,#574,.F.);
#751=ORIENTED_EDGE('',*,*,#575,.T.);
#752=ORIENTED_EDGE('',*,*,#576,.F.);
#753=ORIENTED_EDGE('',*,*,#577,.F.);
#754=ORIENTED_EDGE('',*,*,#575,.F.);
#755=ORIENTED_EDGE('',*,*,#573,.F.);
#756=ORIENTED_EDGE('',*,*,#578,.T.);
#757=ORIENTED_EDGE('',*,*,#579,.T.);
#758=ORIENTED_EDGE('',*,*,#580,.T.);
#759=ORIENTED_EDGE('',*,*,#581,.T.);
#760=ORIENTED_EDGE('',*,*,#582,.T.);
#761=ORIENTED_EDGE('',*,*,#583,.T.);
#762=ORIENTED_EDGE('',*,*,#571,.F.);
#763=ORIENTED_EDGE('',*,*,#584,.T.);
#764=ORIENTED_EDGE('',*,*,#585,.T.);
#765=ORIENTED_EDGE('',*,*,#586,.T.);
#766=ORIENTED_EDGE('',*,*,#587,.F.);
#767=ORIENTED_EDGE('',*,*,#586,.F.);
#768=ORIENTED_EDGE('',*,*,#588,.T.);
#769=ORIENTED_EDGE('',*,*,#589,.F.);
#770=ORIENTED_EDGE('',*,*,#590,.F.);
#771=ORIENTED_EDGE('',*,*,#591,.F.);
#772=ORIENTED_EDGE('',*,*,#592,.F.);
#773=ORIENTED_EDGE('',*,*,#593,.F.);
#774=ORIENTED_EDGE('',*,*,#594,.F.);
#775=ORIENTED_EDGE('',*,*,#595,.F.);
#776=ORIENTED_EDGE('',*,*,#596,.T.);
#777=ORIENTED_EDGE('',*,*,#588,.F.);
#778=ORIENTED_EDGE('',*,*,#585,.F.);
#779=ORIENTED_EDGE('',*,*,#596,.F.);
#780=ORIENTED_EDGE('',*,*,#597,.F.);
#781=ORIENTED_EDGE('',*,*,#598,.F.);
#782=ORIENTED_EDGE('',*,*,#599,.F.);
#783=ORIENTED_EDGE('',*,*,#600,.F.);
#784=ORIENTED_EDGE('',*,*,#601,.F.);
#785=ORIENTED_EDGE('',*,*,#602,.F.);
#786=ORIENTED_EDGE('',*,*,#603,.F.);
#787=ORIENTED_EDGE('',*,*,#604,.T.);
#788=ORIENTED_EDGE('',*,*,#605,.F.);
#789=ORIENTED_EDGE('',*,*,#606,.T.);
#790=ORIENTED_EDGE('',*,*,#607,.F.);
#791=ORIENTED_EDGE('',*,*,#608,.T.);
#792=ORIENTED_EDGE('',*,*,#577,.T.);
#793=ORIENTED_EDGE('',*,*,#609,.T.);
#794=ORIENTED_EDGE('',*,*,#587,.T.);
#795=ORIENTED_EDGE('',*,*,#609,.F.);
#796=ORIENTED_EDGE('',*,*,#576,.T.);
#797=ORIENTED_EDGE('',*,*,#610,.T.);
#798=ORIENTED_EDGE('',*,*,#611,.T.);
#799=ORIENTED_EDGE('',*,*,#612,.T.);
#800=ORIENTED_EDGE('',*,*,#613,.T.);
#801=ORIENTED_EDGE('',*,*,#614,.T.);
#802=ORIENTED_EDGE('',*,*,#615,.T.);
#803=ORIENTED_EDGE('',*,*,#616,.T.);
#804=ORIENTED_EDGE('',*,*,#617,.T.);
#805=ORIENTED_EDGE('',*,*,#618,.T.);
#806=ORIENTED_EDGE('',*,*,#617,.F.);
#807=ORIENTED_EDGE('',*,*,#619,.T.);
#808=ORIENTED_EDGE('',*,*,#613,.F.);
#809=ORIENTED_EDGE('',*,*,#620,.F.);
#810=ORIENTED_EDGE('',*,*,#610,.F.);
#811=ORIENTED_EDGE('',*,*,#619,.F.);
#812=ORIENTED_EDGE('',*,*,#616,.F.);
#813=ORIENTED_EDGE('',*,*,#621,.F.);
#814=ORIENTED_EDGE('',*,*,#622,.F.);
#815=ORIENTED_EDGE('',*,*,#606,.F.);
#816=ORIENTED_EDGE('',*,*,#623,.F.);
#817=ORIENTED_EDGE('',*,*,#624,.T.);
#818=ORIENTED_EDGE('',*,*,#623,.T.);
#819=ORIENTED_EDGE('',*,*,#605,.T.);
#820=ORIENTED_EDGE('',*,*,#625,.T.);
#821=ORIENTED_EDGE('',*,*,#626,.T.);
#822=ORIENTED_EDGE('',*,*,#627,.T.);
#823=ORIENTED_EDGE('',*,*,#607,.T.);
#824=ORIENTED_EDGE('',*,*,#622,.T.);
#825=ORIENTED_EDGE('',*,*,#627,.F.);
#826=ORIENTED_EDGE('',*,*,#628,.F.);
#827=ORIENTED_EDGE('',*,*,#629,.F.);
#828=ORIENTED_EDGE('',*,*,#630,.F.);
#829=ORIENTED_EDGE('',*,*,#608,.F.);
#830=ORIENTED_EDGE('',*,*,#631,.T.);
#831=ORIENTED_EDGE('',*,*,#632,.T.);
#832=ORIENTED_EDGE('',*,*,#633,.T.);
#833=ORIENTED_EDGE('',*,*,#634,.T.);
#834=ORIENTED_EDGE('',*,*,#635,.F.);
#835=ORIENTED_EDGE('',*,*,#636,.T.);
#836=ORIENTED_EDGE('',*,*,#637,.T.);
#837=ORIENTED_EDGE('',*,*,#638,.T.);
#838=ORIENTED_EDGE('',*,*,#633,.F.);
#839=ORIENTED_EDGE('',*,*,#639,.T.);
#840=ORIENTED_EDGE('',*,*,#640,.T.);
#841=ORIENTED_EDGE('',*,*,#629,.T.);
#842=ORIENTED_EDGE('',*,*,#637,.F.);
#843=ORIENTED_EDGE('',*,*,#591,.T.);
#844=ORIENTED_EDGE('',*,*,#641,.F.);
#845=ORIENTED_EDGE('',*,*,#642,.F.);
#846=ORIENTED_EDGE('',*,*,#643,.F.);
#847=ORIENTED_EDGE('',*,*,#644,.F.);
#848=ORIENTED_EDGE('',*,*,#645,.F.);
#849=ORIENTED_EDGE('',*,*,#646,.F.);
#850=ORIENTED_EDGE('',*,*,#647,.F.);
#851=ORIENTED_EDGE('',*,*,#648,.F.);
#852=ORIENTED_EDGE('',*,*,#649,.F.);
#853=ORIENTED_EDGE('',*,*,#650,.T.);
#854=ORIENTED_EDGE('',*,*,#648,.T.);
#855=ORIENTED_EDGE('',*,*,#589,.T.);
#856=ORIENTED_EDGE('',*,*,#630,.T.);
#857=ORIENTED_EDGE('',*,*,#640,.F.);
#858=ORIENTED_EDGE('',*,*,#651,.F.);
#859=ORIENTED_EDGE('',*,*,#652,.F.);
#860=ORIENTED_EDGE('',*,*,#593,.T.);
#861=ORIENTED_EDGE('',*,*,#653,.F.);
#862=ORIENTED_EDGE('',*,*,#654,.F.);
#863=ORIENTED_EDGE('',*,*,#655,.F.);
#864=ORIENTED_EDGE('',*,*,#656,.T.);
#865=ORIENTED_EDGE('',*,*,#657,.F.);
#866=ORIENTED_EDGE('',*,*,#649,.T.);
#867=ORIENTED_EDGE('',*,*,#658,.T.);
#868=ORIENTED_EDGE('',*,*,#655,.T.);
#869=ORIENTED_EDGE('',*,*,#659,.T.);
#870=ORIENTED_EDGE('',*,*,#660,.F.);
#871=ORIENTED_EDGE('',*,*,#661,.F.);
#872=ORIENTED_EDGE('',*,*,#601,.T.);
#873=ORIENTED_EDGE('',*,*,#662,.F.);
#874=ORIENTED_EDGE('',*,*,#599,.T.);
#875=ORIENTED_EDGE('',*,*,#663,.F.);
#876=ORIENTED_EDGE('',*,*,#664,.F.);
#877=ORIENTED_EDGE('',*,*,#665,.F.);
#878=ORIENTED_EDGE('',*,*,#666,.F.);
#879=ORIENTED_EDGE('',*,*,#667,.F.);
#880=ORIENTED_EDGE('',*,*,#668,.F.);
#881=ORIENTED_EDGE('',*,*,#667,.T.);
#882=ORIENTED_EDGE('',*,*,#594,.T.);
#883=ORIENTED_EDGE('',*,*,#652,.T.);
#884=ORIENTED_EDGE('',*,*,#669,.T.);
#885=ORIENTED_EDGE('',*,*,#657,.T.);
#886=ORIENTED_EDGE('',*,*,#670,.T.);
#887=ORIENTED_EDGE('',*,*,#668,.T.);
#888=ORIENTED_EDGE('',*,*,#671,.T.);
#889=ORIENTED_EDGE('',*,*,#672,.F.);
#890=ORIENTED_EDGE('',*,*,#673,.F.);
#891=ORIENTED_EDGE('',*,*,#674,.F.);
#892=ORIENTED_EDGE('',*,*,#675,.F.);
#893=ORIENTED_EDGE('',*,*,#676,.F.);
#894=ORIENTED_EDGE('',*,*,#677,.F.);
#895=ORIENTED_EDGE('',*,*,#678,.F.);
#896=ORIENTED_EDGE('',*,*,#679,.F.);
#897=ORIENTED_EDGE('',*,*,#680,.F.);
#898=ORIENTED_EDGE('',*,*,#666,.T.);
#899=ORIENTED_EDGE('',*,*,#681,.T.);
#900=ORIENTED_EDGE('',*,*,#679,.T.);
#901=ORIENTED_EDGE('',*,*,#597,.T.);
#902=ORIENTED_EDGE('',*,*,#595,.T.);
#903=ORIENTED_EDGE('',*,*,#682,.F.);
#904=ORIENTED_EDGE('',*,*,#683,.F.);
#905=ORIENTED_EDGE('',*,*,#684,.T.);
#906=ORIENTED_EDGE('',*,*,#685,.F.);
#907=ORIENTED_EDGE('',*,*,#680,.T.);
#908=ORIENTED_EDGE('',*,*,#686,.T.);
#909=ORIENTED_EDGE('',*,*,#683,.T.);
#910=ORIENTED_EDGE('',*,*,#687,.T.);
#911=ORIENTED_EDGE('',*,*,#685,.T.);
#912=ORIENTED_EDGE('',*,*,#688,.T.);
#913=ORIENTED_EDGE('',*,*,#676,.T.);
#914=ORIENTED_EDGE('',*,*,#566,.T.);
#915=ORIENTED_EDGE('',*,*,#563,.T.);
#916=ORIENTED_EDGE('',*,*,#569,.T.);
#917=ORIENTED_EDGE('',*,*,#673,.T.);
#918=ORIENTED_EDGE('',*,*,#689,.T.);
#919=ORIENTED_EDGE('',*,*,#682,.T.);
#920=ORIENTED_EDGE('',*,*,#565,.T.);
#921=ORIENTED_EDGE('',*,*,#663,.T.);
#922=ORIENTED_EDGE('',*,*,#598,.T.);
#923=ORIENTED_EDGE('',*,*,#678,.T.);
#924=ORIENTED_EDGE('',*,*,#690,.T.);
#925=ORIENTED_EDGE('',*,*,#603,.T.);
#926=ORIENTED_EDGE('',*,*,#677,.T.);
#927=ORIENTED_EDGE('',*,*,#691,.T.);
#928=ORIENTED_EDGE('',*,*,#692,.T.);
#929=ORIENTED_EDGE('',*,*,#693,.T.);
#930=ORIENTED_EDGE('',*,*,#675,.T.);
#931=ORIENTED_EDGE('',*,*,#602,.T.);
#932=ORIENTED_EDGE('',*,*,#661,.T.);
#933=ORIENTED_EDGE('',*,*,#567,.T.);
#934=ORIENTED_EDGE('',*,*,#674,.T.);
#935=ORIENTED_EDGE('',*,*,#568,.T.);
#936=ORIENTED_EDGE('',*,*,#660,.T.);
#937=ORIENTED_EDGE('',*,*,#694,.T.);
#938=ORIENTED_EDGE('',*,*,#664,.T.);
#939=ORIENTED_EDGE('',*,*,#695,.T.);
#940=ORIENTED_EDGE('',*,*,#672,.T.);
#941=ORIENTED_EDGE('',*,*,#696,.T.);
#942=ORIENTED_EDGE('',*,*,#662,.T.);
#943=ORIENTED_EDGE('',*,*,#600,.T.);
#944=ORIENTED_EDGE('',*,*,#665,.T.);
#945=ORIENTED_EDGE('',*,*,#697,.T.);
#946=ORIENTED_EDGE('',*,*,#698,.T.);
#947=ORIENTED_EDGE('',*,*,#692,.F.);
#948=ORIENTED_EDGE('',*,*,#699,.T.);
#949=ORIENTED_EDGE('',*,*,#700,.T.);
#950=ORIENTED_EDGE('',*,*,#645,.T.);
#951=ORIENTED_EDGE('',*,*,#701,.T.);
#952=ORIENTED_EDGE('',*,*,#654,.T.);
#953=ORIENTED_EDGE('',*,*,#702,.T.);
#954=ORIENTED_EDGE('',*,*,#653,.T.);
#955=ORIENTED_EDGE('',*,*,#592,.T.);
#956=ORIENTED_EDGE('',*,*,#643,.T.);
#957=ORIENTED_EDGE('',*,*,#703,.T.);
#958=ORIENTED_EDGE('',*,*,#646,.T.);
#959=ORIENTED_EDGE('',*,*,#704,.T.);
#960=ORIENTED_EDGE('',*,*,#651,.T.);
#961=ORIENTED_EDGE('',*,*,#705,.T.);
#962=ORIENTED_EDGE('',*,*,#706,.T.);
#963=ORIENTED_EDGE('',*,*,#700,.F.);
#964=ORIENTED_EDGE('',*,*,#707,.T.);
#965=ORIENTED_EDGE('',*,*,#708,.T.);
#966=ORIENTED_EDGE('',*,*,#641,.T.);
#967=ORIENTED_EDGE('',*,*,#590,.T.);
#968=ORIENTED_EDGE('',*,*,#647,.T.);
#969=ORIENTED_EDGE('',*,*,#709,.T.);
#970=ORIENTED_EDGE('',*,*,#642,.T.);
#971=ORIENTED_EDGE('',*,*,#710,.T.);
#972=ORIENTED_EDGE('',*,*,#644,.T.);
#973=ORIENTED_EDGE('',*,*,#711,.T.);
#974=ORIENTED_EDGE('',*,*,#712,.T.);
#975=ORIENTED_EDGE('',*,*,#708,.F.);
#976=ORIENTED_EDGE('',*,*,#713,.T.);
#977=ORIENTED_EDGE('',*,*,#714,.T.);
#978=ORIENTED_EDGE('',*,*,#715,.T.);
#979=ORIENTED_EDGE('',*,*,#714,.F.);
#980=ORIENTED_EDGE('',*,*,#716,.T.);
#981=ORIENTED_EDGE('',*,*,#635,.T.);
#982=ORIENTED_EDGE('',*,*,#659,.F.);
#983=ORIENTED_EDGE('',*,*,#701,.F.);
#984=ORIENTED_EDGE('',*,*,#710,.F.);
#985=ORIENTED_EDGE('',*,*,#709,.F.);
#986=ORIENTED_EDGE('',*,*,#717,.T.);
#987=ORIENTED_EDGE('',*,*,#669,.F.);
#988=ORIENTED_EDGE('',*,*,#704,.F.);
#989=ORIENTED_EDGE('',*,*,#702,.F.);
#990=ORIENTED_EDGE('',*,*,#671,.F.);
#991=ORIENTED_EDGE('',*,*,#684,.F.);
#992=ORIENTED_EDGE('',*,*,#686,.F.);
#993=ORIENTED_EDGE('',*,*,#681,.F.);
#994=ORIENTED_EDGE('',*,*,#670,.F.);
#995=ORIENTED_EDGE('',*,*,#656,.F.);
#996=ORIENTED_EDGE('',*,*,#658,.F.);
#997=ORIENTED_EDGE('',*,*,#650,.F.);
#998=ORIENTED_EDGE('',*,*,#639,.F.);
#999=ORIENTED_EDGE('',*,*,#636,.F.);
#1000=ORIENTED_EDGE('',*,*,#632,.F.);
#1001=ORIENTED_EDGE('',*,*,#716,.F.);
#1002=ORIENTED_EDGE('',*,*,#713,.F.);
#1003=ORIENTED_EDGE('',*,*,#707,.F.);
#1004=ORIENTED_EDGE('',*,*,#699,.F.);
#1005=ORIENTED_EDGE('',*,*,#691,.F.);
#1006=ORIENTED_EDGE('',*,*,#688,.F.);
#1007=ORIENTED_EDGE('',*,*,#687,.F.);
#1008=ORIENTED_EDGE('',*,*,#689,.F.);
#1009=ORIENTED_EDGE('',*,*,#695,.F.);
#1010=ORIENTED_EDGE('',*,*,#690,.F.);
#1011=ORIENTED_EDGE('',*,*,#694,.F.);
#1012=ORIENTED_EDGE('',*,*,#697,.F.);
#1013=ORIENTED_EDGE('',*,*,#696,.F.);
#1014=ORIENTED_EDGE('',*,*,#703,.F.);
#1015=ORIENTED_EDGE('',*,*,#711,.F.);
#1016=ORIENTED_EDGE('',*,*,#705,.F.);
#1017=ORIENTED_EDGE('',*,*,#579,.F.);
#1018=ORIENTED_EDGE('',*,*,#580,.F.);
#1019=ORIENTED_EDGE('',*,*,#718,.T.);
#1020=ORIENTED_EDGE('',*,*,#719,.F.);
#1021=ORIENTED_EDGE('',*,*,#718,.F.);
#1022=ORIENTED_EDGE('',*,*,#720,.F.);
#1023=ORIENTED_EDGE('',*,*,#721,.T.);
#1024=ORIENTED_EDGE('',*,*,#578,.F.);
#1025=ORIENTED_EDGE('',*,*,#721,.F.);
#1026=ORIENTED_EDGE('',*,*,#582,.F.);
#1027=ORIENTED_EDGE('',*,*,#583,.F.);
#1028=ORIENTED_EDGE('',*,*,#722,.T.);
#1029=ORIENTED_EDGE('',*,*,#723,.F.);
#1030=ORIENTED_EDGE('',*,*,#722,.F.);
#1031=ORIENTED_EDGE('',*,*,#724,.F.);
#1032=ORIENTED_EDGE('',*,*,#725,.T.);
#1033=ORIENTED_EDGE('',*,*,#581,.F.);
#1034=ORIENTED_EDGE('',*,*,#725,.F.);
#1035=ORIENTED_EDGE('',*,*,#584,.F.);
#1036=ORIENTED_EDGE('',*,*,#726,.T.);
#1037=ORIENTED_EDGE('',*,*,#727,.F.);
#1038=ORIENTED_EDGE('',*,*,#726,.F.);
#1039=ORIENTED_EDGE('',*,*,#720,.T.);
#1040=ORIENTED_EDGE('',*,*,#719,.T.);
#1041=ORIENTED_EDGE('',*,*,#724,.T.);
#1042=ORIENTED_EDGE('',*,*,#723,.T.);
#1043=ORIENTED_EDGE('',*,*,#728,.F.);
#1044=ORIENTED_EDGE('',*,*,#729,.T.);
#1045=ORIENTED_EDGE('',*,*,#570,.F.);
#1046=ORIENTED_EDGE('',*,*,#729,.F.);
#1047=ORIENTED_EDGE('',*,*,#631,.F.);
#1048=ORIENTED_EDGE('',*,*,#730,.T.);
#1049=ORIENTED_EDGE('',*,*,#717,.F.);
#1050=ORIENTED_EDGE('',*,*,#730,.F.);
#1051=ORIENTED_EDGE('',*,*,#618,.F.);
#1052=ORIENTED_EDGE('',*,*,#731,.F.);
#1053=ORIENTED_EDGE('',*,*,#715,.F.);
#1054=ORIENTED_EDGE('',*,*,#732,.F.);
#1055=ORIENTED_EDGE('',*,*,#614,.F.);
#1056=ORIENTED_EDGE('',*,*,#732,.T.);
#1057=ORIENTED_EDGE('',*,*,#634,.F.);
#1058=ORIENTED_EDGE('',*,*,#733,.F.);
#1059=ORIENTED_EDGE('',*,*,#612,.F.);
#1060=ORIENTED_EDGE('',*,*,#734,.F.);
#1061=ORIENTED_EDGE('',*,*,#712,.F.);
#1062=ORIENTED_EDGE('',*,*,#731,.T.);
#1063=ORIENTED_EDGE('',*,*,#625,.F.);
#1064=ORIENTED_EDGE('',*,*,#604,.F.);
#1065=ORIENTED_EDGE('',*,*,#693,.F.);
#1066=ORIENTED_EDGE('',*,*,#698,.F.);
#1067=ORIENTED_EDGE('',*,*,#735,.F.);
#1068=ORIENTED_EDGE('',*,*,#728,.T.);
#1069=ORIENTED_EDGE('',*,*,#638,.F.);
#1070=ORIENTED_EDGE('',*,*,#628,.T.);
#1071=ORIENTED_EDGE('',*,*,#626,.F.);
#1072=ORIENTED_EDGE('',*,*,#621,.T.);
#1073=ORIENTED_EDGE('',*,*,#615,.F.);
#1074=ORIENTED_EDGE('',*,*,#733,.T.);
#1075=ORIENTED_EDGE('',*,*,#706,.F.);
#1076=ORIENTED_EDGE('',*,*,#734,.T.);
#1077=ORIENTED_EDGE('',*,*,#611,.F.);
#1078=ORIENTED_EDGE('',*,*,#620,.T.);
#1079=ORIENTED_EDGE('',*,*,#624,.F.);
#1080=ORIENTED_EDGE('',*,*,#735,.T.);
#1081=ORIENTED_EDGE('',*,*,#727,.T.);
#1082=CYLINDRICAL_SURFACE('',#1204,0.108267716535433);
#1083=CYLINDRICAL_SURFACE('',#1213,0.393700787401575);
#1084=CYLINDRICAL_SURFACE('',#1223,0.433070866141732);
#1085=CYLINDRICAL_SURFACE('',#1233,0.0118110236220472);
#1086=CYLINDRICAL_SURFACE('',#1234,0.0118110236220472);
#1087=CYLINDRICAL_SURFACE('',#1241,0.0118110236220472);
#1088=CYLINDRICAL_SURFACE('',#1242,0.0118110236220472);
#1089=CYLINDRICAL_SURFACE('',#1245,0.0196850393700787);
#1090=CYLINDRICAL_SURFACE('',#1249,0.0196850393700787);
#1091=CYLINDRICAL_SURFACE('',#1269,0.0393700787401575);
#1092=CYLINDRICAL_SURFACE('',#1278,0.0393700787401575);
#1093=CYLINDRICAL_SURFACE('',#1279,0.0393700787401575);
#1094=CYLINDRICAL_SURFACE('',#1299,0.0393700787401575);
#1095=CYLINDRICAL_SURFACE('',#1300,0.0393700787401575);
#1096=CYLINDRICAL_SURFACE('',#1301,0.0393700787401575);
#1097=CYLINDRICAL_SURFACE('',#1302,0.0393700787401575);
#1098=CYLINDRICAL_SURFACE('',#1305,0.0393700787401575);
#1099=CYLINDRICAL_SURFACE('',#1306,0.0393700787401575);
#1100=CYLINDRICAL_SURFACE('',#1307,0.0393700787401575);
#1101=CYLINDRICAL_SURFACE('',#1310,0.0196850393700787);
#1102=CYLINDRICAL_SURFACE('',#1311,0.0393700787401575);
#1103=CYLINDRICAL_SURFACE('',#1314,0.0393700787401575);
#1104=CYLINDRICAL_SURFACE('',#1318,0.0393700787401575);
#1105=CYLINDRICAL_SURFACE('',#1319,0.0393700787401575);
#1106=CYLINDRICAL_SURFACE('',#1320,0.0196850393700787);
#1107=CYLINDRICAL_SURFACE('',#1331,0.0501968503937008);
#1108=CYLINDRICAL_SURFACE('',#1332,0.0501968503937008);
#1109=CYLINDRICAL_SURFACE('',#1333,0.0501968503937008);
#1110=CYLINDRICAL_SURFACE('',#1334,0.0501968503937008);
#1111=CYLINDRICAL_SURFACE('',#1335,0.158464566929134);
#1112=CYLINDRICAL_SURFACE('',#1337,0.0570866141732283);
#1113=CYLINDRICAL_SURFACE('',#1339,0.0393700787401575);
#1114=CYLINDRICAL_SURFACE('',#1340,0.0590551181102362);
#1115=CYLINDRICAL_SURFACE('',#1344,0.0501968503937008);
#1116=CYLINDRICAL_SURFACE('',#1345,0.0501968503937008);
#1117=ADVANCED_FACE('',(#190),#1082,.F.);
#1118=ADVANCED_FACE('',(#191,#39),#176,.F.);
#1119=ADVANCED_FACE('',(#192),#25,.T.);
#1120=ADVANCED_FACE('',(#193,#40,#41,#42,#43),#1083,.T.);
#1121=ADVANCED_FACE('',(#194,#44),#177,.T.);
#1122=ADVANCED_FACE('',(#195),#26,.T.);
#1123=ADVANCED_FACE('',(#196),#1084,.T.);
#1124=ADVANCED_FACE('',(#197),#27,.F.);
#1125=ADVANCED_FACE('',(#198),#1085,.F.);
#1126=ADVANCED_FACE('',(#199),#1086,.F.);
#1127=ADVANCED_FACE('',(#200),#28,.F.);
#1128=ADVANCED_FACE('',(#201),#178,.T.);
#1129=ADVANCED_FACE('',(#202),#1087,.F.);
#1130=ADVANCED_FACE('',(#203),#1088,.F.);
#1131=ADVANCED_FACE('',(#204,#45),#179,.F.);
#1132=ADVANCED_FACE('',(#205),#1089,.T.);
#1133=ADVANCED_FACE('',(#206),#29,.T.);
#1134=ADVANCED_FACE('',(#207),#1090,.T.);
#1135=ADVANCED_FACE('',(#208),#21,.F.);
#1136=ADVANCED_FACE('',(#209),#15,.F.);
#1137=ADVANCED_FACE('',(#210),#16,.T.);
#1138=ADVANCED_FACE('',(#211),#30,.T.);
#1139=ADVANCED_FACE('',(#212),#22,.F.);
#1140=ADVANCED_FACE('',(#213),#31,.T.);
#1141=ADVANCED_FACE('',(#214),#1091,.T.);
#1142=ADVANCED_FACE('',(#215),#23,.F.);
#1143=ADVANCED_FACE('',(#216),#24,.F.);
#1144=ADVANCED_FACE('',(#217),#17,.T.);
#1145=ADVANCED_FACE('',(#218),#1092,.T.);
#1146=ADVANCED_FACE('',(#219),#1093,.T.);
#1147=ADVANCED_FACE('',(#220),#18,.F.);
#1148=ADVANCED_FACE('',(#221),#19,.T.);
#1149=ADVANCED_FACE('',(#222),#20,.T.);
#1150=ADVANCED_FACE('',(#223),#32,.T.);
#1151=ADVANCED_FACE('',(#224),#33,.T.);
#1152=ADVANCED_FACE('',(#225),#1094,.T.);
#1153=ADVANCED_FACE('',(#226),#1095,.T.);
#1154=ADVANCED_FACE('',(#227),#1096,.F.);
#1155=ADVANCED_FACE('',(#228),#1097,.T.);
#1156=ADVANCED_FACE('',(#229),#34,.T.);
#1157=ADVANCED_FACE('',(#230),#1098,.T.);
#1158=ADVANCED_FACE('',(#231),#1099,.F.);
#1159=ADVANCED_FACE('',(#232),#1100,.F.);
#1160=ADVANCED_FACE('',(#233),#35,.T.);
#1161=ADVANCED_FACE('',(#234),#1101,.T.);
#1162=ADVANCED_FACE('',(#235),#1102,.F.);
#1163=ADVANCED_FACE('',(#236),#36,.T.);
#1164=ADVANCED_FACE('',(#237),#1103,.F.);
#1165=ADVANCED_FACE('',(#238),#37,.T.);
#1166=ADVANCED_FACE('',(#239),#1104,.T.);
#1167=ADVANCED_FACE('',(#240),#1105,.F.);
#1168=ADVANCED_FACE('',(#241),#1106,.T.);
#1169=ADVANCED_FACE('',(#242),#38,.T.);
#1170=ADVANCED_FACE('',(#243,#46),#180,.F.);
#1171=ADVANCED_FACE('',(#244),#181,.F.);
#1172=ADVANCED_FACE('',(#245),#182,.T.);
#1173=ADVANCED_FACE('',(#246),#183,.F.);
#1174=ADVANCED_FACE('',(#247),#184,.T.);
#1175=ADVANCED_FACE('',(#248),#185,.T.);
#1176=ADVANCED_FACE('',(#249),#1107,.F.);
#1177=ADVANCED_FACE('',(#250),#1108,.F.);
#1178=ADVANCED_FACE('',(#251),#1109,.F.);
#1179=ADVANCED_FACE('',(#252),#1110,.F.);
#1180=ADVANCED_FACE('',(#253,#47,#48,#49,#50),#1111,.F.);
#1181=ADVANCED_FACE('',(#254),#1112,.F.);
#1182=ADVANCED_FACE('',(#255),#1113,.F.);
#1183=ADVANCED_FACE('',(#256),#1114,.F.);
#1184=ADVANCED_FACE('',(#257),#186,.F.);
#1185=ADVANCED_FACE('',(#258),#187,.F.);
#1186=ADVANCED_FACE('',(#259,#51),#188,.F.);
#1187=ADVANCED_FACE('',(#260),#1115,.F.);
#1188=ADVANCED_FACE('',(#261),#1116,.F.);
#1189=ADVANCED_FACE('',(#262),#189,.F.);
#1190=CLOSED_SHELL('',(#1117,#1118,#1119,#1120,#1121,#1122,#1123,#1124,
#1125,#1126,#1127,#1128,#1129,#1130,#1131,#1132,#1133,#1134,#1135,#1136,
#1137,#1138,#1139,#1140,#1141,#1142,#1143,#1144,#1145,#1146,#1147,#1148,
#1149,#1150,#1151,#1152,#1153,#1154,#1155,#1156,#1157,#1158,#1159,#1160,
#1161,#1162,#1163,#1164,#1165,#1166,#1167,#1168,#1169,#1170,#1171,#1172,
#1173,#1174,#1175,#1176,#1177,#1178,#1179,#1180,#1181,#1182,#1183,#1184,
#1185,#1186,#1187,#1188,#1189));
#1191=DERIVED_UNIT_ELEMENT(#1193,1.);
#1192=DERIVED_UNIT_ELEMENT(#2668,-3.);
#1193=(
MASS_UNIT()
NAMED_UNIT(*)
SI_UNIT(.KILO.,.GRAM.)
);
#1194=DERIVED_UNIT((#1191,#1192));
#1195=MEASURE_REPRESENTATION_ITEM('density measure',
POSITIVE_RATIO_MEASURE(7850.),#1194);
#1196=PROPERTY_DEFINITION_REPRESENTATION(#1201,#1198);
#1197=PROPERTY_DEFINITION_REPRESENTATION(#1202,#1199);
#1198=REPRESENTATION('material name',(#1200),#2663);
#1199=REPRESENTATION('density',(#1195),#2663);
#1200=DESCRIPTIVE_REPRESENTATION_ITEM('Steel','Steel');
#1201=PROPERTY_DEFINITION('material property','material name',#2676);
#1202=PROPERTY_DEFINITION('material property','density of part',#2676);
#1203=AXIS2_PLACEMENT_3D('',#1697,#1347,#1348);
#1204=AXIS2_PLACEMENT_3D('',#1698,#1349,#1350);
#1205=AXIS2_PLACEMENT_3D('',#1711,#1351,#1352);
#1206=AXIS2_PLACEMENT_3D('',#1712,#1353,#1354);
#1207=AXIS2_PLACEMENT_3D('',#1723,#1360,#1361);
#1208=AXIS2_PLACEMENT_3D('',#1724,#1362,#1363);
#1209=AXIS2_PLACEMENT_3D('',#1726,#1364,#1365);
#1210=AXIS2_PLACEMENT_3D('',#1728,#1366,#1367);
#1211=AXIS2_PLACEMENT_3D('',#1730,#1368,#1369);
#1212=AXIS2_PLACEMENT_3D('',#1731,#1370,#1371);
#1213=AXIS2_PLACEMENT_3D('',#1732,#1372,#1373);
#1214=AXIS2_PLACEMENT_3D('',#1736,#1375,#1376);
#1215=AXIS2_PLACEMENT_3D('',#1737,#1377,#1378);
#1216=AXIS2_PLACEMENT_3D('',#1884,#1379,#1380);
#1217=AXIS2_PLACEMENT_3D('',#1886,#1381,#1382);
#1218=AXIS2_PLACEMENT_3D('',#1887,#1383,#1384);
#1219=AXIS2_PLACEMENT_3D('',#1890,#1385,#1386);
#1220=AXIS2_PLACEMENT_3D('',#1892,#1387,#1388);
#1221=AXIS2_PLACEMENT_3D('',#1893,#1389,#1390);
#1222=AXIS2_PLACEMENT_3D('',#1894,#1391,#1392);
#1223=AXIS2_PLACEMENT_3D('',#1895,#1393,#1394);
#1224=AXIS2_PLACEMENT_3D('',#1898,#1395,#1396);
#1225=AXIS2_PLACEMENT_3D('',#1908,#1398,#1399);
#1226=AXIS2_PLACEMENT_3D('',#1919,#1401,#1402);
#1227=AXIS2_PLACEMENT_3D('',#1922,#1404,#1405);
#1228=AXIS2_PLACEMENT_3D('',#1933,#1407,#1408);
#1229=AXIS2_PLACEMENT_3D('',#1944,#1410,#1411);
#1230=AXIS2_PLACEMENT_3D('',#1959,#1413,#1414);
#1231=AXIS2_PLACEMENT_3D('',#1972,#1416,#1417);
#1232=AXIS2_PLACEMENT_3D('',#1973,#1418,#1419);
#1233=AXIS2_PLACEMENT_3D('',#1974,#1420,#1421);
#1234=AXIS2_PLACEMENT_3D('',#2005,#1424,#1425);
#1235=AXIS2_PLACEMENT_3D('',#2036,#1428,#1429);
#1236=AXIS2_PLACEMENT_3D('',#2037,#1430,#1431);
#1237=AXIS2_PLACEMENT_3D('',#2038,#1432,#1433);
#1238=AXIS2_PLACEMENT_3D('',#2039,#1434,#1435);
#1239=AXIS2_PLACEMENT_3D('',#2041,#1436,#1437);
#1240=AXIS2_PLACEMENT_3D('',#2043,#1438,#1439);
#1241=AXIS2_PLACEMENT_3D('',#2046,#1442,#1443);
#1242=AXIS2_PLACEMENT_3D('',#2059,#1445,#1446);
#1243=AXIS2_PLACEMENT_3D('',#2072,#1448,#1449);
#1244=AXIS2_PLACEMENT_3D('',#2084,#1452,#1453);
#1245=AXIS2_PLACEMENT_3D('',#2085,#1454,#1455);
#1246=AXIS2_PLACEMENT_3D('',#2120,#1458,#1459);
#1247=AXIS2_PLACEMENT_3D('',#2122,#1460,#1461);
#1248=AXIS2_PLACEMENT_3D('',#2137,#1462,#1463);
#1249=AXIS2_PLACEMENT_3D('',#2138,#1464,#1465);
#1250=AXIS2_PLACEMENT_3D('',#2179,#1467,#1468);
#1251=AXIS2_PLACEMENT_3D('',#2186,#1469,#1470);
#1252=AXIS2_PLACEMENT_3D('',#2187,#1471,#1472);
#1253=AXIS2_PLACEMENT_3D('',#2190,#1473,#1474);
#1254=AXIS2_PLACEMENT_3D('',#2192,#1475,#1476);
#1255=AXIS2_PLACEMENT_3D('',#2193,#1477,#1478);
#1256=AXIS2_PLACEMENT_3D('',#2194,#1479,#1480);
#1257=AXIS2_PLACEMENT_3D('',#2196,#1481,#1482);
#1258=AXIS2_PLACEMENT_3D('',#2198,#1483,#1484);
#1259=AXIS2_PLACEMENT_3D('',#2199,#1485,#1486);
#1260=AXIS2_PLACEMENT_3D('',#2200,#1487,#1488);
#1261=AXIS2_PLACEMENT_3D('',#2201,#1489,#1490);
#1262=AXIS2_PLACEMENT_3D('',#2240,#1491,#1492);
#1263=AXIS2_PLACEMENT_3D('',#2241,#1493,#1494);
#1264=AXIS2_PLACEMENT_3D('',#2242,#1495,#1496);
#1265=AXIS2_PLACEMENT_3D('',#2245,#1497,#1498);
#1266=AXIS2_PLACEMENT_3D('',#2247,#1499,#1500);
#1267=AXIS2_PLACEMENT_3D('',#2249,#1501,#1502);
#1268=AXIS2_PLACEMENT_3D('',#2250,#1503,#1504);
#1269=AXIS2_PLACEMENT_3D('',#2251,#1505,#1506);
#1270=AXIS2_PLACEMENT_3D('',#2291,#1509,#1510);
#1271=AXIS2_PLACEMENT_3D('',#2292,#1511,#1512);
#1272=AXIS2_PLACEMENT_3D('',#2324,#1513,#1514);
#1273=AXIS2_PLACEMENT_3D('',#2332,#1515,#1516);
#1274=AXIS2_PLACEMENT_3D('',#2333,#1517,#1518);
#1275=AXIS2_PLACEMENT_3D('',#2335,#1519,#1520);
#1276=AXIS2_PLACEMENT_3D('',#2337,#1521,#1522);
#1277=AXIS2_PLACEMENT_3D('',#2338,#1523,#1524);
#1278=AXIS2_PLACEMENT_3D('',#2339,#1525,#1526);
#1279=AXIS2_PLACEMENT_3D('',#2341,#1528,#1529);
#1280=AXIS2_PLACEMENT_3D('',#2344,#1532,#1533);
#1281=AXIS2_PLACEMENT_3D('',#2347,#1534,#1535);
#1282=AXIS2_PLACEMENT_3D('',#2348,#1536,#1537);
#1283=AXIS2_PLACEMENT_3D('',#2349,#1538,#1539);
#1284=AXIS2_PLACEMENT_3D('',#2350,#1540,#1541);
#1285=AXIS2_PLACEMENT_3D('',#2351,#1542,#1543);
#1286=AXIS2_PLACEMENT_3D('',#2353,#1544,#1545);
#1287=AXIS2_PLACEMENT_3D('',#2354,#1546,#1547);
#1288=AXIS2_PLACEMENT_3D('',#2355,#1548,#1549);
#1289=AXIS2_PLACEMENT_3D('',#2357,#1550,#1551);
#1290=AXIS2_PLACEMENT_3D('',#2359,#1552,#1553);
#1291=AXIS2_PLACEMENT_3D('',#2360,#1554,#1555);
#1292=AXIS2_PLACEMENT_3D('',#2361,#1556,#1557);
#1293=AXIS2_PLACEMENT_3D('',#2362,#1558,#1559);
#1294=AXIS2_PLACEMENT_3D('',#2363,#1560,#1561);
#1295=AXIS2_PLACEMENT_3D('',#2365,#1562,#1563);
#1296=AXIS2_PLACEMENT_3D('',#2367,#1564,#1565);
#1297=AXIS2_PLACEMENT_3D('',#2369,#1566,#1567);
#1298=AXIS2_PLACEMENT_3D('',#2370,#1568,#1569);
#1299=AXIS2_PLACEMENT_3D('',#2371,#1570,#1571);
#1300=AXIS2_PLACEMENT_3D('',#2374,#1574,#1575);
#1301=AXIS2_PLACEMENT_3D('',#2376,#1577,#1578);
#1302=AXIS2_PLACEMENT_3D('',#2378,#1580,#1581);
#1303=AXIS2_PLACEMENT_3D('',#2380,#1583,#1584);
#1304=AXIS2_PLACEMENT_3D('',#2382,#1585,#1586);
#1305=AXIS2_PLACEMENT_3D('',#2402,#1587,#1588);
#1306=AXIS2_PLACEMENT_3D('',#2403,#1589,#1590);
#1307=AXIS2_PLACEMENT_3D('',#2405,#1592,#1593);
#1308=AXIS2_PLACEMENT_3D('',#2408,#1596,#1597);
#1309=AXIS2_PLACEMENT_3D('',#2409,#1598,#1599);
#1310=AXIS2_PLACEMENT_3D('',#2410,#1600,#1601);
#1311=AXIS2_PLACEMENT_3D('',#2429,#1604,#1605);
#1312=AXIS2_PLACEMENT_3D('',#2432,#1608,#1609);
#1313=AXIS2_PLACEMENT_3D('',#2433,#1610,#1611);
#1314=AXIS2_PLACEMENT_3D('',#2434,#1612,#1613);
#1315=AXIS2_PLACEMENT_3D('',#2437,#1616,#1617);
#1316=AXIS2_PLACEMENT_3D('',#2439,#1618,#1619);
#1317=AXIS2_PLACEMENT_3D('',#2441,#1620,#1621);
#1318=AXIS2_PLACEMENT_3D('',#2456,#1622,#1623);
#1319=AXIS2_PLACEMENT_3D('',#2458,#1625,#1626);
#1320=AXIS2_PLACEMENT_3D('',#2461,#1629,#1630);
#1321=AXIS2_PLACEMENT_3D('',#2480,#1633,#1634);
#1322=AXIS2_PLACEMENT_3D('',#2481,#1635,#1636);
#1323=AXIS2_PLACEMENT_3D('',#2482,#1637,#1638);
#1324=AXIS2_PLACEMENT_3D('',#2483,#1639,#1640);
#1325=AXIS2_PLACEMENT_3D('',#2485,#1641,#1642);
#1326=AXIS2_PLACEMENT_3D('',#2486,#1643,#1644);
#1327=AXIS2_PLACEMENT_3D('',#2487,#1645,#1646);
#1328=AXIS2_PLACEMENT_3D('',#2488,#1647,#1648);
#1329=AXIS2_PLACEMENT_3D('',#2489,#1649,#1650);
#1330=AXIS2_PLACEMENT_3D('',#2490,#1651,#1652);
#1331=AXIS2_PLACEMENT_3D('',#2491,#1653,#1654);
#1332=AXIS2_PLACEMENT_3D('',#2528,#1656,#1657);
#1333=AXIS2_PLACEMENT_3D('',#2565,#1659,#1660);
#1334=AXIS2_PLACEMENT_3D('',#2602,#1662,#1663);
#1335=AXIS2_PLACEMENT_3D('',#2639,#1665,#1666);
#1336=AXIS2_PLACEMENT_3D('',#2642,#1668,#1669);
#1337=AXIS2_PLACEMENT_3D('',#2643,#1670,#1671);
#1338=AXIS2_PLACEMENT_3D('',#2645,#1672,#1673);
#1339=AXIS2_PLACEMENT_3D('',#2647,#1675,#1676);
#1340=AXIS2_PLACEMENT_3D('',#2649,#1678,#1679);
#1341=AXIS2_PLACEMENT_3D('',#2652,#1682,#1683);
#1342=AXIS2_PLACEMENT_3D('',#2654,#1685,#1686);
#1343=AXIS2_PLACEMENT_3D('',#2656,#1688,#1689);
#1344=AXIS2_PLACEMENT_3D('',#2658,#1691,#1692);
#1345=AXIS2_PLACEMENT_3D('',#2659,#1693,#1694);
#1346=AXIS2_PLACEMENT_3D('',#2660,#1695,#1696);
#1347=DIRECTION('axis',(0.,0.,1.));
#1348=DIRECTION('refdir',(1.,0.,0.));
#1349=DIRECTION('center_axis',(-1.,0.,0.));
#1350=DIRECTION('ref_axis',(0.,0.,-1.));
#1351=DIRECTION('center_axis',(-1.,0.,0.));
#1352=DIRECTION('ref_axis',(0.,0.,-1.));
#1353=DIRECTION('center_axis',(-1.,0.,0.));
#1354=DIRECTION('ref_axis',(0.,0.,-1.));
#1355=DIRECTION('',(0.,-1.,0.));
#1356=DIRECTION('',(0.,0.,-1.));
#1357=DIRECTION('',(0.,1.,0.));
#1358=DIRECTION('',(0.,0.,1.));
#1359=DIRECTION('',(0.,-1.,0.));
#1360=DIRECTION('center_axis',(-1.,0.,0.));
#1361=DIRECTION('ref_axis',(0.,0.,-1.));
#1362=DIRECTION('center_axis',(0.,-1.,0.));
#1363=DIRECTION('ref_axis',(0.,0.,-1.));
#1364=DIRECTION('center_axis',(0.,1.,0.));
#1365=DIRECTION('ref_axis',(1.,0.,0.));
#1366=DIRECTION('center_axis',(-1.,0.,-1.11022302462516E-16));
#1367=DIRECTION('ref_axis',(-1.11022302462516E-16,0.,1.));
#1368=DIRECTION('center_axis',(0.,-1.,0.));
#1369=DIRECTION('ref_axis',(1.,0.,0.));
#1370=DIRECTION('center_axis',(0.,-1.,0.));
#1371=DIRECTION('ref_axis',(1.,0.,0.));
#1372=DIRECTION('center_axis',(0.,-1.,0.));
#1373=DIRECTION('ref_axis',(1.,0.,0.));
#1374=DIRECTION('',(0.,1.,0.));
#1375=DIRECTION('center_axis',(0.,1.,0.));
#1376=DIRECTION('ref_axis',(1.,0.,0.));
#1377=DIRECTION('center_axis',(0.,1.,0.));
#1378=DIRECTION('ref_axis',(1.,0.,0.));
#1379=DIRECTION('center_axis',(0.,-1.,0.));
#1380=DIRECTION('ref_axis',(1.,0.,0.));
#1381=DIRECTION('center_axis',(0.,1.,0.));
#1382=DIRECTION('ref_axis',(1.,0.,0.));
#1383=DIRECTION('center_axis',(0.,1.,0.));
#1384=DIRECTION('ref_axis',(0.,0.,1.));
#1385=DIRECTION('center_axis',(0.,-1.,0.));
#1386=DIRECTION('ref_axis',(-1.,0.,0.));
#1387=DIRECTION('center_axis',(-1.,0.,1.00929365875014E-16));
#1388=DIRECTION('ref_axis',(-1.00929365875014E-16,0.,-1.));
#1389=DIRECTION('center_axis',(0.,-1.,0.));
#1390=DIRECTION('ref_axis',(1.,0.,0.));
#1391=DIRECTION('center_axis',(0.,-1.,0.));
#1392=DIRECTION('ref_axis',(-1.,0.,0.));
#1393=DIRECTION('center_axis',(0.,1.,0.));
#1394=DIRECTION('ref_axis',(-1.,0.,0.));
#1395=DIRECTION('center_axis',(0.,1.,0.));
#1396=DIRECTION('ref_axis',(-0.231348822813161,0.,0.972870866139471));
#1397=DIRECTION('',(0.,1.,0.));
#1398=DIRECTION('center_axis',(0.,1.,0.));
#1399=DIRECTION('ref_axis',(-0.756545087908564,0.,0.653941534054401));
#1400=DIRECTION('',(0.,-1.,0.));
#1401=DIRECTION('center_axis',(0.,1.,0.));
#1402=DIRECTION('ref_axis',(-1.21115239050017E-15,0.,-1.));
#1403=DIRECTION('',(0.,-1.,0.));
#1404=DIRECTION('center_axis',(0.,1.,0.));
#1405=DIRECTION('ref_axis',(-1.21115239050017E-15,0.,-1.));
#1406=DIRECTION('',(0.,1.,0.));
#1407=DIRECTION('center_axis',(0.,1.,0.));
#1408=DIRECTION('ref_axis',(0.756545087908564,0.,0.6539415340544));
#1409=DIRECTION('',(0.,-1.,0.));
#1410=DIRECTION('center_axis',(0.,1.,0.));
#1411=DIRECTION('ref_axis',(0.231348822813161,0.,0.972870866139471));
#1412=DIRECTION('',(0.,-1.,0.));
#1413=DIRECTION('center_axis',(0.,-1.,0.));
#1414=DIRECTION('ref_axis',(-1.,0.,0.));
#1415=DIRECTION('',(0.,1.,0.));
#1416=DIRECTION('center_axis',(0.,1.,0.));
#1417=DIRECTION('ref_axis',(0.,0.,1.));
#1418=DIRECTION('center_axis',(-1.,0.,1.00929365875014E-16));
#1419=DIRECTION('ref_axis',(-1.00929365875014E-16,0.,-1.));
#1420=DIRECTION('center_axis',(0.,0.,1.));
#1421=DIRECTION('ref_axis',(0.707106781186545,-0.70710678118655,0.));
#1422=DIRECTION('',(0.,0.,1.));
#1423=DIRECTION('',(0.,0.,-1.));
#1424=DIRECTION('center_axis',(0.,0.,-1.));
#1425=DIRECTION('ref_axis',(-0.707106781186545,-0.70710678118655,0.));
#1426=DIRECTION('',(0.,0.,1.));
#1427=DIRECTION('',(0.,0.,-1.));
#1428=DIRECTION('center_axis',(0.,-1.,0.));
#1429=DIRECTION('ref_axis',(0.,0.,-1.));
#1430=DIRECTION('center_axis',(0.,1.,0.));
#1431=DIRECTION('ref_axis',(0.,0.,-1.));
#1432=DIRECTION('center_axis',(0.,-1.,0.));
#1433=DIRECTION('ref_axis',(0.,0.,-1.));
#1434=DIRECTION('center_axis',(0.,1.,0.));
#1435=DIRECTION('ref_axis',(-1.,0.,0.));
#1436=DIRECTION('center_axis',(0.,-1.,0.));
#1437=DIRECTION('ref_axis',(-1.,0.,0.));
#1438=DIRECTION('center_axis',(0.,-1.,0.));
#1439=DIRECTION('ref_axis',(-1.,0.,0.));
#1440=DIRECTION('',(0.,0.,-1.));
#1441=DIRECTION('',(0.,0.,1.));
#1442=DIRECTION('center_axis',(0.,0.,1.));
#1443=DIRECTION('ref_axis',(0.707106781186545,-0.70710678118655,0.));
#1444=DIRECTION('',(0.,0.,-1.));
#1445=DIRECTION('center_axis',(0.,0.,-1.));
#1446=DIRECTION('ref_axis',(-0.707106781186545,-0.70710678118655,0.));
#1447=DIRECTION('',(0.,0.,1.));
#1448=DIRECTION('center_axis',(-1.,0.,0.));
#1449=DIRECTION('ref_axis',(0.,-1.,0.));
#1450=DIRECTION('',(0.,-1.,0.));
#1451=DIRECTION('',(0.,0.,-1.));
#1452=DIRECTION('center_axis',(-1.,0.,0.));
#1453=DIRECTION('ref_axis',(0.,0.,-1.));
#1454=DIRECTION('center_axis',(0.,0.,-1.));
#1455=DIRECTION('ref_axis',(0.707106781186543,0.707106781186552,0.));
#1456=DIRECTION('',(0.,0.,1.));
#1457=DIRECTION('',(0.,0.,-1.));
#1458=DIRECTION('center_axis',(0.,-1.,0.));
#1459=DIRECTION('ref_axis',(0.,0.,-1.));
#1460=DIRECTION('center_axis',(0.,1.,0.));
#1461=DIRECTION('ref_axis',(-1.,0.,0.));
#1462=DIRECTION('center_axis',(0.,-1.,0.));
#1463=DIRECTION('ref_axis',(-1.,0.,0.));
#1464=DIRECTION('center_axis',(0.,0.,-1.));
#1465=DIRECTION('ref_axis',(0.707106781186543,0.707106781186552,0.));
#1466=DIRECTION('',(0.,0.,1.));
#1467=DIRECTION('center_axis',(0.,1.,0.));
#1468=DIRECTION('ref_axis',(-1.,0.,0.));
#1469=DIRECTION('center_axis',(-0.835164654424504,-3.70887611478078E-15,
-0.549999999999999));
#1470=DIRECTION('ref_axis',(-0.549999999999999,0.,0.835164654424504));
#1471=DIRECTION('center_axis',(-0.408248290463863,-0.816496580927726,0.408248290463863));
#1472=DIRECTION('ref_axis',(0.577350269189626,-0.577350269189624,-0.577350269189627));
#1473=DIRECTION('center_axis',(0.,0.,1.));
#1474=DIRECTION('ref_axis',(1.,0.,0.));
#1475=DIRECTION('center_axis',(0.,1.,0.));
#1476=DIRECTION('ref_axis',(0.,0.,-1.));
#1477=DIRECTION('center_axis',(-1.,0.,0.));
#1478=DIRECTION('ref_axis',(0.,-1.,0.));
#1479=DIRECTION('center_axis',(0.,0.,1.));
#1480=DIRECTION('ref_axis',(1.,0.,0.));
#1481=DIRECTION('center_axis',(0.,1.,0.));
#1482=DIRECTION('ref_axis',(-0.350000000000001,0.,0.936749699759759));
#1483=DIRECTION('center_axis',(-0.936749699759759,0.,-0.350000000000001));
#1484=DIRECTION('ref_axis',(0.,1.,0.));
#1485=DIRECTION('center_axis',(0.,0.,1.));
#1486=DIRECTION('ref_axis',(-1.,0.,0.));
#1487=DIRECTION('center_axis',(0.,1.,0.));
#1488=DIRECTION('ref_axis',(0.,0.,1.));
#1489=DIRECTION('center_axis',(0.,-1.,0.));
#1490=DIRECTION('ref_axis',(-0.231348822813161,0.,0.972870866139471));
#1491=DIRECTION('center_axis',(0.,1.,0.));
#1492=DIRECTION('ref_axis',(-0.979795897113271,0.,0.2));
#1493=DIRECTION('center_axis',(0.400000000000001,0.,0.916515138991168));
#1494=DIRECTION('ref_axis',(0.,1.,0.));
#1495=DIRECTION('center_axis',(0.,-1.,0.));
#1496=DIRECTION('ref_axis',(0.,0.,-1.));
#1497=DIRECTION('center_axis',(0.,-1.,0.));
#1498=DIRECTION('ref_axis',(1.,0.,0.));
#1499=DIRECTION('center_axis',(0.,0.,1.));
#1500=DIRECTION('ref_axis',(0.,1.,0.));
#1501=DIRECTION('center_axis',(0.,1.,0.));
#1502=DIRECTION('ref_axis',(0.707106781186547,0.,-0.707106781186548));
#1503=DIRECTION('center_axis',(-1.,0.,0.));
#1504=DIRECTION('ref_axis',(0.,0.,1.));
#1505=DIRECTION('center_axis',(-6.31038906261085E-16,0.,1.));
#1506=DIRECTION('ref_axis',(-0.707106781186549,0.707106781186546,0.));
#1507=DIRECTION('',(6.31038906261085E-16,0.,-1.));
#1508=DIRECTION('',(-6.31038906261085E-16,0.,1.));
#1509=DIRECTION('center_axis',(0.,1.,0.));
#1510=DIRECTION('ref_axis',(0.35,0.,0.93674969975976));
#1511=DIRECTION('center_axis',(0.835164654424504,0.,-0.549999999999999));
#1512=DIRECTION('ref_axis',(0.,1.,0.));
#1513=DIRECTION('center_axis',(0.,1.,0.));
#1514=DIRECTION('ref_axis',(1.66533453693773E-15,0.,1.));
#1515=DIRECTION('center_axis',(-0.399999999999999,4.40321174628963E-15,
0.916515138991168));
#1516=DIRECTION('ref_axis',(0.916515138991168,0.,0.399999999999999));
#1517=DIRECTION('center_axis',(-0.342997170285014,-0.840168050416807,0.420084025208403));
#1518=DIRECTION('ref_axis',(-0.531368931324058,0.542326144546637,0.650791373455971));
#1519=DIRECTION('center_axis',(0.2,-4.79525706748374E-15,0.979795897113271));
#1520=DIRECTION('ref_axis',(-0.979795897113271,0.,0.2));
#1521=DIRECTION('center_axis',(0.,1.,0.));
#1522=DIRECTION('ref_axis',(0.,0.,1.));
#1523=DIRECTION('center_axis',(-1.,0.,0.));
#1524=DIRECTION('ref_axis',(0.,1.,0.));
#1525=DIRECTION('center_axis',(0.,1.,0.));
#1526=DIRECTION('ref_axis',(-0.632455532033676,0.,0.774596669241483));
#1527=DIRECTION('',(0.,1.,0.));
#1528=DIRECTION('center_axis',(1.,0.,-7.30049033360986E-16));
#1529=DIRECTION('ref_axis',(0.,0.707106781186547,0.707106781186547));
#1530=DIRECTION('',(-1.,0.,7.30049033360987E-16));
#1531=DIRECTION('',(1.,0.,-7.30049033360987E-16));
#1532=DIRECTION('center_axis',(0.40824829046386,0.408248290463863,-0.816496580927728));
#1533=DIRECTION('ref_axis',(-0.577350269189627,-0.577350269189629,-0.577350269189621));
#1534=DIRECTION('center_axis',(1.,0.,-1.52655665885958E-15));
#1535=DIRECTION('ref_axis',(-1.52655665885958E-15,0.,-1.));
#1536=DIRECTION('center_axis',(0.,1.,0.));
#1537=DIRECTION('ref_axis',(-1.,0.,0.));
#1538=DIRECTION('center_axis',(-4.44089209850063E-15,0.,1.));
#1539=DIRECTION('ref_axis',(0.,-1.,0.));
#1540=DIRECTION('center_axis',(0.,0.,1.));
#1541=DIRECTION('ref_axis',(1.,0.,0.));
#1542=DIRECTION('center_axis',(0.,1.,0.));
#1543=DIRECTION('ref_axis',(1.,0.,0.));
#1544=DIRECTION('center_axis',(0.,0.,1.));
#1545=DIRECTION('ref_axis',(0.,1.,0.));
#1546=DIRECTION('center_axis',(0.93674969975976,0.,-0.35));
#1547=DIRECTION('ref_axis',(0.35,0.,0.93674969975976));
#1548=DIRECTION('center_axis',(0.342997170285015,-0.840168050416809,0.420084025208399));
#1549=DIRECTION('ref_axis',(0.531368931324058,0.542326144546638,0.65079137345597));
#1550=DIRECTION('center_axis',(0.,1.,0.));
#1551=DIRECTION('ref_axis',(0.979795897113271,0.,0.2));
#1552=DIRECTION('center_axis',(-0.2,0.,0.979795897113271));
#1553=DIRECTION('ref_axis',(0.,1.,0.));
#1554=DIRECTION('center_axis',(1.,-1.11022302462516E-15,-1.66533453693773E-15));
#1555=DIRECTION('ref_axis',(1.66533453693773E-15,0.,1.));
#1556=DIRECTION('center_axis',(0.,1.,0.));
#1557=DIRECTION('ref_axis',(-1.79452412525775E-15,0.,-1.));
#1558=DIRECTION('center_axis',(0.,-1.,0.));
#1559=DIRECTION('ref_axis',(-1.21115239050017E-15,0.,-1.));
#1560=DIRECTION('center_axis',(0.,-1.,0.));
#1561=DIRECTION('ref_axis',(0.,0.,-1.));
#1562=DIRECTION('center_axis',(0.,-1.,0.));
#1563=DIRECTION('ref_axis',(-1.5265566588596E-15,0.,-1.));
#1564=DIRECTION('center_axis',(1.,0.,-1.66533453693773E-15));
#1565=DIRECTION('ref_axis',(0.,1.,0.));
#1566=DIRECTION('center_axis',(0.,1.,0.));
#1567=DIRECTION('ref_axis',(-0.707106781186548,0.,-0.707106781186547));
#1568=DIRECTION('center_axis',(0.,0.,1.));
#1569=DIRECTION('ref_axis',(1.,0.,0.));
#1570=DIRECTION('center_axis',(1.,0.,-1.46009806672197E-15));
#1571=DIRECTION('ref_axis',(1.57009245868377E-15,0.707106781186544,0.707106781186551));
#1572=DIRECTION('',(-1.,0.,1.46009806672197E-15));
#1573=DIRECTION('',(1.,0.,-1.46009806672197E-15));
#1574=DIRECTION('center_axis',(0.,0.,-1.));
#1575=DIRECTION('ref_axis',(0.707106781186549,0.707106781186546,0.));
#1576=DIRECTION('',(0.,0.,1.));
#1577=DIRECTION('center_axis',(0.,-1.,0.));
#1578=DIRECTION('ref_axis',(-0.707106781186549,0.,-0.707106781186546));
#1579=DIRECTION('',(0.,1.,0.));
#1580=DIRECTION('center_axis',(0.,-1.,0.));
#1581=DIRECTION('ref_axis',(0.632455532033676,0.,0.774596669241483));
#1582=DIRECTION('',(0.,-1.,0.));
#1583=DIRECTION('center_axis',(0.,1.,0.));
#1584=DIRECTION('ref_axis',(0.,0.,1.));
#1585=DIRECTION('center_axis',(0.,-1.,0.));
#1586=DIRECTION('ref_axis',(0.231348822813161,0.,0.972870866139471));
#1587=DIRECTION('center_axis',(0.,1.,0.));
#1588=DIRECTION('ref_axis',(0.821583836257749,0.,0.570087712549569));
#1589=DIRECTION('center_axis',(0.,0.,-1.));
#1590=DIRECTION('ref_axis',(-0.707106781186546,-0.707106781186549,0.));
#1591=DIRECTION('',(0.,0.,-1.));
#1592=DIRECTION('center_axis',(1.,0.,-1.46009806672197E-15));
#1593=DIRECTION('ref_axis',(-1.17756934401282E-15,-0.707106781186547,-0.707106781186547));
#1594=DIRECTION('',(-1.,0.,1.46009806672197E-15));
#1595=DIRECTION('',(1.,0.,-1.46009806672197E-15));
#1596=DIRECTION('center_axis',(0.,-1.,0.));
#1597=DIRECTION('ref_axis',(0.,0.,-1.));
#1598=DIRECTION('center_axis',(0.,-1.,0.));
#1599=DIRECTION('ref_axis',(0.756545087908564,0.,0.653941534054401));
#1600=DIRECTION('center_axis',(0.,0.,1.));
#1601=DIRECTION('ref_axis',(-0.707106781186555,0.70710678118654,0.));
#1602=DIRECTION('',(0.,0.,1.));
#1603=DIRECTION('',(0.,0.,-1.));
#1604=DIRECTION('center_axis',(0.,-1.,0.));
#1605=DIRECTION('ref_axis',(0.707106781186549,0.,-0.707106781186546));
#1606=DIRECTION('',(0.,1.,0.));
#1607=DIRECTION('',(0.,-1.,0.));
#1608=DIRECTION('center_axis',(0.,-1.,0.));
#1609=DIRECTION('ref_axis',(0.,0.,-1.));
#1610=DIRECTION('center_axis',(0.,-1.,0.));
#1611=DIRECTION('ref_axis',(-0.756545087908564,0.,0.653941534054401));
#1612=DIRECTION('center_axis',(1.,0.,-7.30049033360986E-16));
#1613=DIRECTION('ref_axis',(0.,-0.707106781186547,-0.707106781186547));
#1614=DIRECTION('',(-1.,0.,7.30049033360987E-16));
#1615=DIRECTION('',(1.,0.,-7.30049033360987E-16));
#1616=DIRECTION('center_axis',(0.,-1.,0.));
#1617=DIRECTION('ref_axis',(0.,0.,-1.));
#1618=DIRECTION('center_axis',(0.,-1.,0.));
#1619=DIRECTION('ref_axis',(1.,0.,0.));
#1620=DIRECTION('center_axis',(0.,1.,0.));
#1621=DIRECTION('ref_axis',(1.,0.,0.));
#1622=DIRECTION('center_axis',(0.,-1.,0.));
#1623=DIRECTION('ref_axis',(-0.821583836257749,0.,0.570087712549568));
#1624=DIRECTION('',(0.,-1.,0.));
#1625=DIRECTION('center_axis',(-6.31038906261085E-16,0.,1.));
#1626=DIRECTION('ref_axis',(0.707106781186546,-0.707106781186549,0.));
#1627=DIRECTION('',(6.31038906261085E-16,0.,-1.));
#1628=DIRECTION('',(-6.31038906261085E-16,0.,1.));
#1629=DIRECTION('center_axis',(0.,0.,1.));
#1630=DIRECTION('ref_axis',(-0.707106781186555,0.70710678118654,0.));
#1631=DIRECTION('',(0.,0.,1.));
#1632=DIRECTION('',(0.,0.,-1.));
#1633=DIRECTION('center_axis',(0.,-1.,0.));
#1634=DIRECTION('ref_axis',(0.,0.,-1.));
#1635=DIRECTION('center_axis',(0.,-1.,0.));
#1636=DIRECTION('ref_axis',(0.,0.,-1.));
#1637=DIRECTION('center_axis',(0.,1.,0.));
#1638=DIRECTION('ref_axis',(0.,0.,-1.));
#1639=DIRECTION('center_axis',(1.,0.,6.31038906261085E-16));
#1640=DIRECTION('ref_axis',(-6.31038906261085E-16,0.,1.));
#1641=DIRECTION('center_axis',(1.,0.,6.31038906261085E-16));
#1642=DIRECTION('ref_axis',(0.,0.,-1.));
#1643=DIRECTION('center_axis',(-7.30049033360986E-16,0.,-1.));
#1644=DIRECTION('ref_axis',(1.,0.,-7.30049033360987E-16));
#1645=DIRECTION('center_axis',(0.,1.,0.));
#1646=DIRECTION('ref_axis',(-1.,0.,0.));
#1647=DIRECTION('center_axis',(-1.46009806672197E-15,0.,-1.));
#1648=DIRECTION('ref_axis',(1.,0.,-1.46009806672197E-15));
#1649=DIRECTION('center_axis',(0.,1.,0.));
#1650=DIRECTION('ref_axis',(-1.,0.,0.));
#1651=DIRECTION('center_axis',(0.,1.,0.));
#1652=DIRECTION('ref_axis',(-1.,0.,0.));
#1653=DIRECTION('center_axis',(0.,0.,1.));
#1654=DIRECTION('ref_axis',(1.,0.,0.));
#1655=DIRECTION('',(0.,0.,1.));
#1656=DIRECTION('center_axis',(0.,0.,1.));
#1657=DIRECTION('ref_axis',(1.,0.,0.));
#1658=DIRECTION('',(0.,0.,1.));
#1659=DIRECTION('center_axis',(0.,0.,1.));
#1660=DIRECTION('ref_axis',(1.,0.,0.));
#1661=DIRECTION('',(0.,0.,1.));
#1662=DIRECTION('center_axis',(0.,0.,1.));
#1663=DIRECTION('ref_axis',(1.,0.,0.));
#1664=DIRECTION('',(0.,0.,1.));
#1665=DIRECTION('center_axis',(0.,-1.,0.));
#1666=DIRECTION('ref_axis',(1.,0.,0.));
#1667=DIRECTION('',(0.,1.,0.));
#1668=DIRECTION('center_axis',(0.,-1.,0.));
#1669=DIRECTION('ref_axis',(1.,0.,0.));
#1670=DIRECTION('center_axis',(1.,0.,0.));
#1671=DIRECTION('ref_axis',(0.,0.,-1.));
#1672=DIRECTION('center_axis',(1.,0.,0.));
#1673=DIRECTION('ref_axis',(0.,0.,-1.));
#1674=DIRECTION('',(1.,0.,0.));
#1675=DIRECTION('center_axis',(-1.,0.,0.));
#1676=DIRECTION('ref_axis',(0.,0.,-1.));
#1677=DIRECTION('',(-1.,0.,0.));
#1678=DIRECTION('center_axis',(0.,-1.,0.));
#1679=DIRECTION('ref_axis',(-2.83276944882399E-16,0.,-1.));
#1680=DIRECTION('',(0.,-1.,0.));
#1681=DIRECTION('',(0.,1.,0.));
#1682=DIRECTION('center_axis',(-1.,0.,0.));
#1683=DIRECTION('ref_axis',(0.,-1.,0.));
#1684=DIRECTION('',(0.,1.,0.));
#1685=DIRECTION('center_axis',(1.,0.,0.));
#1686=DIRECTION('ref_axis',(0.,1.,0.));
#1687=DIRECTION('',(0.,-1.,0.));
#1688=DIRECTION('center_axis',(1.,0.,0.));
#1689=DIRECTION('ref_axis',(0.,1.,0.));
#1690=DIRECTION('',(0.,1.,0.));
#1691=DIRECTION('center_axis',(0.,-1.,0.));
#1692=DIRECTION('ref_axis',(-1.,0.,0.));
#1693=DIRECTION('center_axis',(0.,-1.,0.));
#1694=DIRECTION('ref_axis',(1.,0.,-1.22464679914735E-16));
#1695=DIRECTION('center_axis',(0.,1.,0.));
#1696=DIRECTION('ref_axis',(-1.,0.,0.));
#1697=CARTESIAN_POINT('',(0.,0.,0.));
#1698=CARTESIAN_POINT('Origin',(0.12828661348876,1.61981017812881,0.991723018251066));
#1699=CARTESIAN_POINT('',(-0.0882488195821056,1.66491426961459,0.893297821400672));
#1700=CARTESIAN_POINT('',(-0.0882488195821056,1.57470608664302,0.893297821400672));
#1701=CARTESIAN_POINT('Ctrl Pts',(-0.0882488195821056,1.66491426961459,
0.893297821400672));
#1702=CARTESIAN_POINT('Ctrl Pts',(-0.0882488195821056,1.66045460122538,
0.891254144603875));
#1703=CARTESIAN_POINT('Ctrl Pts',(-0.0880905357814072,1.65578382836526,
0.889484854909183));
#1704=CARTESIAN_POINT('Ctrl Pts',(-0.0874793463762634,1.64068805827155,
0.884941849066443));
#1705=CARTESIAN_POINT('Ctrl Pts',(-0.0869986556668244,1.62985340563288,
0.883455301715633));
#1706=CARTESIAN_POINT('Ctrl Pts',(-0.0869986556668244,1.60976695062473,
0.883455301715633));
#1707=CARTESIAN_POINT('Ctrl Pts',(-0.0874793463762634,1.59893229798607,
0.884941849066443));
#1708=CARTESIAN_POINT('Ctrl Pts',(-0.0880905357814071,1.58383652789235,
0.889484854909182));
#1709=CARTESIAN_POINT('Ctrl Pts',(-0.0882488195821056,1.57916575503224,
0.891254144603874));
#1710=CARTESIAN_POINT('Ctrl Pts',(-0.0882488195821056,1.57470608664302,
0.893297821400672));
#1711=CARTESIAN_POINT('Origin',(-0.0882488195821056,1.61981017812881,0.991723018251066));
#1712=CARTESIAN_POINT('Origin',(-0.0882488195821056,1.77729049308944,1.13099191391809));
#1713=CARTESIAN_POINT('',(-0.0882488195821056,1.73792041434928,0.893297821400672));
#1714=CARTESIAN_POINT('',(-0.0882488195821056,1.77729049308944,0.893297821400672));
#1715=CARTESIAN_POINT('',(-0.0882488195821056,1.73792041434928,1.10461660083365));
#1716=CARTESIAN_POINT('',(-0.0882488195821056,1.73792041434928,0.933404710179065));
#1717=CARTESIAN_POINT('',(-0.0882488195821056,1.50169994190833,1.10461660083365));
#1718=CARTESIAN_POINT('',(-0.0882488195821056,1.18673931198707,1.10461660083365));
#1719=CARTESIAN_POINT('',(-0.0882488195821056,1.50169994190833,0.893297821400672));
#1720=CARTESIAN_POINT('',(-0.0882488195821056,1.50169994190833,1.06172587110369));
#1721=CARTESIAN_POINT('',(-0.0882488195821056,1.77729049308944,0.893297821400672));
#1722=CARTESIAN_POINT('',(-0.0882488195821056,1.61981017812881,1.04880963242429));
#1723=CARTESIAN_POINT('Origin',(-0.0882488195821056,1.61981017812881,0.991723018251066));
#1724=CARTESIAN_POINT('Origin',(-0.265414173912814,0.635558209624869,0.735817506440042));
#1725=CARTESIAN_POINT('',(-0.265414173912814,0.596188130884711,1.09014821510146));
#1726=CARTESIAN_POINT('Origin',(-0.265414173912814,0.596188130884711,0.735817506440042));
#1727=CARTESIAN_POINT('',(-0.265414173912814,0.635558209624869,1.12951829384162));
#1728=CARTESIAN_POINT('Origin',(-0.265414173912814,0.635558209624869,1.09014821510146));
#1729=CARTESIAN_POINT('',(-0.659114961314389,0.635558209624869,0.735817506440042));
#1730=CARTESIAN_POINT('Origin',(-0.265414173912814,0.635558209624869,0.735817506440042));
#1731=CARTESIAN_POINT('Origin',(-0.265414173912814,0.635558209624869,0.735817506440042));
#1732=CARTESIAN_POINT('Origin',(-0.265414173912814,1.18673931198707,0.735817506440042));
#1733=CARTESIAN_POINT('',(-0.659114961314389,1.167054272617,0.735817506440043));
#1734=CARTESIAN_POINT('',(-0.659114961314389,1.18673931198707,0.735817506440042));
#1735=CARTESIAN_POINT('',(-0.265414173912814,1.167054272617,0.342116719038468));
#1736=CARTESIAN_POINT('Origin',(-0.265414173912814,1.167054272617,0.735817506440042));
#1737=CARTESIAN_POINT('Origin',(-0.265414173912814,1.167054272617,0.735817506440042));
#1738=CARTESIAN_POINT('',(-0.315611024306515,0.793038524585499,1.12630513263474));
#1739=CARTESIAN_POINT('Ctrl Pts',(-0.315611024306515,0.793038524585499,
1.12630513263474));
#1740=CARTESIAN_POINT('Ctrl Pts',(-0.315611024306515,0.799348761365394,
1.12630513263474));
#1741=CARTESIAN_POINT('Ctrl Pts',(-0.314348514037913,0.806074860500906,
1.12647387576553));
#1742=CARTESIAN_POINT('Ctrl Pts',(-0.309223618344867,0.818440263333205,
1.12708174077486));
#1743=CARTESIAN_POINT('Ctrl Pts',(-0.305361605186635,0.824080159926863,
1.12751190711889));
#1744=CARTESIAN_POINT('Ctrl Pts',(-0.296455849544533,0.832985915568965,
1.12831809854247));
#1745=CARTESIAN_POINT('Ctrl Pts',(-0.290815935448432,0.83684796029926,1.12874673414845));
#1746=CARTESIAN_POINT('Ctrl Pts',(-0.278450473297114,0.841972879124816,
1.12935109125057));
#1747=CARTESIAN_POINT('Ctrl Pts',(-0.271724353596931,0.8432353749792,1.12951829384162));
#1748=CARTESIAN_POINT('Ctrl Pts',(-0.259103994228698,0.8432353749792,1.12951829384162));
#1749=CARTESIAN_POINT('Ctrl Pts',(-0.252377874528514,0.841972879124816,
1.12935109125057));
#1750=CARTESIAN_POINT('Ctrl Pts',(-0.240012412377197,0.83684796029926,1.12874673414845));
#1751=CARTESIAN_POINT('Ctrl Pts',(-0.234372498281095,0.832985915568965,
1.12831809854247));
#1752=CARTESIAN_POINT('Ctrl Pts',(-0.225466742638993,0.824080159926863,
1.12751190711889));
#1753=CARTESIAN_POINT('Ctrl Pts',(-0.221604729480761,0.818440263333205,
1.12708174077486));
#1754=CARTESIAN_POINT('Ctrl Pts',(-0.216479833787716,0.806074860500906,
1.12647387576553));
#1755=CARTESIAN_POINT('Ctrl Pts',(-0.215217323519113,0.799348761365395,
1.12630513263474));
#1756=CARTESIAN_POINT('Ctrl Pts',(-0.215217323519113,0.786728287805603,
1.12630513263474));
#1757=CARTESIAN_POINT('Ctrl Pts',(-0.216479833787716,0.780002188670092,
1.12647387576553));
#1758=CARTESIAN_POINT('Ctrl Pts',(-0.221604729480762,0.767636785837793,
1.12708174077486));
#1759=CARTESIAN_POINT('Ctrl Pts',(-0.225466742638993,0.761996889244135,
1.12751190711889));
#1760=CARTESIAN_POINT('Ctrl Pts',(-0.234372498281095,0.753091133602033,
1.12831809854247));
#1761=CARTESIAN_POINT('Ctrl Pts',(-0.240012412377196,0.749229088871738,
1.12874673414845));
#1762=CARTESIAN_POINT('Ctrl Pts',(-0.252377874528514,0.744104170046182,
1.12935109125057));
#1763=CARTESIAN_POINT('Ctrl Pts',(-0.259103994228698,0.742841674191798,
1.12951829384162));
#1764=CARTESIAN_POINT('Ctrl Pts',(-0.271724353596931,0.742841674191798,
1.12951829384162));
#1765=CARTESIAN_POINT('Ctrl Pts',(-0.278450473297114,0.744104170046182,
1.12935109125057));
#1766=CARTESIAN_POINT('Ctrl Pts',(-0.290815935448432,0.749229088871738,
1.12874673414845));
#1767=CARTESIAN_POINT('Ctrl Pts',(-0.296455849544533,0.753091133602033,
1.12831809854247));
#1768=CARTESIAN_POINT('Ctrl Pts',(-0.305361605186635,0.761996889244135,
1.12751190711889));
#1769=CARTESIAN_POINT('Ctrl Pts',(-0.309223618344867,0.767636785837793,
1.12708174077486));
#1770=CARTESIAN_POINT('Ctrl Pts',(-0.314348514037913,0.780002188670092,
1.12647387576553));
#1771=CARTESIAN_POINT('Ctrl Pts',(-0.315611024306515,0.786728287805603,
1.12630513263474));
#1772=CARTESIAN_POINT('Ctrl Pts',(-0.315611024306515,0.793038524585499,
1.12630513263474));
#1773=CARTESIAN_POINT('',(-0.215217323519113,0.793038524585499,0.345329880245342));
#1774=CARTESIAN_POINT('',(-0.315611024306515,0.793038524585499,0.345329880245342));
#1775=CARTESIAN_POINT('Ctrl Pts',(-0.215217323519113,0.793038524585499,
0.345329880245342));
#1776=CARTESIAN_POINT('Ctrl Pts',(-0.215217323519113,0.799348761365395,
0.345329880245342));
#1777=CARTESIAN_POINT('Ctrl Pts',(-0.216479833787716,0.806074860500906,
0.345161137114552));
#1778=CARTESIAN_POINT('Ctrl Pts',(-0.221604729480761,0.818440263333205,
0.344553272105227));
#1779=CARTESIAN_POINT('Ctrl Pts',(-0.225466742638993,0.824080159926863,
0.344123105761192));
#1780=CARTESIAN_POINT('Ctrl Pts',(-0.234372498281095,0.832985915568965,
0.343316914337611));
#1781=CARTESIAN_POINT('Ctrl Pts',(-0.240012412377197,0.83684796029926,0.342888278731638));
#1782=CARTESIAN_POINT('Ctrl Pts',(-0.252377874528514,0.841972879124816,
0.34228392162951));
#1783=CARTESIAN_POINT('Ctrl Pts',(-0.259103994228698,0.8432353749792,0.342116719038468));
#1784=CARTESIAN_POINT('Ctrl Pts',(-0.271724353596931,0.8432353749792,0.342116719038468));
#1785=CARTESIAN_POINT('Ctrl Pts',(-0.278450473297114,0.841972879124816,
0.34228392162951));
#1786=CARTESIAN_POINT('Ctrl Pts',(-0.290815935448432,0.83684796029926,0.342888278731638));
#1787=CARTESIAN_POINT('Ctrl Pts',(-0.296455849544533,0.832985915568965,
0.343316914337611));
#1788=CARTESIAN_POINT('Ctrl Pts',(-0.305361605186635,0.824080159926863,
0.344123105761192));
#1789=CARTESIAN_POINT('Ctrl Pts',(-0.309223618344867,0.818440263333205,
0.344553272105227));
#1790=CARTESIAN_POINT('Ctrl Pts',(-0.314348514037913,0.806074860500906,
0.345161137114552));
#1791=CARTESIAN_POINT('Ctrl Pts',(-0.315611024306515,0.799348761365395,
0.345329880245342));
#1792=CARTESIAN_POINT('Ctrl Pts',(-0.315611024306515,0.793038524585499,
0.345329880245342));
#1793=CARTESIAN_POINT('Ctrl Pts',(-0.315611024306515,0.793038524585499,
0.345329880245342));
#1794=CARTESIAN_POINT('Ctrl Pts',(-0.315611024306515,0.786728287805603,
0.345329880245342));
#1795=CARTESIAN_POINT('Ctrl Pts',(-0.314348514037913,0.780002188670092,
0.345161137114552));
#1796=CARTESIAN_POINT('Ctrl Pts',(-0.309223618344867,0.767636785837793,
0.344553272105227));
#1797=CARTESIAN_POINT('Ctrl Pts',(-0.305361605186635,0.761996889244135,
0.344123105761192));
#1798=CARTESIAN_POINT('Ctrl Pts',(-0.296455849544533,0.753091133602033,
0.343316914337611));
#1799=CARTESIAN_POINT('Ctrl Pts',(-0.290815935448432,0.749229088871738,
0.342888278731638));
#1800=CARTESIAN_POINT('Ctrl Pts',(-0.278450473297115,0.744104170046182,
0.34228392162951));
#1801=CARTESIAN_POINT('Ctrl Pts',(-0.271724353596931,0.742841674191798,
0.342116719038468));
#1802=CARTESIAN_POINT('Ctrl Pts',(-0.259103994228698,0.742841674191798,
0.342116719038468));
#1803=CARTESIAN_POINT('Ctrl Pts',(-0.252377874528514,0.744104170046182,
0.34228392162951));
#1804=CARTESIAN_POINT('Ctrl Pts',(-0.240012412377197,0.749229088871738,
0.342888278731638));
#1805=CARTESIAN_POINT('Ctrl Pts',(-0.234372498281095,0.753091133602033,
0.343316914337611));
#1806=CARTESIAN_POINT('Ctrl Pts',(-0.225466742638993,0.761996889244135,
0.344123105761192));
#1807=CARTESIAN_POINT('Ctrl Pts',(-0.221604729480762,0.767636785837793,
0.344553272105227));
#1808=CARTESIAN_POINT('Ctrl Pts',(-0.216479833787716,0.780002188670092,
0.345161137114552));
#1809=CARTESIAN_POINT('Ctrl Pts',(-0.215217323519113,0.786728287805603,
0.345329880245342));
#1810=CARTESIAN_POINT('Ctrl Pts',(-0.215217323519113,0.793038524585499,
0.345329880245342));
#1811=CARTESIAN_POINT('',(-0.315611024306515,0.989888918286286,1.12630513263474));
#1812=CARTESIAN_POINT('Ctrl Pts',(-0.315611024306515,0.989888918286286,
1.12630513263474));
#1813=CARTESIAN_POINT('Ctrl Pts',(-0.315611024306515,0.996199155066182,
1.12630513263474));
#1814=CARTESIAN_POINT('Ctrl Pts',(-0.314348514037913,1.00292525420169,1.12647387576553));
#1815=CARTESIAN_POINT('Ctrl Pts',(-0.309223618344867,1.01529065703399,1.12708174077486));
#1816=CARTESIAN_POINT('Ctrl Pts',(-0.305361605186635,1.02093055362765,1.12751190711889));
#1817=CARTESIAN_POINT('Ctrl Pts',(-0.296455849544533,1.02983630926975,1.12831809854247));
#1818=CARTESIAN_POINT('Ctrl Pts',(-0.290815935448432,1.03369835400005,1.12874673414845));
#1819=CARTESIAN_POINT('Ctrl Pts',(-0.278450473297114,1.0388232728256,1.12935109125057));
#1820=CARTESIAN_POINT('Ctrl Pts',(-0.271724353596931,1.04008576867999,1.12951829384162));
#1821=CARTESIAN_POINT('Ctrl Pts',(-0.259103994228698,1.04008576867999,1.12951829384162));
#1822=CARTESIAN_POINT('Ctrl Pts',(-0.252377874528514,1.0388232728256,1.12935109125057));
#1823=CARTESIAN_POINT('Ctrl Pts',(-0.240012412377197,1.03369835400005,1.12874673414845));
#1824=CARTESIAN_POINT('Ctrl Pts',(-0.234372498281095,1.02983630926975,1.12831809854247));
#1825=CARTESIAN_POINT('Ctrl Pts',(-0.225466742638993,1.02093055362765,1.12751190711889));
#1826=CARTESIAN_POINT('Ctrl Pts',(-0.221604729480761,1.01529065703399,1.12708174077486));
#1827=CARTESIAN_POINT('Ctrl Pts',(-0.216479833787716,1.00292525420169,1.12647387576553));
#1828=CARTESIAN_POINT('Ctrl Pts',(-0.215217323519113,0.996199155066182,
1.12630513263474));
#1829=CARTESIAN_POINT('Ctrl Pts',(-0.215217323519113,0.98357868150639,1.12630513263474));
#1830=CARTESIAN_POINT('Ctrl Pts',(-0.216479833787716,0.976852582370879,
1.12647387576553));
#1831=CARTESIAN_POINT('Ctrl Pts',(-0.221604729480761,0.96448717953858,1.12708174077486));
#1832=CARTESIAN_POINT('Ctrl Pts',(-0.225466742638993,0.958847282944922,
1.12751190711889));
#1833=CARTESIAN_POINT('Ctrl Pts',(-0.234372498281095,0.94994152730282,1.12831809854247));
#1834=CARTESIAN_POINT('Ctrl Pts',(-0.240012412377197,0.946079482572525,
1.12874673414845));
#1835=CARTESIAN_POINT('Ctrl Pts',(-0.252377874528514,0.940954563746969,
1.12935109125057));
#1836=CARTESIAN_POINT('Ctrl Pts',(-0.259103994228698,0.939692067892585,
1.12951829384162));
#1837=CARTESIAN_POINT('Ctrl Pts',(-0.271724353596931,0.939692067892585,
1.12951829384162));
#1838=CARTESIAN_POINT('Ctrl Pts',(-0.278450473297114,0.940954563746969,
1.12935109125057));
#1839=CARTESIAN_POINT('Ctrl Pts',(-0.290815935448432,0.946079482572525,
1.12874673414845));
#1840=CARTESIAN_POINT('Ctrl Pts',(-0.296455849544533,0.94994152730282,1.12831809854247));
#1841=CARTESIAN_POINT('Ctrl Pts',(-0.305361605186635,0.958847282944922,
1.12751190711889));
#1842=CARTESIAN_POINT('Ctrl Pts',(-0.309223618344867,0.96448717953858,1.12708174077486));
#1843=CARTESIAN_POINT('Ctrl Pts',(-0.314348514037913,0.976852582370879,
1.12647387576553));
#1844=CARTESIAN_POINT('Ctrl Pts',(-0.315611024306515,0.98357868150639,1.12630513263474));
#1845=CARTESIAN_POINT('Ctrl Pts',(-0.315611024306515,0.989888918286286,
1.12630513263474));
#1846=CARTESIAN_POINT('',(-0.215217323519113,0.989888918286286,0.345329880245342));
#1847=CARTESIAN_POINT('',(-0.315611024306515,0.989888918286286,0.345329880245342));
#1848=CARTESIAN_POINT('Ctrl Pts',(-0.215217323519113,0.989888918286286,
0.345329880245342));
#1849=CARTESIAN_POINT('Ctrl Pts',(-0.215217323519113,0.996199155066182,
0.345329880245342));
#1850=CARTESIAN_POINT('Ctrl Pts',(-0.216479833787716,1.00292525420169,0.345161137114552));
#1851=CARTESIAN_POINT('Ctrl Pts',(-0.221604729480761,1.01529065703399,0.344553272105227));
#1852=CARTESIAN_POINT('Ctrl Pts',(-0.225466742638993,1.02093055362765,0.344123105761192));
#1853=CARTESIAN_POINT('Ctrl Pts',(-0.234372498281095,1.02983630926975,0.343316914337611));
#1854=CARTESIAN_POINT('Ctrl Pts',(-0.240012412377197,1.03369835400005,0.342888278731638));
#1855=CARTESIAN_POINT('Ctrl Pts',(-0.252377874528514,1.0388232728256,0.34228392162951));
#1856=CARTESIAN_POINT('Ctrl Pts',(-0.259103994228698,1.04008576867999,0.342116719038468));
#1857=CARTESIAN_POINT('Ctrl Pts',(-0.271724353596931,1.04008576867999,0.342116719038468));
#1858=CARTESIAN_POINT('Ctrl Pts',(-0.278450473297114,1.0388232728256,0.34228392162951));
#1859=CARTESIAN_POINT('Ctrl Pts',(-0.290815935448432,1.03369835400005,0.342888278731638));
#1860=CARTESIAN_POINT('Ctrl Pts',(-0.296455849544533,1.02983630926975,0.343316914337611));
#1861=CARTESIAN_POINT('Ctrl Pts',(-0.305361605186635,1.02093055362765,0.344123105761192));
#1862=CARTESIAN_POINT('Ctrl Pts',(-0.309223618344867,1.01529065703399,0.344553272105227));
#1863=CARTESIAN_POINT('Ctrl Pts',(-0.314348514037913,1.00292525420169,0.345161137114552));
#1864=CARTESIAN_POINT('Ctrl Pts',(-0.315611024306515,0.996199155066182,
0.345329880245342));
#1865=CARTESIAN_POINT('Ctrl Pts',(-0.315611024306515,0.989888918286286,
0.345329880245342));
#1866=CARTESIAN_POINT('Ctrl Pts',(-0.315611024306515,0.989888918286286,
0.345329880245342));
#1867=CARTESIAN_POINT('Ctrl Pts',(-0.315611024306515,0.98357868150639,0.345329880245342));
#1868=CARTESIAN_POINT('Ctrl Pts',(-0.314348514037913,0.976852582370879,
0.345161137114552));
#1869=CARTESIAN_POINT('Ctrl Pts',(-0.309223618344867,0.96448717953858,0.344553272105227));
#1870=CARTESIAN_POINT('Ctrl Pts',(-0.305361605186635,0.958847282944922,
0.344123105761192));
#1871=CARTESIAN_POINT('Ctrl Pts',(-0.296455849544533,0.94994152730282,0.343316914337611));
#1872=CARTESIAN_POINT('Ctrl Pts',(-0.290815935448432,0.946079482572525,
0.342888278731638));
#1873=CARTESIAN_POINT('Ctrl Pts',(-0.278450473297114,0.940954563746969,
0.34228392162951));
#1874=CARTESIAN_POINT('Ctrl Pts',(-0.271724353596931,0.939692067892585,
0.342116719038468));
#1875=CARTESIAN_POINT('Ctrl Pts',(-0.259103994228698,0.939692067892585,
0.342116719038468));
#1876=CARTESIAN_POINT('Ctrl Pts',(-0.252377874528514,0.940954563746969,
0.34228392162951));
#1877=CARTESIAN_POINT('Ctrl Pts',(-0.240012412377197,0.946079482572525,
0.342888278731638));
#1878=CARTESIAN_POINT('Ctrl Pts',(-0.234372498281095,0.94994152730282,0.343316914337611));
#1879=CARTESIAN_POINT('Ctrl Pts',(-0.225466742638993,0.958847282944922,
0.344123105761192));
#1880=CARTESIAN_POINT('Ctrl Pts',(-0.221604729480761,0.96448717953858,0.344553272105227));
#1881=CARTESIAN_POINT('Ctrl Pts',(-0.216479833787716,0.976852582370879,
0.345161137114552));
#1882=CARTESIAN_POINT('Ctrl Pts',(-0.215217323519113,0.98357868150639,0.345329880245342));
#1883=CARTESIAN_POINT('Ctrl Pts',(-0.215217323519113,0.989888918286286,
0.345329880245342));
#1884=CARTESIAN_POINT('Origin',(-0.265414173912814,0.596188130884711,0.735817506440042));
#1885=CARTESIAN_POINT('',(-0.423878740841948,0.596188130884711,0.735817506440042));
#1886=CARTESIAN_POINT('Origin',(-0.265414173912814,0.596188130884711,0.735817506440042));
#1887=CARTESIAN_POINT('Origin',(-0.265414173912814,1.20642435135715,0.735817506440042));
#1888=CARTESIAN_POINT('',(0.167656692228918,1.20642435135715,0.735817506440043));
#1889=CARTESIAN_POINT('',(-0.265414173912814,1.20642435135715,0.30274664029831));
#1890=CARTESIAN_POINT('Origin',(-0.265414173912814,1.20642435135715,0.735817506440042));
#1891=CARTESIAN_POINT('',(-0.265414173912814,1.18673931198707,0.322431679668389));
#1892=CARTESIAN_POINT('Origin',(-0.265414173912814,1.20642435135715,0.322431679668389));
#1893=CARTESIAN_POINT('Origin',(-0.265414173912814,1.18673931198707,0.735817506440042));
#1894=CARTESIAN_POINT('Origin',(-0.265414173912814,1.20642435135715,0.735817506440042));
#1895=CARTESIAN_POINT('Origin',(-0.265414173912814,1.18673931198707,0.735817506440042));
#1896=CARTESIAN_POINT('',(-0.416988977062421,1.73792041434928,1.14149651027301));
#1897=CARTESIAN_POINT('',(-0.285099213282893,1.73792041434928,1.16844075399587));
#1898=CARTESIAN_POINT('Origin',(-0.265414173912814,1.73792041434928,0.735817506440042));
#1899=CARTESIAN_POINT('',(-0.416988977062421,1.50169994190833,1.14149651027301));
#1900=CARTESIAN_POINT('',(-0.416988977062421,1.18673931198707,1.14149651027301));
#1901=CARTESIAN_POINT('',(-0.503603150290767,1.42295978442802,1.09750298670262));
#1902=CARTESIAN_POINT('Ctrl Pts',(-0.503603150290767,1.42295978442802,1.09750298670262));
#1903=CARTESIAN_POINT('Ctrl Pts',(-0.480504889709349,1.42295978442802,1.11271441028536));
#1904=CARTESIAN_POINT('Ctrl Pts',(-0.436012117586104,1.43904423723677,1.13508206822038));
#1905=CARTESIAN_POINT('Ctrl Pts',(-0.416988977062421,1.48284280523552,1.14149651027301));
#1906=CARTESIAN_POINT('Ctrl Pts',(-0.416988977062421,1.50169994190833,1.14149651027301));
#1907=CARTESIAN_POINT('',(-0.662330178987729,1.42295978442802,0.909045852896736));
#1908=CARTESIAN_POINT('Origin',(-0.265414173912814,1.42295978442802,0.735817506440042));
#1909=CARTESIAN_POINT('',(-0.689735231717774,1.50169994190833,0.822431679668389));
#1910=CARTESIAN_POINT('Ctrl Pts',(-0.689735231717774,1.50169994190833,0.822431679668389));
#1911=CARTESIAN_POINT('Ctrl Pts',(-0.689735231717774,1.48959068605485,0.822431679668389));
#1912=CARTESIAN_POINT('Ctrl Pts',(-0.688510781273997,1.46541453100557,0.828676373257764));
#1913=CARTESIAN_POINT('Ctrl Pts',(-0.681278214981469,1.43222487304483,0.858976495128219));
#1914=CARTESIAN_POINT('Ctrl Pts',(-0.670322287851031,1.42295978442802,0.890733630982531));
#1915=CARTESIAN_POINT('Ctrl Pts',(-0.662330178987729,1.42295978442802,0.909045852896736));
#1916=CARTESIAN_POINT('',(-0.689735231717774,1.73792041434928,0.822431679668389));
#1917=CARTESIAN_POINT('',(-0.689735231717774,1.18673931198707,0.822431679668389));
#1918=CARTESIAN_POINT('',(0.167656692228918,1.73792041434928,0.735817506440042));
#1919=CARTESIAN_POINT('Origin',(-0.265414173912814,1.73792041434928,0.735817506440042));
#1920=CARTESIAN_POINT('',(0.167656692228918,1.18673931198707,0.735817506440042));
#1921=CARTESIAN_POINT('',(0.158906883892146,1.73792041434928,0.822431679668388));
#1922=CARTESIAN_POINT('Origin',(-0.265414173912814,1.73792041434928,0.735817506440042));
#1923=CARTESIAN_POINT('',(0.158906883892146,1.50169994190833,0.822431679668388));
#1924=CARTESIAN_POINT('',(0.158906883892146,1.18673931198707,0.822431679668388));
#1925=CARTESIAN_POINT('',(0.131501831162101,1.42295978442802,0.909045852896735));
#1926=CARTESIAN_POINT('Ctrl Pts',(0.131501831162101,1.42295978442802,0.909045852896735));
#1927=CARTESIAN_POINT('Ctrl Pts',(0.136829818554783,1.42295978442802,0.896837900132368));
#1928=CARTESIAN_POINT('Ctrl Pts',(0.146334699098609,1.42772035372129,0.871881528447814));
#1929=CARTESIAN_POINT('Ctrl Pts',(0.156709530207772,1.45340359657398,0.834589010421749));
#1930=CARTESIAN_POINT('Ctrl Pts',(0.158906883892146,1.48353634852419,0.822431679668388));
#1931=CARTESIAN_POINT('Ctrl Pts',(0.158906883892146,1.50169994190833,0.822431679668388));
#1932=CARTESIAN_POINT('',(-0.0272251975348615,1.42295978442802,1.09750298670262));
#1933=CARTESIAN_POINT('Origin',(-0.265414173912814,1.42295978442802,0.735817506440042));
#1934=CARTESIAN_POINT('',(-0.113839370763208,1.50169994190833,1.14149651027301));
#1935=CARTESIAN_POINT('Ctrl Pts',(-0.113839370763208,1.50169994190833,1.14149651027301));
#1936=CARTESIAN_POINT('Ctrl Pts',(-0.113839370763208,1.48912831882243,1.14149651027301));
#1937=CARTESIAN_POINT('Ctrl Pts',(-0.107065537187871,1.46402682998413,1.13904222689348));
#1938=CARTESIAN_POINT('Ctrl Pts',(-0.0753364499653477,1.43112312309458,
1.12578898315904));
#1939=CARTESIAN_POINT('Ctrl Pts',(-0.0445491666975185,1.42295978442802,
1.10891173465308));
#1940=CARTESIAN_POINT('Ctrl Pts',(-0.0272251975348615,1.42295978442802,
1.09750298670262));
#1941=CARTESIAN_POINT('',(-0.113839370763208,1.73792041434928,1.14149651027301));
#1942=CARTESIAN_POINT('',(-0.113839370763208,1.18673931198707,1.14149651027301));
#1943=CARTESIAN_POINT('',(-0.245729134542736,1.73792041434928,1.16844075399587));
#1944=CARTESIAN_POINT('Origin',(-0.265414173912814,1.73792041434928,0.735817506440042));
#1945=CARTESIAN_POINT('',(-0.245729134542736,1.31666057182959,1.16844075399587));
#1946=CARTESIAN_POINT('',(-0.245729134542736,1.18673931198707,1.16844075399587));
#1947=CARTESIAN_POINT('',(-0.257540158164783,1.30484954820755,1.16881678470359));
#1948=CARTESIAN_POINT('Ctrl Pts',(-0.257540158164783,1.30484954820755,1.16881678470359));
#1949=CARTESIAN_POINT('Ctrl Pts',(-0.256056762142253,1.30484954820755,1.16878980940772));
#1950=CARTESIAN_POINT('Ctrl Pts',(-0.254474696587124,1.30514606637287,1.16875263079742));
#1951=CARTESIAN_POINT('Ctrl Pts',(-0.251564555642249,1.30635168900818,1.16866930803069));
#1952=CARTESIAN_POINT('Ctrl Pts',(-0.250236464506749,1.30726078547776,1.16862359861994));
#1953=CARTESIAN_POINT('Ctrl Pts',(-0.248139559418655,1.30935803105143,1.1685449763342));
#1954=CARTESIAN_POINT('Ctrl Pts',(-0.247230773930128,1.31068590756849,1.16850689027994));
#1955=CARTESIAN_POINT('Ctrl Pts',(-0.246025556233352,1.31359561531189,1.16845456036326));
#1956=CARTESIAN_POINT('Ctrl Pts',(-0.245729134542736,1.3151774587464,1.16844075399587));
#1957=CARTESIAN_POINT('Ctrl Pts',(-0.245729134542736,1.31666057182959,1.16844075399587));
#1958=CARTESIAN_POINT('',(-0.273288189660846,1.30484954820755,1.16881678470359));
#1959=CARTESIAN_POINT('Origin',(-0.265414173912814,1.30484954820755,0.735817506440042));
#1960=CARTESIAN_POINT('',(-0.285099213282893,1.31666057182959,1.16844075399587));
#1961=CARTESIAN_POINT('Ctrl Pts',(-0.285099213282893,1.31666057182959,1.16844075399587));
#1962=CARTESIAN_POINT('Ctrl Pts',(-0.285099213282893,1.3151774587464,1.16844075399587));
#1963=CARTESIAN_POINT('Ctrl Pts',(-0.284802791592276,1.31359561531189,1.16845456036326));
#1964=CARTESIAN_POINT('Ctrl Pts',(-0.2835975738955,1.31068590756849,1.16850689027994));
#1965=CARTESIAN_POINT('Ctrl Pts',(-0.282688788406973,1.30935803105143,1.1685449763342));
#1966=CARTESIAN_POINT('Ctrl Pts',(-0.28059188331888,1.30726078547776,1.16862359861994));
#1967=CARTESIAN_POINT('Ctrl Pts',(-0.27926379218338,1.30635168900818,1.16866930803069));
#1968=CARTESIAN_POINT('Ctrl Pts',(-0.276353651238505,1.30514606637287,1.16875263079742));
#1969=CARTESIAN_POINT('Ctrl Pts',(-0.274771585683376,1.30484954820755,1.16878980940772));
#1970=CARTESIAN_POINT('Ctrl Pts',(-0.273288189660846,1.30484954820755,1.16881678470359));
#1971=CARTESIAN_POINT('',(-0.285099213282893,1.18673931198707,1.16844075399587));
#1972=CARTESIAN_POINT('Origin',(-0.265414173912814,1.167054272617,0.735817506440042));
#1973=CARTESIAN_POINT('Origin',(-0.265414173912814,1.167054272617,0.322431679668389));
#1974=CARTESIAN_POINT('Origin',(-0.257540158164783,1.31666057182959,0.735817506440042));
#1975=CARTESIAN_POINT('',(-0.257540158164783,1.30484954820755,0.585550418117992));
#1976=CARTESIAN_POINT('',(-0.257540158164783,1.30484954820755,0.686242072347668));
#1977=CARTESIAN_POINT('',(-0.257540158164783,1.30484954820755,0.735817506440042));
#1978=CARTESIAN_POINT('',(-0.245729134542736,1.31666057182959,0.689641506023744));
#1979=CARTESIAN_POINT('Ctrl Pts',(-0.257540158164783,1.30484954820755,0.686242072347668));
#1980=CARTESIAN_POINT('Ctrl Pts',(-0.256026904747664,1.30484954820755,0.686482420847995));
#1981=CARTESIAN_POINT('Ctrl Pts',(-0.254429171298705,1.30515700852715,0.686814168322789));
#1982=CARTESIAN_POINT('Ctrl Pts',(-0.251507616961529,1.30638347833644,0.687561883940843));
#1983=CARTESIAN_POINT('Ctrl Pts',(-0.250182663724049,1.30730180505818,0.68797454333997));
#1984=CARTESIAN_POINT('Ctrl Pts',(-0.248117008794883,1.30939367594678,0.688682675843898));
#1985=CARTESIAN_POINT('Ctrl Pts',(-0.247223330058639,1.31070208074839,0.689028280425493));
#1986=CARTESIAN_POINT('Ctrl Pts',(-0.246029016089338,1.31358906657891,0.689510334802955));
#1987=CARTESIAN_POINT('Ctrl Pts',(-0.245729134542736,1.31516883820468,0.689641506023744));
#1988=CARTESIAN_POINT('Ctrl Pts',(-0.245729134542736,1.31666057182959,0.689641506023744));
#1989=CARTESIAN_POINT('',(-0.245729134542736,1.31666057182959,0.594644812045282));
#1990=CARTESIAN_POINT('',(-0.245729134542736,1.31666057182959,0.735817506440042));
#1991=CARTESIAN_POINT('Ctrl Pts',(-0.245729134542736,1.31666057182959,0.594644812045282));
#1992=CARTESIAN_POINT('Ctrl Pts',(-0.245729134542736,1.31539198855704,0.594644812045282));
#1993=CARTESIAN_POINT('Ctrl Pts',(-0.245933555266765,1.31414609783656,0.594500762236745));
#1994=CARTESIAN_POINT('Ctrl Pts',(-0.246741682672438,1.31169005549342,0.593924986591034));
#1995=CARTESIAN_POINT('Ctrl Pts',(-0.247364451986159,1.31053237730614,0.593479055703252));
#1996=CARTESIAN_POINT('Ctrl Pts',(-0.249044972549246,1.30831594841406,0.592252793268523));
#1997=CARTESIAN_POINT('Ctrl Pts',(-0.250145537814893,1.30734583615762,0.591436896836425));
#1998=CARTESIAN_POINT('Ctrl Pts',(-0.252274488370358,1.3060303800706,0.589811405214114));
#1999=CARTESIAN_POINT('Ctrl Pts',(-0.253268296483331,1.30559929185259,0.589037268890003));
#2000=CARTESIAN_POINT('Ctrl Pts',(-0.255325990312792,1.30500766267717,0.587392846991246));
#2001=CARTESIAN_POINT('Ctrl Pts',(-0.256392730812051,1.30485834557218,0.586518582059269));
#2002=CARTESIAN_POINT('Ctrl Pts',(-0.25747720955489,1.30484967397265,0.585603596626554));
#2003=CARTESIAN_POINT('Ctrl Pts',(-0.2575086895031,1.30484954820755,0.585577013991304));
#2004=CARTESIAN_POINT('Ctrl Pts',(-0.257540158164783,1.30484954820755,0.585550418117992));
#2005=CARTESIAN_POINT('Origin',(-0.273288189660846,1.31666057182959,0.735817506440042));
#2006=CARTESIAN_POINT('',(-0.285099213282893,1.31666057182959,0.594644812045282));
#2007=CARTESIAN_POINT('',(-0.285099213282893,1.31666057182959,0.689641506023744));
#2008=CARTESIAN_POINT('',(-0.285099213282893,1.31666057182959,0.735817506440042));
#2009=CARTESIAN_POINT('',(-0.273288189660846,1.30484954820755,0.686242072347668));
#2010=CARTESIAN_POINT('Ctrl Pts',(-0.285099213282893,1.31666057182959,0.689641506023744));
#2011=CARTESIAN_POINT('Ctrl Pts',(-0.285099213282893,1.31516883820468,0.689641506023744));
#2012=CARTESIAN_POINT('Ctrl Pts',(-0.28479933173629,1.31358906657891,0.689510334802955));
#2013=CARTESIAN_POINT('Ctrl Pts',(-0.283605017766989,1.31070208074839,0.689028280425493));
#2014=CARTESIAN_POINT('Ctrl Pts',(-0.282711339030746,1.30939367594678,0.688682675843899));
#2015=CARTESIAN_POINT('Ctrl Pts',(-0.28064568410158,1.30730180505818,0.68797454333997));
#2016=CARTESIAN_POINT('Ctrl Pts',(-0.2793207308641,1.30638347833644,0.687561883940843));
#2017=CARTESIAN_POINT('Ctrl Pts',(-0.276399176526924,1.30515700852715,0.686814168322789));
#2018=CARTESIAN_POINT('Ctrl Pts',(-0.274801443077965,1.30484954820755,0.686482420847995));
#2019=CARTESIAN_POINT('Ctrl Pts',(-0.273288189660846,1.30484954820755,0.686242072347668));
#2020=CARTESIAN_POINT('',(-0.273288189660846,1.30484954820755,0.585550418117992));
#2021=CARTESIAN_POINT('',(-0.273288189660846,1.30484954820755,0.735817506440042));
#2022=CARTESIAN_POINT('Ctrl Pts',(-0.273288189660846,1.30484954820755,0.585550418117992));
#2023=CARTESIAN_POINT('Ctrl Pts',(-0.273319658322528,1.30484954820755,0.585577013991303));
#2024=CARTESIAN_POINT('Ctrl Pts',(-0.273351138270739,1.30484967397265,0.585603596626554));
#2025=CARTESIAN_POINT('Ctrl Pts',(-0.274435617013571,1.30485834557218,0.586518582059265));
#2026=CARTESIAN_POINT('Ctrl Pts',(-0.275502357512835,1.30500766267717,0.587392846991245));
#2027=CARTESIAN_POINT('Ctrl Pts',(-0.277560051342298,1.30559929185259,0.589037268890002));
#2028=CARTESIAN_POINT('Ctrl Pts',(-0.278553859455271,1.3060303800706,0.589811405214114));
#2029=CARTESIAN_POINT('Ctrl Pts',(-0.280682810010736,1.30734583615762,0.591436896836425));
#2030=CARTESIAN_POINT('Ctrl Pts',(-0.281783375276383,1.30831594841406,0.592252793268523));
#2031=CARTESIAN_POINT('Ctrl Pts',(-0.28346389583947,1.31053237730614,0.593479055703252));
#2032=CARTESIAN_POINT('Ctrl Pts',(-0.28408666515319,1.31169005549342,0.593924986591034));
#2033=CARTESIAN_POINT('Ctrl Pts',(-0.284894792558863,1.31414609783656,0.594500762236745));
#2034=CARTESIAN_POINT('Ctrl Pts',(-0.285099213282893,1.31539198855704,0.594644812045282));
#2035=CARTESIAN_POINT('Ctrl Pts',(-0.285099213282893,1.31666057182959,0.594644812045282));
#2036=CARTESIAN_POINT('Origin',(-0.265414173912814,1.31666057182959,0.538967112739255));
#2037=CARTESIAN_POINT('Origin',(-0.265414173912814,1.31666057182959,0.538967112739255));
#2038=CARTESIAN_POINT('Origin',(-0.265414173912814,1.30484954820755,0.538967112739255));
#2039=CARTESIAN_POINT('Origin',(-0.265414173912814,1.30484954820755,0.735817506440042));
#2040=CARTESIAN_POINT('',(-0.257540158164783,1.30484954820755,0.785392940532416));
#2041=CARTESIAN_POINT('Origin',(-0.265414173912814,1.30484954820755,0.735817506440042));
#2042=CARTESIAN_POINT('',(-0.273288189660846,1.30484954820755,0.785392940532416));
#2043=CARTESIAN_POINT('Origin',(-0.265414173912814,1.30484954820755,0.735817506440042));
#2044=CARTESIAN_POINT('',(-0.273288189660846,1.30484954820755,0.735817506440042));
#2045=CARTESIAN_POINT('',(-0.257540158164783,1.30484954820755,0.735817506440042));
#2046=CARTESIAN_POINT('Origin',(-0.257540158164783,1.31666057182959,0.735817506440042));
#2047=CARTESIAN_POINT('',(-0.245729134542736,1.31666057182959,0.781993506856341));
#2048=CARTESIAN_POINT('Ctrl Pts',(-0.245729134542736,1.31666057182959,0.781993506856341));
#2049=CARTESIAN_POINT('Ctrl Pts',(-0.245729134542736,1.31516883820468,0.781993506856341));
#2050=CARTESIAN_POINT('Ctrl Pts',(-0.246029016089338,1.31358906657891,0.78212467807713));
#2051=CARTESIAN_POINT('Ctrl Pts',(-0.247223330058639,1.31070208074839,0.782606732454592));
#2052=CARTESIAN_POINT('Ctrl Pts',(-0.248117008794883,1.30939367594678,0.782952337036186));
#2053=CARTESIAN_POINT('Ctrl Pts',(-0.250182663724049,1.30730180505818,0.783660469540115));
#2054=CARTESIAN_POINT('Ctrl Pts',(-0.251507616961529,1.30638347833644,0.784073128939242));
#2055=CARTESIAN_POINT('Ctrl Pts',(-0.254429171298705,1.30515700852715,0.784820844557296));
#2056=CARTESIAN_POINT('Ctrl Pts',(-0.256026904747664,1.30484954820755,0.78515259203209));
#2057=CARTESIAN_POINT('Ctrl Pts',(-0.257540158164783,1.30484954820755,0.785392940532416));
#2058=CARTESIAN_POINT('',(-0.245729134542736,1.31666057182959,0.735817506440042));
#2059=CARTESIAN_POINT('Origin',(-0.273288189660846,1.31666057182959,0.735817506440042));
#2060=CARTESIAN_POINT('',(-0.285099213282893,1.31666057182959,0.781993506856341));
#2061=CARTESIAN_POINT('Ctrl Pts',(-0.273288189660846,1.30484954820755,0.785392940532416));
#2062=CARTESIAN_POINT('Ctrl Pts',(-0.274801443077965,1.30484954820755,0.78515259203209));
#2063=CARTESIAN_POINT('Ctrl Pts',(-0.276399176526924,1.30515700852715,0.784820844557296));
#2064=CARTESIAN_POINT('Ctrl Pts',(-0.2793207308641,1.30638347833644,0.784073128939242));
#2065=CARTESIAN_POINT('Ctrl Pts',(-0.28064568410158,1.30730180505818,0.783660469540115));
#2066=CARTESIAN_POINT('Ctrl Pts',(-0.282711339030746,1.30939367594678,0.782952337036186));
#2067=CARTESIAN_POINT('Ctrl Pts',(-0.283605017766989,1.31070208074839,0.782606732454592));
#2068=CARTESIAN_POINT('Ctrl Pts',(-0.28479933173629,1.31358906657891,0.78212467807713));
#2069=CARTESIAN_POINT('Ctrl Pts',(-0.285099213282893,1.31516883820468,0.781993506856341));
#2070=CARTESIAN_POINT('Ctrl Pts',(-0.285099213282893,1.31666057182959,0.781993506856341));
#2071=CARTESIAN_POINT('',(-0.285099213282893,1.31666057182959,0.735817506440042));
#2072=CARTESIAN_POINT('Origin',(-0.285099213282893,1.77729049308944,0.735817506440042));
#2073=CARTESIAN_POINT('',(-0.285099213282893,1.75760545371936,0.781993506856341));
#2074=CARTESIAN_POINT('',(-0.285099213282893,1.77729049308944,0.781993506856341));
#2075=CARTESIAN_POINT('',(-0.285099213282893,1.75760545371936,1.16316063878409));
#2076=CARTESIAN_POINT('',(-0.285099213282893,1.75760545371936,0.735817506440042));
#2077=CARTESIAN_POINT('Ctrl Pts',(-0.285099213282893,1.73792041434928,1.16844075399587));
#2078=CARTESIAN_POINT('Ctrl Pts',(-0.285099213282893,1.74277751221495,1.16844075399587));
#2079=CARTESIAN_POINT('Ctrl Pts',(-0.285099213282893,1.74849387504459,1.1673028561383));
#2080=CARTESIAN_POINT('Ctrl Pts',(-0.285099213282893,1.75449810364229,1.16481434330224));
#2081=CARTESIAN_POINT('Ctrl Pts',(-0.285099213282893,1.7560686830405,1.164048834571));
#2082=CARTESIAN_POINT('Ctrl Pts',(-0.285099213282893,1.75760545371936,1.16316063878409));
#2083=CARTESIAN_POINT('',(-0.285099213282893,1.61981017812881,1.03109309699122));
#2084=CARTESIAN_POINT('Origin',(-0.285099213282893,1.61981017812881,0.991723018251066));
#2085=CARTESIAN_POINT('Origin',(-0.304784252652972,1.75760545371936,0.735817506440042));
#2086=CARTESIAN_POINT('',(-0.304784252652972,1.77729049308944,0.607158089415195));
#2087=CARTESIAN_POINT('',(-0.304784252652972,1.77729049308944,0.67808124905397));
#2088=CARTESIAN_POINT('',(-0.304784252652972,1.77729049308944,0.735817506440042));
#2089=CARTESIAN_POINT('',(-0.285099213282893,1.75760545371936,0.689641506023744));
#2090=CARTESIAN_POINT('Ctrl Pts',(-0.304784252652972,1.77729049308944,0.67808124905397));
#2091=CARTESIAN_POINT('Ctrl Pts',(-0.304742526325754,1.77729049308944,0.678103300116308));
#2092=CARTESIAN_POINT('Ctrl Pts',(-0.304700805237498,1.77729036041865,0.678125361043135));
#2093=CARTESIAN_POINT('Ctrl Pts',(-0.302975651623921,1.77727939121911,0.679038097172588));
#2094=CARTESIAN_POINT('Ctrl Pts',(-0.301303042798594,1.77705279944686,0.679943997929355));
#2095=CARTESIAN_POINT('Ctrl Pts',(-0.298070085065599,1.7761851703434,0.681738370715224));
#2096=CARTESIAN_POINT('Ctrl Pts',(-0.296510182127436,1.77554678813724,0.682626403986924));
#2097=CARTESIAN_POINT('Ctrl Pts',(-0.292879528346863,1.77347922201216,0.684743081991244));
#2098=CARTESIAN_POINT('Ctrl Pts',(-0.290920541316443,1.7718197388215,0.685932971196024));
#2099=CARTESIAN_POINT('Ctrl Pts',(-0.28795554894259,1.76805164592117,0.687783703810584));
#2100=CARTESIAN_POINT('Ctrl Pts',(-0.286861964971236,1.76606686178954,0.688488642710575));
#2101=CARTESIAN_POINT('Ctrl Pts',(-0.28545324131966,1.76188102274179,0.689406086764054));
#2102=CARTESIAN_POINT('Ctrl Pts',(-0.285099213282893,1.75976350232153,0.689641506023744));
#2103=CARTESIAN_POINT('Ctrl Pts',(-0.285099213282893,1.75760545371936,0.689641506023744));
#2104=CARTESIAN_POINT('',(-0.285099213282893,1.75760545371936,0.594644812045282));
#2105=CARTESIAN_POINT('',(-0.285099213282893,1.75760545371936,0.735817506440042));
#2106=CARTESIAN_POINT('Ctrl Pts',(-0.304784252652972,1.77729049308944,0.607158089415195));
#2107=CARTESIAN_POINT('Ctrl Pts',(-0.304742780678516,1.77729049308944,0.607134145559579));
#2108=CARTESIAN_POINT('Ctrl Pts',(-0.304701314172057,1.77729036203117,0.607110192249605));
#2109=CARTESIAN_POINT('Ctrl Pts',(-0.302926769546096,1.77727914763651,0.606084577641372));
#2110=CARTESIAN_POINT('Ctrl Pts',(-0.301204650200173,1.77703937407447,0.60506678747118));
#2111=CARTESIAN_POINT('Ctrl Pts',(-0.297883902611723,1.77612115608207,0.603058263482362));
#2112=CARTESIAN_POINT('Ctrl Pts',(-0.296283572292969,1.77544577596962,0.602066786018384));
#2113=CARTESIAN_POINT('Ctrl Pts',(-0.292660282075353,1.7733083351041,0.599771496576706));
#2114=CARTESIAN_POINT('Ctrl Pts',(-0.290735057329946,1.77163515286732,0.598506166344105));
#2115=CARTESIAN_POINT('Ctrl Pts',(-0.287850164586084,1.76787043348212,0.596563929808582));
#2116=CARTESIAN_POINT('Ctrl Pts',(-0.286793576415995,1.7659111534121,0.595832442789284));
#2117=CARTESIAN_POINT('Ctrl Pts',(-0.28543902242619,1.7617927198931,0.5948863953063));
#2118=CARTESIAN_POINT('Ctrl Pts',(-0.285099213282893,1.75971967487528,0.594644812045282));
#2119=CARTESIAN_POINT('Ctrl Pts',(-0.285099213282893,1.75760545371936,0.594644812045282));
#2120=CARTESIAN_POINT('Origin',(-0.265414173912814,1.75760545371936,0.735817506440042));
#2121=CARTESIAN_POINT('',(-0.304784252652972,1.77729049308944,0.793553763826115));
#2122=CARTESIAN_POINT('Origin',(-0.265414173912814,1.77729049308944,0.735817506440042));
#2123=CARTESIAN_POINT('Ctrl Pts',(-0.304784252652972,1.77729049308944,0.793553763826115));
#2124=CARTESIAN_POINT('Ctrl Pts',(-0.304742526325752,1.77729049308944,0.793531712763776));
#2125=CARTESIAN_POINT('Ctrl Pts',(-0.304700805237499,1.77729036041865,0.793509651836951));
#2126=CARTESIAN_POINT('Ctrl Pts',(-0.302975651623912,1.77727939121911,0.792596915707492));
#2127=CARTESIAN_POINT('Ctrl Pts',(-0.301303042798585,1.77705279944685,0.791691014950725));
#2128=CARTESIAN_POINT('Ctrl Pts',(-0.298070085065599,1.7761851703434,0.789896642164861));
#2129=CARTESIAN_POINT('Ctrl Pts',(-0.296510182127436,1.77554678813724,0.789008608893161));
#2130=CARTESIAN_POINT('Ctrl Pts',(-0.292879528346863,1.77347922201216,0.786891930888841));
#2131=CARTESIAN_POINT('Ctrl Pts',(-0.290920541316443,1.7718197388215,0.785702041684061));
#2132=CARTESIAN_POINT('Ctrl Pts',(-0.28795554894259,1.76805164592117,0.783851309069501));
#2133=CARTESIAN_POINT('Ctrl Pts',(-0.286861964971236,1.76606686178954,0.78314637016951));
#2134=CARTESIAN_POINT('Ctrl Pts',(-0.28545324131966,1.76188102274179,0.782228926116031));
#2135=CARTESIAN_POINT('Ctrl Pts',(-0.285099213282893,1.75976350232153,0.781993506856341));
#2136=CARTESIAN_POINT('Ctrl Pts',(-0.285099213282893,1.75760545371936,0.781993506856341));
#2137=CARTESIAN_POINT('Origin',(-0.265414173912814,1.75760545371936,0.735817506440042));
#2138=CARTESIAN_POINT('Origin',(-0.304784252652972,1.75760545371936,0.735817506440042));
#2139=CARTESIAN_POINT('',(-0.304784252652972,1.77729049308944,1.12754484388359));
#2140=CARTESIAN_POINT('',(-0.304784252652972,1.77729049308944,0.735817506440042));
#2141=CARTESIAN_POINT('Ctrl Pts',(-0.304784252652972,1.77729049308944,1.12754484388359));
#2142=CARTESIAN_POINT('Ctrl Pts',(-0.304742890677379,1.77729049308944,1.12760779027073));
#2143=CARTESIAN_POINT('Ctrl Pts',(-0.304701524664537,1.77729036272549,1.12767073418075));
#2144=CARTESIAN_POINT('Ctrl Pts',(-0.302132977254241,1.77727416989773,1.13157861436648));
#2145=CARTESIAN_POINT('Ctrl Pts',(-0.29957304652302,1.77677141892302,1.13543932122016));
#2146=CARTESIAN_POINT('Ctrl Pts',(-0.294830023469739,1.7747717385756,1.14275683764934));
#2147=CARTESIAN_POINT('Ctrl Pts',(-0.292597548650626,1.77331341657457,1.14627618776751));
#2148=CARTESIAN_POINT('Ctrl Pts',(-0.288725074845357,1.76932326972992,1.15291458407148));
#2149=CARTESIAN_POINT('Ctrl Pts',(-0.287238752983172,1.76695434637122,1.1557759823935));
#2150=CARTESIAN_POINT('Ctrl Pts',(-0.285552555147816,1.76232234908918,1.1600566728901));
#2151=CARTESIAN_POINT('Ctrl Pts',(-0.285099213282893,1.76005815842123,1.16174306750121));
#2152=CARTESIAN_POINT('Ctrl Pts',(-0.285099213282893,1.75760545371936,1.16316063878409));
#2153=CARTESIAN_POINT('Ctrl Pts',(-0.442579528243523,1.50169994190833,1.10461660083365));
#2154=CARTESIAN_POINT('Ctrl Pts',(-0.442579528243523,1.49227137357193,1.10461660083365));
#2155=CARTESIAN_POINT('Ctrl Pts',(-0.451226410299742,1.47037208957255,1.09878528987671));
#2156=CARTESIAN_POINT('Ctrl Pts',(-0.47145039762849,1.46232986316818,1.07845105539033));
#2157=CARTESIAN_POINT('Ctrl Pts',(-0.481949606983681,1.46232986316818,1.06462248849693));
#2158=CARTESIAN_POINT('Ctrl Pts',(-0.442579528243523,1.50169994190833,1.11371465275078));
#2159=CARTESIAN_POINT('Ctrl Pts',(-0.442579528243523,1.49146705335464,1.11371465275078));
#2160=CARTESIAN_POINT('Ctrl Pts',(-0.45270114075806,1.46753630264438,1.10782860410221));
#2161=CARTESIAN_POINT('Ctrl Pts',(-0.476713616860905,1.46054930636027,1.08776589796485));
#2162=CARTESIAN_POINT('Ctrl Pts',(-0.488428331991083,1.46232986316818,1.07446031055497));
#2163=CARTESIAN_POINT('Ctrl Pts',(-0.436827233197398,1.50169994190833,1.12957407747332));
#2164=CARTESIAN_POINT('Ctrl Pts',(-0.436827233197398,1.4886580780249,1.12957407747332));
#2165=CARTESIAN_POINT('Ctrl Pts',(-0.450400017001202,1.45821206344213,1.12361192431624));
#2166=CARTESIAN_POINT('Ctrl Pts',(-0.483179713847428,1.44969311597377,1.10401361370164));
#2167=CARTESIAN_POINT('Ctrl Pts',(-0.499642105380369,1.4524386815244,1.09148821451398));
#2168=CARTESIAN_POINT('Ctrl Pts',(-0.423380925113749,1.50169994190833,1.13910827164476));
#2169=CARTESIAN_POINT('Ctrl Pts',(-0.423380925113749,1.48458581271414,1.13910827164476));
#2170=CARTESIAN_POINT('Ctrl Pts',(-0.440829215370125,1.44479264454081,1.13285082298207));
#2171=CARTESIAN_POINT('Ctrl Pts',(-0.482134953915672,1.4309766191453,1.11162309808183));
#2172=CARTESIAN_POINT('Ctrl Pts',(-0.503603150290767,1.43179440943811,1.09750298670262));
#2173=CARTESIAN_POINT('Ctrl Pts',(-0.416988977062421,1.50169994190833,1.14149651027301));
#2174=CARTESIAN_POINT('Ctrl Pts',(-0.416988977062421,1.48284280523552,1.14149651027301));
#2175=CARTESIAN_POINT('Ctrl Pts',(-0.436012117586104,1.43904423723677,1.13508206822038));
#2176=CARTESIAN_POINT('Ctrl Pts',(-0.480504889709349,1.42295978442802,1.11271441028536));
#2177=CARTESIAN_POINT('Ctrl Pts',(-0.503603150290767,1.42295978442802,1.09750298670262));
#2178=CARTESIAN_POINT('',(-0.442579528243523,1.50169994190833,1.10461660083365));
#2179=CARTESIAN_POINT('Origin',(-0.403209449503366,1.50169994190833,1.10461660083365));
#2180=CARTESIAN_POINT('',(-0.481949606983681,1.46232986316818,1.06462248849693));
#2181=CARTESIAN_POINT('Ctrl Pts',(-0.442579528243523,1.50169994190833,1.10461660083365));
#2182=CARTESIAN_POINT('Ctrl Pts',(-0.442579528243523,1.49227137357193,1.10461660083365));
#2183=CARTESIAN_POINT('Ctrl Pts',(-0.451226410299742,1.47037208957255,1.09878528987671));
#2184=CARTESIAN_POINT('Ctrl Pts',(-0.47145039762849,1.46232986316818,1.07845105539033));
#2185=CARTESIAN_POINT('Ctrl Pts',(-0.481949606983681,1.46232986316818,1.06462248849693));
#2186=CARTESIAN_POINT('Origin',(-0.48194960698368,1.42295978442802,1.06462248849693));
#2187=CARTESIAN_POINT('Origin',(-0.481949606983681,1.50169994190833,0.893297821400672));
#2188=CARTESIAN_POINT('',(-0.442579528243523,1.50169994190833,0.893297821400672));
#2189=CARTESIAN_POINT('',(-0.481949606983681,1.46232986316818,0.893297821400672));
#2190=CARTESIAN_POINT('Origin',(-0.481949606983681,1.50169994190833,0.893297821400672));
#2191=CARTESIAN_POINT('',(-0.481949606983681,1.50169994190833,0.853927742660515));
#2192=CARTESIAN_POINT('Origin',(-0.481949606983681,1.50169994190833,0.893297821400672));
#2193=CARTESIAN_POINT('Origin',(-0.481949606983681,1.50169994190833,0.893297821400672));
#2194=CARTESIAN_POINT('Origin',(-0.403209449503366,1.73792041434928,1.10461660083365));
#2195=CARTESIAN_POINT('',(-0.442579528243523,1.73792041434928,1.10461660083365));
#2196=CARTESIAN_POINT('Origin',(-0.403209449503366,1.73792041434928,1.10461660083365));
#2197=CARTESIAN_POINT('',(-0.403209449503366,1.77729049308944,1.10461660083365));
#2198=CARTESIAN_POINT('Origin',(-0.403209449503366,1.73792041434928,1.10461660083365));
#2199=CARTESIAN_POINT('Origin',(-0.403209449503366,1.73792041434928,1.10461660083365));
#2200=CARTESIAN_POINT('Origin',(-0.265414173912814,1.73792041434928,0.735817506440042));
#2201=CARTESIAN_POINT('Origin',(-0.265414173912814,1.77729049308944,0.735817506440042));
#2202=CARTESIAN_POINT('Ctrl Pts',(-0.626246905799101,1.46232986316818,0.893297821400673));
#2203=CARTESIAN_POINT('Ctrl Pts',(-0.633512459311192,1.46232986316818,0.884974084166945));
#2204=CARTESIAN_POINT('Ctrl Pts',(-0.643472393066137,1.46696240747658,0.870539022414984));
#2205=CARTESIAN_POINT('Ctrl Pts',(-0.650047453332071,1.48355723645695,0.856766239746595));
#2206=CARTESIAN_POINT('Ctrl Pts',(-0.651160590099141,1.49564531398159,0.853927742660515));
#2207=CARTESIAN_POINT('Ctrl Pts',(-0.651160590099141,1.50169994190833,0.853927742660515));
#2208=CARTESIAN_POINT('Ctrl Pts',(-0.637042995891184,1.46232986316818,0.898009621406057));
#2209=CARTESIAN_POINT('Ctrl Pts',(-0.643933033976473,1.46130323091964,0.888953062169445));
#2210=CARTESIAN_POINT('Ctrl Pts',(-0.653648599177951,1.46522430930594,0.872523888163876));
#2211=CARTESIAN_POINT('Ctrl Pts',(-0.660271679737511,1.48258224930381,0.857064538077909));
#2212=CARTESIAN_POINT('Ctrl Pts',(-0.661430094456131,1.49533349579101,0.853927742660515));
#2213=CARTESIAN_POINT('Ctrl Pts',(-0.661430094456131,1.50169994190833,0.853927742660515));
#2214=CARTESIAN_POINT('Ctrl Pts',(-0.655729590963484,1.45243873809126,0.9061651201108));
#2215=CARTESIAN_POINT('Ctrl Pts',(-0.662049354052981,1.45085570174991,0.893712056434811));
#2216=CARTESIAN_POINT('Ctrl Pts',(-0.671360408072775,1.45551863637333,0.871454134509039));
#2217=CARTESIAN_POINT('Ctrl Pts',(-0.678073878299652,1.47750429416931,0.850693106625366));
#2218=CARTESIAN_POINT('Ctrl Pts',(-0.67928799316865,1.49362056451137,0.846521050710808));
#2219=CARTESIAN_POINT('Ctrl Pts',(-0.67928799316865,1.50169994190833,0.846521050710808));
#2220=CARTESIAN_POINT('Ctrl Pts',(-0.662330178987729,1.43179440943811,0.909045852896736));
#2221=CARTESIAN_POINT('Ctrl Pts',(-0.669631648236204,1.43132288846028,0.892294621878553));
#2222=CARTESIAN_POINT('Ctrl Pts',(-0.679912711619748,1.43920722773535,0.863187314065866));
#2223=CARTESIAN_POINT('Ctrl Pts',(-0.686961161198223,1.46903951427553,0.835620128139965));
#2224=CARTESIAN_POINT('Ctrl Pts',(-0.688194806064226,1.49079804094764,0.829978193344163));
#2225=CARTESIAN_POINT('Ctrl Pts',(-0.688194806064226,1.50169994190833,0.829978193344163));
#2226=CARTESIAN_POINT('Ctrl Pts',(-0.662330178987729,1.42295978442802,0.909045852896736));
#2227=CARTESIAN_POINT('Ctrl Pts',(-0.670322287851031,1.42295978442802,0.890733630982531));
#2228=CARTESIAN_POINT('Ctrl Pts',(-0.681278214981469,1.43222487304483,0.858976495128219));
#2229=CARTESIAN_POINT('Ctrl Pts',(-0.688510781273997,1.46541453100557,0.828676373257764));
#2230=CARTESIAN_POINT('Ctrl Pts',(-0.689735231717774,1.48959068605485,0.822431679668389));
#2231=CARTESIAN_POINT('Ctrl Pts',(-0.689735231717774,1.50169994190833,0.822431679668389));
#2232=CARTESIAN_POINT('',(-0.651160590099141,1.50169994190833,0.853927742660515));
#2233=CARTESIAN_POINT('',(-0.626246905799101,1.46232986316818,0.893297821400673));
#2234=CARTESIAN_POINT('Ctrl Pts',(-0.626246905799101,1.46232986316818,0.893297821400673));
#2235=CARTESIAN_POINT('Ctrl Pts',(-0.633512459311192,1.46232986316818,0.884974084166945));
#2236=CARTESIAN_POINT('Ctrl Pts',(-0.643472393066137,1.46696240747658,0.870539022414984));
#2237=CARTESIAN_POINT('Ctrl Pts',(-0.650047453332071,1.48355723645695,0.856766239746595));
#2238=CARTESIAN_POINT('Ctrl Pts',(-0.651160590099141,1.49564531398159,0.853927742660515));
#2239=CARTESIAN_POINT('Ctrl Pts',(-0.651160590099141,1.50169994190833,0.853927742660515));
#2240=CARTESIAN_POINT('Origin',(-0.651160590099141,1.50169994190833,0.814557663920358));
#2241=CARTESIAN_POINT('Origin',(-0.626246905799101,1.42295978442802,0.893297821400673));
#2242=CARTESIAN_POINT('Origin',(-0.481949606983681,1.73792041434928,0.893297821400672));
#2243=CARTESIAN_POINT('',(-0.442579528243523,1.73792041434928,0.893297821400672));
#2244=CARTESIAN_POINT('',(-0.481949606983681,1.73792041434928,0.853927742660515));
#2245=CARTESIAN_POINT('Origin',(-0.481949606983681,1.73792041434928,0.893297821400672));
#2246=CARTESIAN_POINT('',(-0.403209449503366,1.77729049308944,0.893297821400672));
#2247=CARTESIAN_POINT('Origin',(-0.403209449503366,1.73792041434928,0.893297821400672));
#2248=CARTESIAN_POINT('',(-0.481949606983681,1.77729049308944,0.814557663920357));
#2249=CARTESIAN_POINT('Origin',(-0.48194960698368,1.77729049308944,0.893297821400672));
#2250=CARTESIAN_POINT('Origin',(-0.481949606983681,1.73792041434928,0.814557663920357));
#2251=CARTESIAN_POINT('Origin',(-0.403209449503365,1.73792041434928,0.794872624550279));
#2252=CARTESIAN_POINT('',(-0.403209449503365,1.77729049308944,0.794872624550279));
#2253=CARTESIAN_POINT('',(-0.442579528243523,1.73792041434928,0.794872624550279));
#2254=CARTESIAN_POINT('Ctrl Pts',(-0.0488787408419481,1.46232986316818,
1.06462248849693));
#2255=CARTESIAN_POINT('Ctrl Pts',(-0.0567532722795195,1.46232986316818,
1.07499407754281));
#2256=CARTESIAN_POINT('Ctrl Pts',(-0.0707474919467147,1.46641153250146,
1.09033703073004));
#2257=CARTESIAN_POINT('Ctrl Pts',(-0.0851698043205888,1.48286338594623,
1.10238543412498));
#2258=CARTESIAN_POINT('Ctrl Pts',(-0.0882488195821056,1.49541413036538,
1.10461660083365));
#2259=CARTESIAN_POINT('Ctrl Pts',(-0.0882488195821056,1.50169994190833,
1.10461660083365));
#2260=CARTESIAN_POINT('Ctrl Pts',(-0.0424000158345451,1.46232986316818,
1.07446031055497));
#2261=CARTESIAN_POINT('Ctrl Pts',(-0.0511861910077431,1.46099442446171,
1.08443965879062));
#2262=CARTESIAN_POINT('Ctrl Pts',(-0.0676127680634422,1.46388622063499,
1.09947728635991));
#2263=CARTESIAN_POINT('Ctrl Pts',(-0.0846430902798004,1.48121113658821,
1.11146077921704));
#2264=CARTESIAN_POINT('Ctrl Pts',(-0.0882488195821056,1.49487790841464,
1.11371465275078));
#2265=CARTESIAN_POINT('Ctrl Pts',(-0.0882488195821056,1.50169994190833,
1.11371465275078));
#2266=CARTESIAN_POINT('Ctrl Pts',(-0.0311859464820059,1.45243913000628,
1.09148866392862));
#2267=CARTESIAN_POINT('Ctrl Pts',(-0.0435329352197499,1.4503799233069,1.10088286175196));
#2268=CARTESIAN_POINT('Ctrl Pts',(-0.0661151347103198,1.4536744779037,1.1154138758116));
#2269=CARTESIAN_POINT('Ctrl Pts',(-0.089155452335302,1.47565987006917,1.1273105745002));
#2270=CARTESIAN_POINT('Ctrl Pts',(-0.0940009118930847,1.49300522860562,
1.12957423971945));
#2271=CARTESIAN_POINT('Ctrl Pts',(-0.0940009118930848,1.50169994190833,
1.12957423971945));
#2272=CARTESIAN_POINT('Ctrl Pts',(-0.0272251975348615,1.43179440943811,
1.09750298670262));
#2273=CARTESIAN_POINT('Ctrl Pts',(-0.0433265992256536,1.43118105702725,
1.10809323756781));
#2274=CARTESIAN_POINT('Ctrl Pts',(-0.0719376250366616,1.4378849383604,1.12400826637393));
#2275=CARTESIAN_POINT('Ctrl Pts',(-0.101230945186374,1.46751670124011,1.13671888628661));
#2276=CARTESIAN_POINT('Ctrl Pts',(-0.10744742271188,1.49029034216867,1.13910827164476));
#2277=CARTESIAN_POINT('Ctrl Pts',(-0.10744742271188,1.50169994190833,1.13910827164476));
#2278=CARTESIAN_POINT('Ctrl Pts',(-0.0272251975348615,1.42295978442802,
1.09750298670262));
#2279=CARTESIAN_POINT('Ctrl Pts',(-0.0445491666975185,1.42295978442802,
1.10891173465308));
#2280=CARTESIAN_POINT('Ctrl Pts',(-0.0753364499653477,1.43112312309458,
1.12578898315904));
#2281=CARTESIAN_POINT('Ctrl Pts',(-0.107065537187871,1.46402682998413,1.13904222689348));
#2282=CARTESIAN_POINT('Ctrl Pts',(-0.113839370763208,1.48912831882243,1.14149651027301));
#2283=CARTESIAN_POINT('Ctrl Pts',(-0.113839370763208,1.50169994190833,1.14149651027301));
#2284=CARTESIAN_POINT('',(-0.0488787408419481,1.46232986316818,1.06462248849693));
#2285=CARTESIAN_POINT('Ctrl Pts',(-0.0488787408419481,1.46232986316818,
1.06462248849693));
#2286=CARTESIAN_POINT('Ctrl Pts',(-0.0567532722795195,1.46232986316818,
1.07499407754281));
#2287=CARTESIAN_POINT('Ctrl Pts',(-0.0707474919467147,1.46641153250146,
1.09033703073004));
#2288=CARTESIAN_POINT('Ctrl Pts',(-0.0851698043205888,1.48286338594623,
1.10238543412498));
#2289=CARTESIAN_POINT('Ctrl Pts',(-0.0882488195821056,1.49541413036538,
1.10461660083365));
#2290=CARTESIAN_POINT('Ctrl Pts',(-0.0882488195821056,1.50169994190833,
1.10461660083365));
#2291=CARTESIAN_POINT('Origin',(-0.127618898322263,1.50169994190833,1.10461660083365));
#2292=CARTESIAN_POINT('Origin',(-0.0488787408419482,1.42295978442802,1.06462248849693));
#2293=CARTESIAN_POINT('Ctrl Pts',(0.120332242273513,1.50169994190833,0.853927742660514));
#2294=CARTESIAN_POINT('Ctrl Pts',(0.120332242273513,1.49261814521626,0.853927742660514));
#2295=CARTESIAN_POINT('Ctrl Pts',(0.118334648014991,1.47755176924116,0.85945380209386));
#2296=CARTESIAN_POINT('Ctrl Pts',(0.108902983370298,1.46471014781481,0.876404946651162));
#2297=CARTESIAN_POINT('Ctrl Pts',(0.10026218287591,1.46232986316818,0.887748751962323));
#2298=CARTESIAN_POINT('Ctrl Pts',(0.0954185579734725,1.46232986316818,0.893297821400672));
#2299=CARTESIAN_POINT('Ctrl Pts',(0.130601746630503,1.50169994190833,0.853927742660514));
#2300=CARTESIAN_POINT('Ctrl Pts',(0.130601746630503,1.49215042540821,0.853927742660514));
#2301=CARTESIAN_POINT('Ctrl Pts',(0.128506809858796,1.47616268379108,0.860029268668074));
#2302=CARTESIAN_POINT('Ctrl Pts',(0.119148678582513,1.46313609214358,0.879216566751287));
#2303=CARTESIAN_POINT('Ctrl Pts',(0.110807933352507,1.46164545261138,0.891972011776473));
#2304=CARTESIAN_POINT('Ctrl Pts',(0.106214648065555,1.46232986316818,0.898009621406056));
#2305=CARTESIAN_POINT('Ctrl Pts',(0.148460189882541,1.50169994190833,0.846521620697808));
#2306=CARTESIAN_POINT('Ctrl Pts',(0.148460189882541,1.48958106956712,0.846521620697808));
#2307=CARTESIAN_POINT('Ctrl Pts',(0.146233777456454,1.46938093057013,0.854633858564101));
#2308=CARTESIAN_POINT('Ctrl Pts',(0.136976202745806,1.45296690949505,0.880496831080961));
#2309=CARTESIAN_POINT('Ctrl Pts',(0.129115288783632,1.45138425001784,0.897863619596555));
#2310=CARTESIAN_POINT('Ctrl Pts',(0.124902180749007,1.45243959070616,0.906165529317854));
#2311=CARTESIAN_POINT('Ctrl Pts',(0.157366458238597,1.50169994190833,0.829978193344162));
#2312=CARTESIAN_POINT('Ctrl Pts',(0.157366458238597,1.4853473519094,0.829978193344162));
#2313=CARTESIAN_POINT('Ctrl Pts',(0.155130270480871,1.45819499178104,0.840956677448657));
#2314=CARTESIAN_POINT('Ctrl Pts',(0.145195833799568,1.43528846720174,0.875005388269754));
#2315=CARTESIAN_POINT('Ctrl Pts',(0.13636939950599,1.43148006714521,0.897878544092098));
#2316=CARTESIAN_POINT('Ctrl Pts',(0.131501831162101,1.43179440943811,0.909045852896735));
#2317=CARTESIAN_POINT('Ctrl Pts',(0.158906883892146,1.50169994190833,0.822431679668388));
#2318=CARTESIAN_POINT('Ctrl Pts',(0.158906883892146,1.48353634852419,0.822431679668388));
#2319=CARTESIAN_POINT('Ctrl Pts',(0.156709530207772,1.45340359657398,0.834589010421749));
#2320=CARTESIAN_POINT('Ctrl Pts',(0.146334699098609,1.42772035372129,0.871881528447814));
#2321=CARTESIAN_POINT('Ctrl Pts',(0.136829818554783,1.42295978442802,0.896837900132368));
#2322=CARTESIAN_POINT('Ctrl Pts',(0.131501831162101,1.42295978442802,0.909045852896735));
#2323=CARTESIAN_POINT('',(0.120332242273513,1.50169994190833,0.853927742660514));
#2324=CARTESIAN_POINT('Origin',(0.120332242273513,1.50169994190833,0.814557663920357));
#2325=CARTESIAN_POINT('',(0.0954185579734725,1.46232986316818,0.893297821400672));
#2326=CARTESIAN_POINT('Ctrl Pts',(0.120332242273513,1.50169994190833,0.853927742660514));
#2327=CARTESIAN_POINT('Ctrl Pts',(0.120332242273513,1.49261814521626,0.853927742660514));
#2328=CARTESIAN_POINT('Ctrl Pts',(0.118334648014991,1.47755176924116,0.85945380209386));
#2329=CARTESIAN_POINT('Ctrl Pts',(0.108902983370298,1.46471014781481,0.876404946651162));
#2330=CARTESIAN_POINT('Ctrl Pts',(0.10026218287591,1.46232986316818,0.887748751962323));
#2331=CARTESIAN_POINT('Ctrl Pts',(0.0954185579734725,1.46232986316818,0.893297821400672));
#2332=CARTESIAN_POINT('Origin',(0.0954185579734725,1.42295978442802,0.893297821400672));
#2333=CARTESIAN_POINT('Origin',(-0.651160590099141,1.73792041434928,0.814557663920358));
#2334=CARTESIAN_POINT('',(-0.651160590099141,1.77729049308944,0.814557663920358));
#2335=CARTESIAN_POINT('Origin',(-0.651160590099142,1.73792041434928,0.814557663920358));
#2336=CARTESIAN_POINT('',(-0.651160590099141,1.73792041434928,0.853927742660515));
#2337=CARTESIAN_POINT('Origin',(-0.651160590099141,1.73792041434928,0.814557663920358));
#2338=CARTESIAN_POINT('Origin',(-0.651160590099141,1.73792041434928,0.814557663920358));
#2339=CARTESIAN_POINT('Origin',(-0.651160590099141,1.18673931198707,0.814557663920358));
#2340=CARTESIAN_POINT('',(-0.651160590099141,1.18673931198707,0.853927742660515));
#2341=CARTESIAN_POINT('Origin',(-0.47374104879979,1.73792041434928,0.814557663920357));
#2342=CARTESIAN_POINT('',(-0.47374104879979,1.77729049308944,0.814557663920357));
#2343=CARTESIAN_POINT('',(-0.47374104879979,1.73792041434928,0.853927742660515));
#2344=CARTESIAN_POINT('Origin',(-0.0488787408419481,1.50169994190833,0.893297821400672));
#2345=CARTESIAN_POINT('',(-0.0488787408419482,1.50169994190833,0.853927742660515));
#2346=CARTESIAN_POINT('',(-0.0488787408419481,1.46232986316818,0.893297821400672));
#2347=CARTESIAN_POINT('Origin',(-0.0488787408419481,1.50169994190833,0.893297821400672));
#2348=CARTESIAN_POINT('Origin',(-0.0488787408419481,1.50169994190833,0.893297821400672));
#2349=CARTESIAN_POINT('Origin',(-0.0488787408419481,1.50169994190833,0.893297821400672));
#2350=CARTESIAN_POINT('Origin',(-0.127618898322263,1.73792041434928,1.10461660083365));
#2351=CARTESIAN_POINT('Origin',(-0.127618898322263,1.73792041434928,1.10461660083365));
#2352=CARTESIAN_POINT('',(-0.127618898322263,1.77729049308944,1.10461660083365));
#2353=CARTESIAN_POINT('Origin',(-0.127618898322263,1.73792041434928,1.10461660083365));
#2354=CARTESIAN_POINT('Origin',(-0.127618898322263,1.73792041434928,1.10461660083365));
#2355=CARTESIAN_POINT('Origin',(0.120332242273513,1.73792041434928,0.814557663920357));
#2356=CARTESIAN_POINT('',(0.120332242273513,1.73792041434928,0.853927742660514));
#2357=CARTESIAN_POINT('Origin',(0.120332242273513,1.73792041434928,0.814557663920357));
#2358=CARTESIAN_POINT('',(0.120332242273513,1.77729049308944,0.814557663920357));
#2359=CARTESIAN_POINT('Origin',(0.120332242273513,1.73792041434928,0.814557663920357));
#2360=CARTESIAN_POINT('Origin',(0.120332242273513,1.73792041434928,0.814557663920357));
#2361=CARTESIAN_POINT('Origin',(-0.265414173912814,1.73792041434928,0.735817506440042));
#2362=CARTESIAN_POINT('Origin',(-0.265414173912814,1.77729049308944,0.735817506440042));
#2363=CARTESIAN_POINT('Origin',(-0.0488787408419481,1.73792041434928,0.893297821400672));
#2364=CARTESIAN_POINT('',(-0.0488787408419482,1.73792041434928,0.853927742660515));
#2365=CARTESIAN_POINT('Origin',(-0.0488787408419481,1.73792041434928,0.893297821400672));
#2366=CARTESIAN_POINT('',(-0.0488787408419483,1.77729049308944,0.814557663920357));
#2367=CARTESIAN_POINT('Origin',(-0.0488787408419483,1.73792041434928,0.814557663920357));
#2368=CARTESIAN_POINT('',(-0.127618898322263,1.77729049308944,0.893297821400672));
#2369=CARTESIAN_POINT('Origin',(-0.0488787408419481,1.77729049308944,0.893297821400672));
#2370=CARTESIAN_POINT('Origin',(-0.127618898322263,1.73792041434928,0.893297821400672));
#2371=CARTESIAN_POINT('Origin',(-0.17683149674746,1.73792041434928,0.814557663920357));
#2372=CARTESIAN_POINT('',(-0.17683149674746,1.77729049308944,0.814557663920357));
#2373=CARTESIAN_POINT('',(-0.17683149674746,1.73792041434928,0.853927742660515));
#2374=CARTESIAN_POINT('Origin',(-0.127618898322263,1.73792041434928,0.933404710179065));
#2375=CARTESIAN_POINT('',(-0.127618898322263,1.77729049308944,0.933404710179065));
#2376=CARTESIAN_POINT('Origin',(-0.0488787408419481,1.77729049308944,0.893297821400672));
#2377=CARTESIAN_POINT('',(-0.0488787408419482,1.77729049308944,0.853927742660515));
#2378=CARTESIAN_POINT('Origin',(0.120332242273513,1.18673931198707,0.814557663920357));
#2379=CARTESIAN_POINT('',(0.120332242273513,1.18673931198707,0.853927742660514));
#2380=CARTESIAN_POINT('Origin',(-0.265414173912814,1.73792041434928,0.735817506440042));
#2381=CARTESIAN_POINT('',(-0.226044095172657,1.77729049308944,1.12754484388359));
#2382=CARTESIAN_POINT('Origin',(-0.265414173912814,1.77729049308944,0.735817506440042));
#2383=CARTESIAN_POINT('',(-0.245729134542736,1.75760545371936,1.16316063878409));
#2384=CARTESIAN_POINT('Ctrl Pts',(-0.226044095172657,1.77729049308944,1.12754484388359));
#2385=CARTESIAN_POINT('Ctrl Pts',(-0.226085457148013,1.77729049308944,1.12760779027037));
#2386=CARTESIAN_POINT('Ctrl Pts',(-0.226126823161341,1.77729036272549,1.12767073418103));
#2387=CARTESIAN_POINT('Ctrl Pts',(-0.228695370565574,1.77727416989777,1.13157861435916));
#2388=CARTESIAN_POINT('Ctrl Pts',(-0.23125530130165,1.77677141892342,1.13543932121868));
#2389=CARTESIAN_POINT('Ctrl Pts',(-0.235998324355873,1.77477173857561,1.14275683764931));
#2390=CARTESIAN_POINT('Ctrl Pts',(-0.238230799174995,1.77331341657458,1.1462761877675));
#2391=CARTESIAN_POINT('Ctrl Pts',(-0.242103272980276,1.76932326972992,1.15291458407149));
#2392=CARTESIAN_POINT('Ctrl Pts',(-0.243589594842459,1.76695434637121,1.15577598239351));
#2393=CARTESIAN_POINT('Ctrl Pts',(-0.245275792677813,1.76232234908918,1.1600566728901));
#2394=CARTESIAN_POINT('Ctrl Pts',(-0.245729134542736,1.76005815842123,1.16174306750121));
#2395=CARTESIAN_POINT('Ctrl Pts',(-0.245729134542736,1.75760545371936,1.16316063878409));
#2396=CARTESIAN_POINT('Ctrl Pts',(-0.245729134542736,1.75760545371936,1.16316063878409));
#2397=CARTESIAN_POINT('Ctrl Pts',(-0.245729134542736,1.75606868304053,1.16404883457098));
#2398=CARTESIAN_POINT('Ctrl Pts',(-0.245729134542736,1.75449810364226,1.16481434330225));
#2399=CARTESIAN_POINT('Ctrl Pts',(-0.245729134542736,1.74849387504459,1.1673028561383));
#2400=CARTESIAN_POINT('Ctrl Pts',(-0.245729134542736,1.74277751221495,1.16844075399587));
#2401=CARTESIAN_POINT('Ctrl Pts',(-0.245729134542736,1.73792041434928,1.16844075399587));
#2402=CARTESIAN_POINT('Origin',(-0.127618898322263,1.18673931198707,1.10461660083365));
#2403=CARTESIAN_POINT('Origin',(-0.0488787408419481,1.50169994190833,1.06172587110369));
#2404=CARTESIAN_POINT('',(-0.0488787408419481,1.46232986316818,1.06172587110369));
#2405=CARTESIAN_POINT('Origin',(-0.028376720721295,1.50169994190833,0.893297821400672));
#2406=CARTESIAN_POINT('',(-0.028376720721295,1.50169994190833,0.853927742660514));
#2407=CARTESIAN_POINT('',(-0.028376720721295,1.46232986316818,0.893297821400672));
#2408=CARTESIAN_POINT('Origin',(-0.265414173912814,1.42295978442802,0.735817506440042));
#2409=CARTESIAN_POINT('Origin',(-0.265414173912814,1.46232986316818,0.735817506440042));
#2410=CARTESIAN_POINT('Origin',(-0.226044095172657,1.75760545371936,0.735817506440042));
#2411=CARTESIAN_POINT('',(-0.245729134542736,1.75760545371936,0.781993506856341));
#2412=CARTESIAN_POINT('',(-0.245729134542736,1.75760545371936,0.735817506440042));
#2413=CARTESIAN_POINT('',(-0.226044095172657,1.77729049308944,0.793553763826115));
#2414=CARTESIAN_POINT('',(-0.226044095172657,1.77729049308944,0.735817506440042));
#2415=CARTESIAN_POINT('Ctrl Pts',(-0.226044095172657,1.77729049308944,0.793553763826115));
#2416=CARTESIAN_POINT('Ctrl Pts',(-0.226085821500656,1.77729049308944,0.793531712763364));
#2417=CARTESIAN_POINT('Ctrl Pts',(-0.226127542587356,1.77729036041865,0.793509651837449));
#2418=CARTESIAN_POINT('Ctrl Pts',(-0.227852696208641,1.77727939121907,0.792596915702998));
#2419=CARTESIAN_POINT('Ctrl Pts',(-0.229525305033753,1.77705279944505,0.791691014947002));
#2420=CARTESIAN_POINT('Ctrl Pts',(-0.232758262760011,1.77618517034341,0.789896642164872));
#2421=CARTESIAN_POINT('Ctrl Pts',(-0.234318165698184,1.77554678813725,0.789008608893167));
#2422=CARTESIAN_POINT('Ctrl Pts',(-0.237948819478766,1.77347922201216,0.786891930888841));
#2423=CARTESIAN_POINT('Ctrl Pts',(-0.239907806509186,1.7718197388215,0.785702041684061));
#2424=CARTESIAN_POINT('Ctrl Pts',(-0.242872798883039,1.76805164592117,0.783851309069501));
#2425=CARTESIAN_POINT('Ctrl Pts',(-0.243966382854393,1.76606686178954,0.78314637016951));
#2426=CARTESIAN_POINT('Ctrl Pts',(-0.245375106505968,1.76188102274179,0.782228926116031));
#2427=CARTESIAN_POINT('Ctrl Pts',(-0.245729134542736,1.75976350232153,0.781993506856341));
#2428=CARTESIAN_POINT('Ctrl Pts',(-0.245729134542736,1.75760545371936,0.781993506856341));
#2429=CARTESIAN_POINT('Origin',(-0.481949606983681,1.77729049308944,0.893297821400672));
#2430=CARTESIAN_POINT('',(-0.442579528243523,1.77729049308944,0.893297821400672));
#2431=CARTESIAN_POINT('',(-0.481949606983681,1.77729049308944,0.853927742660515));
#2432=CARTESIAN_POINT('Origin',(-0.265414173912814,1.42295978442802,0.735817506440042));
#2433=CARTESIAN_POINT('Origin',(-0.265414173912814,1.46232986316818,0.735817506440042));
#2434=CARTESIAN_POINT('Origin',(-0.622195824825955,1.50169994190833,0.893297821400673));
#2435=CARTESIAN_POINT('',(-0.622195824825955,1.50169994190833,0.853927742660515));
#2436=CARTESIAN_POINT('',(-0.622195824825955,1.46232986316818,0.893297821400673));
#2437=CARTESIAN_POINT('Origin',(-0.265414173912814,1.75760545371936,0.735817506440042));
#2438=CARTESIAN_POINT('',(-0.245729134542736,1.75760545371936,0.689641506023744));
#2439=CARTESIAN_POINT('Origin',(-0.265414173912814,1.75760545371936,0.735817506440042));
#2440=CARTESIAN_POINT('',(-0.226044095172657,1.77729049308944,0.67808124905397));
#2441=CARTESIAN_POINT('Origin',(-0.265414173912814,1.77729049308944,0.735817506440042));
#2442=CARTESIAN_POINT('Ctrl Pts',(-0.226044095172657,1.77729049308944,0.67808124905397));
#2443=CARTESIAN_POINT('Ctrl Pts',(-0.226085821500656,1.77729049308944,0.67810330011672));
#2444=CARTESIAN_POINT('Ctrl Pts',(-0.226127542587356,1.77729036041865,0.678125361042637));
#2445=CARTESIAN_POINT('Ctrl Pts',(-0.227852696208641,1.77727939121907,0.679038097177087));
#2446=CARTESIAN_POINT('Ctrl Pts',(-0.229525305033752,1.77705279944505,0.679943997933081));
#2447=CARTESIAN_POINT('Ctrl Pts',(-0.232758262760013,1.77618517034341,0.681738370715213));
#2448=CARTESIAN_POINT('Ctrl Pts',(-0.234318165698184,1.77554678813724,0.682626403986919));
#2449=CARTESIAN_POINT('Ctrl Pts',(-0.237948819478766,1.77347922201216,0.684743081991244));
#2450=CARTESIAN_POINT('Ctrl Pts',(-0.239907806509186,1.7718197388215,0.685932971196024));
#2451=CARTESIAN_POINT('Ctrl Pts',(-0.242872798883039,1.76805164592117,0.687783703810584));
#2452=CARTESIAN_POINT('Ctrl Pts',(-0.243966382854393,1.76606686178954,0.688488642710575));
#2453=CARTESIAN_POINT('Ctrl Pts',(-0.245375106505968,1.76188102274179,0.689406086764054));
#2454=CARTESIAN_POINT('Ctrl Pts',(-0.245729134542736,1.75976350232153,0.689641506023744));
#2455=CARTESIAN_POINT('Ctrl Pts',(-0.245729134542736,1.75760545371936,0.689641506023744));
#2456=CARTESIAN_POINT('Origin',(-0.403209449503366,1.18673931198707,1.10461660083365));
#2457=CARTESIAN_POINT('',(-0.442579528243523,1.18673931198707,1.10461660083365));
#2458=CARTESIAN_POINT('Origin',(-0.481949606983681,1.50169994190833,0.923193785474908));
#2459=CARTESIAN_POINT('',(-0.442579528243523,1.50169994190833,0.923193785474908));
#2460=CARTESIAN_POINT('',(-0.481949606983681,1.46232986316818,0.923193785474908));
#2461=CARTESIAN_POINT('Origin',(-0.226044095172657,1.75760545371936,0.735817506440042));
#2462=CARTESIAN_POINT('',(-0.245729134542736,1.75760545371936,0.594644812045282));
#2463=CARTESIAN_POINT('',(-0.245729134542736,1.75760545371936,0.735817506440042));
#2464=CARTESIAN_POINT('',(-0.226044095172657,1.77729049308944,0.607158089415195));
#2465=CARTESIAN_POINT('',(-0.226044095172657,1.77729049308944,0.735817506440042));
#2466=CARTESIAN_POINT('Ctrl Pts',(-0.226044095172657,1.77729049308944,0.607158089415195));
#2467=CARTESIAN_POINT('Ctrl Pts',(-0.226085567147844,1.77729049308944,0.607134145559157));
#2468=CARTESIAN_POINT('Ctrl Pts',(-0.226127033652848,1.77729036203118,0.607110192250108));
#2469=CARTESIAN_POINT('Ctrl Pts',(-0.227901578286231,1.77727914763647,0.606084577636674));
#2470=CARTESIAN_POINT('Ctrl Pts',(-0.229623697631959,1.77703937407267,0.605066787467248));
#2471=CARTESIAN_POINT('Ctrl Pts',(-0.232944445213889,1.77612115608208,0.603058263482373));
#2472=CARTESIAN_POINT('Ctrl Pts',(-0.234544775532652,1.77544577596963,0.60206678601839));
#2473=CARTESIAN_POINT('Ctrl Pts',(-0.238168065750275,1.7733083351041,0.599771496576707));
#2474=CARTESIAN_POINT('Ctrl Pts',(-0.240093290495683,1.77163515286732,0.598506166344106));
#2475=CARTESIAN_POINT('Ctrl Pts',(-0.242978183239546,1.76787043348212,0.596563929808582));
#2476=CARTESIAN_POINT('Ctrl Pts',(-0.244034771409633,1.7659111534121,0.595832442789283));
#2477=CARTESIAN_POINT('Ctrl Pts',(-0.245389325399438,1.7617927198931,0.5948863953063));
#2478=CARTESIAN_POINT('Ctrl Pts',(-0.245729134542736,1.75971967487528,0.594644812045282));
#2479=CARTESIAN_POINT('Ctrl Pts',(-0.245729134542736,1.75760545371936,0.594644812045282));
#2480=CARTESIAN_POINT('Origin',(-0.265414173912814,1.75760545371936,0.538967112739255));
#2481=CARTESIAN_POINT('Origin',(-0.265414173912814,1.75760545371936,0.538967112739255));
#2482=CARTESIAN_POINT('Origin',(-0.265414173912814,1.77729049308944,0.538967112739255));
#2483=CARTESIAN_POINT('Origin',(-0.442579528243523,1.77729049308944,0.853927742660515));
#2484=CARTESIAN_POINT('',(-0.442579528243523,1.61981017812881,1.03109309699122));
#2485=CARTESIAN_POINT('Origin',(-0.442579528243523,1.61981017812881,0.991723018251066));
#2486=CARTESIAN_POINT('Origin',(-0.682067923686765,1.77729049308944,0.853927742660515));
#2487=CARTESIAN_POINT('Origin',(-0.265414173912814,1.77729049308944,0.735817506440042));
#2488=CARTESIAN_POINT('Origin',(-0.0882488195821056,1.77729049308944,0.853927742660515));
#2489=CARTESIAN_POINT('Origin',(0.0314953781395158,1.46232986316818,0.992459828289301));
#2490=CARTESIAN_POINT('Origin',(-0.562323725965144,1.46232986316818,0.992459828289301));
#2491=CARTESIAN_POINT('Origin',(-0.265414173912814,0.793038524585499,0.735817506440042));
#2492=CARTESIAN_POINT('',(-0.315611024306515,0.793038524585499,0.585513497236727));
#2493=CARTESIAN_POINT('',(-0.315611024306515,0.793038524585499,0.735817506440042));
#2494=CARTESIAN_POINT('Ctrl Pts',(-0.315611024306515,0.793038524585499,
0.585513497236727));
#2495=CARTESIAN_POINT('Ctrl Pts',(-0.315611024306515,0.799390071419617,
0.585513497236727));
#2496=CARTESIAN_POINT('Ctrl Pts',(-0.314332665593142,0.806132294477514,
0.585068672287272));
#2497=CARTESIAN_POINT('Ctrl Pts',(-0.309196993502887,0.818485149690674,
0.58349779590877));
#2498=CARTESIAN_POINT('Ctrl Pts',(-0.305341769936858,0.82409999517664,0.58239815906196));
#2499=CARTESIAN_POINT('Ctrl Pts',(-0.29647730322805,0.832964461885448,0.580360838551721));
#2500=CARTESIAN_POINT('Ctrl Pts',(-0.29086179021991,0.836820966296567,0.579285803564692));
#2501=CARTESIAN_POINT('Ctrl Pts',(-0.278506484831091,0.841957588618693,
0.577772112409699));
#2502=CARTESIAN_POINT('Ctrl Pts',(-0.271763344181465,0.8432353749792,0.577352939510909));
#2503=CARTESIAN_POINT('Ctrl Pts',(-0.259065003644164,0.8432353749792,0.577352939510909));
#2504=CARTESIAN_POINT('Ctrl Pts',(-0.252321862994538,0.841957588618693,
0.577772112409699));
#2505=CARTESIAN_POINT('Ctrl Pts',(-0.239966557605718,0.836820966296567,
0.579285803564692));
#2506=CARTESIAN_POINT('Ctrl Pts',(-0.234351044597579,0.832964461885448,
0.580360838551721));
#2507=CARTESIAN_POINT('Ctrl Pts',(-0.225486577888771,0.82409999517664,0.58239815906196));
#2508=CARTESIAN_POINT('Ctrl Pts',(-0.221631354322741,0.818485149690674,
0.58349779590877));
#2509=CARTESIAN_POINT('Ctrl Pts',(-0.216495682232487,0.806132294477514,
0.585068672287272));
#2510=CARTESIAN_POINT('Ctrl Pts',(-0.215217323519113,0.799390071419617,
0.585513497236727));
#2511=CARTESIAN_POINT('Ctrl Pts',(-0.215217323519113,0.786686977751381,
0.585513497236727));
#2512=CARTESIAN_POINT('Ctrl Pts',(-0.216495682232487,0.779944754693484,
0.585068672287272));
#2513=CARTESIAN_POINT('Ctrl Pts',(-0.221631354322741,0.767591899480323,
0.58349779590877));
#2514=CARTESIAN_POINT('Ctrl Pts',(-0.225486577888771,0.761977053994357,
0.58239815906196));
#2515=CARTESIAN_POINT('Ctrl Pts',(-0.234351044597579,0.75311258728555,0.580360838551721));
#2516=CARTESIAN_POINT('Ctrl Pts',(-0.239966557605718,0.749256082874431,
0.579285803564692));
#2517=CARTESIAN_POINT('Ctrl Pts',(-0.252321862994538,0.744119460552305,
0.577772112409699));
#2518=CARTESIAN_POINT('Ctrl Pts',(-0.259065003644164,0.742841674191798,
0.577352939510908));
#2519=CARTESIAN_POINT('Ctrl Pts',(-0.271763344181465,0.742841674191798,
0.577352939510909));
#2520=CARTESIAN_POINT('Ctrl Pts',(-0.278506484831091,0.744119460552305,
0.577772112409699));
#2521=CARTESIAN_POINT('Ctrl Pts',(-0.29086179021991,0.749256082874431,0.579285803564692));
#2522=CARTESIAN_POINT('Ctrl Pts',(-0.29647730322805,0.75311258728555,0.580360838551721));
#2523=CARTESIAN_POINT('Ctrl Pts',(-0.305341769936858,0.761977053994357,
0.58239815906196));
#2524=CARTESIAN_POINT('Ctrl Pts',(-0.309196993502887,0.767591899480324,
0.58349779590877));
#2525=CARTESIAN_POINT('Ctrl Pts',(-0.314332665593142,0.779944754693484,
0.585068672287272));
#2526=CARTESIAN_POINT('Ctrl Pts',(-0.315611024306515,0.786686977751381,
0.585513497236727));
#2527=CARTESIAN_POINT('Ctrl Pts',(-0.315611024306515,0.793038524585499,
0.585513497236727));
#2528=CARTESIAN_POINT('Origin',(-0.265414173912814,0.793038524585499,0.735817506440042));
#2529=CARTESIAN_POINT('',(-0.315611024306515,0.793038524585499,0.886121515643358));
#2530=CARTESIAN_POINT('Ctrl Pts',(-0.315611024306515,0.793038524585499,
0.886121515643358));
#2531=CARTESIAN_POINT('Ctrl Pts',(-0.315611024306515,0.786686977751381,
0.886121515643358));
#2532=CARTESIAN_POINT('Ctrl Pts',(-0.314332665593142,0.779944754693484,
0.886566340592813));
#2533=CARTESIAN_POINT('Ctrl Pts',(-0.309196993502887,0.767591899480324,
0.888137216971315));
#2534=CARTESIAN_POINT('Ctrl Pts',(-0.305341769936858,0.761977053994357,
0.889236853818125));
#2535=CARTESIAN_POINT('Ctrl Pts',(-0.29647730322805,0.75311258728555,0.891274174328363));
#2536=CARTESIAN_POINT('Ctrl Pts',(-0.29086179021991,0.749256082874431,0.892349209315393));
#2537=CARTESIAN_POINT('Ctrl Pts',(-0.278506484831091,0.744119460552305,
0.893862900470386));
#2538=CARTESIAN_POINT('Ctrl Pts',(-0.271763344181465,0.742841674191798,
0.894282073369176));
#2539=CARTESIAN_POINT('Ctrl Pts',(-0.259065003644164,0.742841674191798,
0.894282073369176));
#2540=CARTESIAN_POINT('Ctrl Pts',(-0.252321862994538,0.744119460552305,
0.893862900470386));
#2541=CARTESIAN_POINT('Ctrl Pts',(-0.239966557605718,0.749256082874431,
0.892349209315393));
#2542=CARTESIAN_POINT('Ctrl Pts',(-0.234351044597579,0.75311258728555,0.891274174328363));
#2543=CARTESIAN_POINT('Ctrl Pts',(-0.225486577888771,0.761977053994357,
0.889236853818125));
#2544=CARTESIAN_POINT('Ctrl Pts',(-0.221631354322741,0.767591899480324,
0.888137216971315));
#2545=CARTESIAN_POINT('Ctrl Pts',(-0.216495682232487,0.779944754693484,
0.886566340592813));
#2546=CARTESIAN_POINT('Ctrl Pts',(-0.215217323519113,0.786686977751381,
0.886121515643358));
#2547=CARTESIAN_POINT('Ctrl Pts',(-0.215217323519113,0.799390071419617,
0.886121515643358));
#2548=CARTESIAN_POINT('Ctrl Pts',(-0.216495682232487,0.806132294477514,
0.886566340592813));
#2549=CARTESIAN_POINT('Ctrl Pts',(-0.221631354322741,0.818485149690674,
0.888137216971315));
#2550=CARTESIAN_POINT('Ctrl Pts',(-0.225486577888771,0.82409999517664,0.889236853818125));
#2551=CARTESIAN_POINT('Ctrl Pts',(-0.234351044597579,0.832964461885448,
0.891274174328363));
#2552=CARTESIAN_POINT('Ctrl Pts',(-0.239966557605718,0.836820966296566,
0.892349209315393));
#2553=CARTESIAN_POINT('Ctrl Pts',(-0.252321862994537,0.841957588618692,
0.893862900470386));
#2554=CARTESIAN_POINT('Ctrl Pts',(-0.259065003644164,0.843235374979199,
0.894282073369176));
#2555=CARTESIAN_POINT('Ctrl Pts',(-0.271763344181465,0.8432353749792,0.894282073369176));
#2556=CARTESIAN_POINT('Ctrl Pts',(-0.278506484831091,0.841957588618693,
0.893862900470386));
#2557=CARTESIAN_POINT('Ctrl Pts',(-0.29086179021991,0.836820966296567,0.892349209315393));
#2558=CARTESIAN_POINT('Ctrl Pts',(-0.29647730322805,0.832964461885448,0.891274174328363));
#2559=CARTESIAN_POINT('Ctrl Pts',(-0.305341769936858,0.82409999517664,0.889236853818125));
#2560=CARTESIAN_POINT('Ctrl Pts',(-0.309196993502887,0.818485149690674,
0.888137216971315));
#2561=CARTESIAN_POINT('Ctrl Pts',(-0.314332665593142,0.806132294477514,
0.886566340592813));
#2562=CARTESIAN_POINT('Ctrl Pts',(-0.315611024306515,0.799390071419617,
0.886121515643358));
#2563=CARTESIAN_POINT('Ctrl Pts',(-0.315611024306515,0.793038524585499,
0.886121515643358));
#2564=CARTESIAN_POINT('',(-0.315611024306515,0.793038524585499,0.735817506440042));
#2565=CARTESIAN_POINT('Origin',(-0.265414173912814,0.989888918286286,0.735817506440042));
#2566=CARTESIAN_POINT('',(-0.315611024306515,0.989888918286286,0.585513497236727));
#2567=CARTESIAN_POINT('',(-0.315611024306515,0.989888918286286,0.735817506440042));
#2568=CARTESIAN_POINT('Ctrl Pts',(-0.315611024306515,0.989888918286286,
0.585513497236727));
#2569=CARTESIAN_POINT('Ctrl Pts',(-0.315611024306515,0.996240465120404,
0.585513497236727));
#2570=CARTESIAN_POINT('Ctrl Pts',(-0.314332665593142,1.0029826881783,0.585068672287272));
#2571=CARTESIAN_POINT('Ctrl Pts',(-0.309196993502887,1.01533554339146,0.58349779590877));
#2572=CARTESIAN_POINT('Ctrl Pts',(-0.305341769936858,1.02095038887743,0.58239815906196));
#2573=CARTESIAN_POINT('Ctrl Pts',(-0.29647730322805,1.02981485558624,0.580360838551721));
#2574=CARTESIAN_POINT('Ctrl Pts',(-0.29086179021991,1.03367135999735,0.579285803564692));
#2575=CARTESIAN_POINT('Ctrl Pts',(-0.278506484831091,1.03880798231948,0.577772112409699));
#2576=CARTESIAN_POINT('Ctrl Pts',(-0.271763344181465,1.04008576867999,0.577352939510909));
#2577=CARTESIAN_POINT('Ctrl Pts',(-0.259065003644164,1.04008576867999,0.577352939510909));
#2578=CARTESIAN_POINT('Ctrl Pts',(-0.252321862994538,1.03880798231948,0.577772112409699));
#2579=CARTESIAN_POINT('Ctrl Pts',(-0.239966557605718,1.03367135999735,0.579285803564692));
#2580=CARTESIAN_POINT('Ctrl Pts',(-0.234351044597579,1.02981485558624,0.580360838551721));
#2581=CARTESIAN_POINT('Ctrl Pts',(-0.225486577888771,1.02095038887743,0.58239815906196));
#2582=CARTESIAN_POINT('Ctrl Pts',(-0.221631354322741,1.01533554339146,0.58349779590877));
#2583=CARTESIAN_POINT('Ctrl Pts',(-0.216495682232487,1.0029826881783,0.585068672287272));
#2584=CARTESIAN_POINT('Ctrl Pts',(-0.215217323519113,0.996240465120404,
0.585513497236727));
#2585=CARTESIAN_POINT('Ctrl Pts',(-0.215217323519113,0.983537371452168,
0.585513497236727));
#2586=CARTESIAN_POINT('Ctrl Pts',(-0.216495682232487,0.976795148394271,
0.585068672287272));
#2587=CARTESIAN_POINT('Ctrl Pts',(-0.221631354322741,0.964442293181111,
0.58349779590877));
#2588=CARTESIAN_POINT('Ctrl Pts',(-0.225486577888771,0.958827447695145,
0.58239815906196));
#2589=CARTESIAN_POINT('Ctrl Pts',(-0.234351044597579,0.949962980986337,
0.580360838551721));
#2590=CARTESIAN_POINT('Ctrl Pts',(-0.239966557605718,0.946106476575218,
0.579285803564692));
#2591=CARTESIAN_POINT('Ctrl Pts',(-0.252321862994538,0.940969854253093,
0.577772112409699));
#2592=CARTESIAN_POINT('Ctrl Pts',(-0.259065003644164,0.939692067892585,
0.577352939510908));
#2593=CARTESIAN_POINT('Ctrl Pts',(-0.271763344181465,0.939692067892585,
0.577352939510909));
#2594=CARTESIAN_POINT('Ctrl Pts',(-0.278506484831091,0.940969854253093,
0.577772112409699));
#2595=CARTESIAN_POINT('Ctrl Pts',(-0.29086179021991,0.946106476575218,0.579285803564692));
#2596=CARTESIAN_POINT('Ctrl Pts',(-0.29647730322805,0.949962980986337,0.580360838551721));
#2597=CARTESIAN_POINT('Ctrl Pts',(-0.305341769936858,0.958827447695145,
0.58239815906196));
#2598=CARTESIAN_POINT('Ctrl Pts',(-0.309196993502887,0.964442293181111,
0.58349779590877));
#2599=CARTESIAN_POINT('Ctrl Pts',(-0.314332665593142,0.976795148394271,
0.585068672287272));
#2600=CARTESIAN_POINT('Ctrl Pts',(-0.315611024306515,0.983537371452168,
0.585513497236727));
#2601=CARTESIAN_POINT('Ctrl Pts',(-0.315611024306515,0.989888918286286,
0.585513497236727));
#2602=CARTESIAN_POINT('Origin',(-0.265414173912814,0.989888918286286,0.735817506440042));
#2603=CARTESIAN_POINT('',(-0.315611024306515,0.989888918286286,0.886121515643358));
#2604=CARTESIAN_POINT('Ctrl Pts',(-0.315611024306515,0.989888918286286,
0.886121515643358));
#2605=CARTESIAN_POINT('Ctrl Pts',(-0.315611024306515,0.983537371452168,
0.886121515643358));
#2606=CARTESIAN_POINT('Ctrl Pts',(-0.314332665593142,0.976795148394271,
0.886566340592813));
#2607=CARTESIAN_POINT('Ctrl Pts',(-0.309196993502887,0.964442293181111,
0.888137216971315));
#2608=CARTESIAN_POINT('Ctrl Pts',(-0.305341769936858,0.958827447695145,
0.889236853818125));
#2609=CARTESIAN_POINT('Ctrl Pts',(-0.29647730322805,0.949962980986337,0.891274174328363));
#2610=CARTESIAN_POINT('Ctrl Pts',(-0.29086179021991,0.946106476575219,0.892349209315393));
#2611=CARTESIAN_POINT('Ctrl Pts',(-0.278506484831091,0.940969854253093,
0.893862900470386));
#2612=CARTESIAN_POINT('Ctrl Pts',(-0.271763344181465,0.939692067892585,
0.894282073369176));
#2613=CARTESIAN_POINT('Ctrl Pts',(-0.259065003644164,0.939692067892585,
0.894282073369176));
#2614=CARTESIAN_POINT('Ctrl Pts',(-0.252321862994538,0.940969854253093,
0.893862900470386));
#2615=CARTESIAN_POINT('Ctrl Pts',(-0.239966557605718,0.946106476575218,
0.892349209315393));
#2616=CARTESIAN_POINT('Ctrl Pts',(-0.234351044597579,0.949962980986337,
0.891274174328363));
#2617=CARTESIAN_POINT('Ctrl Pts',(-0.225486577888771,0.958827447695145,
0.889236853818125));
#2618=CARTESIAN_POINT('Ctrl Pts',(-0.221631354322741,0.964442293181111,
0.888137216971315));
#2619=CARTESIAN_POINT('Ctrl Pts',(-0.216495682232487,0.976795148394271,
0.886566340592813));
#2620=CARTESIAN_POINT('Ctrl Pts',(-0.215217323519113,0.983537371452168,
0.886121515643358));
#2621=CARTESIAN_POINT('Ctrl Pts',(-0.215217323519113,0.996240465120404,
0.886121515643358));
#2622=CARTESIAN_POINT('Ctrl Pts',(-0.216495682232487,1.0029826881783,0.886566340592813));
#2623=CARTESIAN_POINT('Ctrl Pts',(-0.221631354322741,1.01533554339146,0.888137216971315));
#2624=CARTESIAN_POINT('Ctrl Pts',(-0.225486577888771,1.02095038887743,0.889236853818125));
#2625=CARTESIAN_POINT('Ctrl Pts',(-0.234351044597579,1.02981485558624,0.891274174328363));
#2626=CARTESIAN_POINT('Ctrl Pts',(-0.239966557605718,1.03367135999735,0.892349209315393));
#2627=CARTESIAN_POINT('Ctrl Pts',(-0.252321862994538,1.03880798231948,0.893862900470386));
#2628=CARTESIAN_POINT('Ctrl Pts',(-0.259065003644164,1.04008576867999,0.894282073369176));
#2629=CARTESIAN_POINT('Ctrl Pts',(-0.271763344181465,1.04008576867999,0.894282073369176));
#2630=CARTESIAN_POINT('Ctrl Pts',(-0.278506484831091,1.03880798231948,0.893862900470386));
#2631=CARTESIAN_POINT('Ctrl Pts',(-0.29086179021991,1.03367135999735,0.892349209315393));
#2632=CARTESIAN_POINT('Ctrl Pts',(-0.29647730322805,1.02981485558624,0.891274174328363));
#2633=CARTESIAN_POINT('Ctrl Pts',(-0.305341769936858,1.02095038887743,0.889236853818125));
#2634=CARTESIAN_POINT('Ctrl Pts',(-0.309196993502887,1.01533554339146,0.888137216971315));
#2635=CARTESIAN_POINT('Ctrl Pts',(-0.314332665593142,1.0029826881783,0.886566340592813));
#2636=CARTESIAN_POINT('Ctrl Pts',(-0.315611024306515,0.996240465120404,
0.886121515643358));
#2637=CARTESIAN_POINT('Ctrl Pts',(-0.315611024306515,0.989888918286286,
0.886121515643358));
#2638=CARTESIAN_POINT('',(-0.315611024306515,0.989888918286286,0.735817506440042));
#2639=CARTESIAN_POINT('Origin',(-0.265414173912814,1.18673931198707,0.735817506440042));
#2640=CARTESIAN_POINT('',(-0.423878740841948,1.18673931198707,0.735817506440042));
#2641=CARTESIAN_POINT('',(-0.423878740841948,1.18673931198707,0.735817506440042));
#2642=CARTESIAN_POINT('Origin',(-0.265414173912814,1.18673931198707,0.735817506440042));
#2643=CARTESIAN_POINT('Origin',(-0.265414173912814,1.61981017812881,0.991723018251066));
#2644=CARTESIAN_POINT('',(-0.245729134542736,1.61981017812881,1.04880963242429));
#2645=CARTESIAN_POINT('Origin',(-0.245729134542736,1.61981017812881,0.991723018251066));
#2646=CARTESIAN_POINT('',(-0.265414173912814,1.61981017812881,1.04880963242429));
#2647=CARTESIAN_POINT('Origin',(-0.265414173912814,1.61981017812881,0.991723018251066));
#2648=CARTESIAN_POINT('',(-0.265414173912814,1.61981017812881,1.03109309699122));
#2649=CARTESIAN_POINT('Origin',(-0.265414173912814,1.77729049308944,0.538967112739255));
#2650=CARTESIAN_POINT('',(-0.245729134542736,1.77729049308944,0.594644812045282));
#2651=CARTESIAN_POINT('',(-0.285099213282893,1.77729049308944,0.594644812045282));
#2652=CARTESIAN_POINT('Origin',(-0.285099213282893,1.77729049308944,0.735817506440042));
#2653=CARTESIAN_POINT('',(-0.285099213282893,1.77729049308944,0.689641506023744));
#2654=CARTESIAN_POINT('Origin',(-0.245729134542736,1.30484954820755,0.735817506440042));
#2655=CARTESIAN_POINT('',(-0.245729134542736,1.77729049308944,0.689641506023744));
#2656=CARTESIAN_POINT('Origin',(-0.245729134542736,1.30484954820755,0.735817506440042));
#2657=CARTESIAN_POINT('',(-0.245729134542736,1.77729049308944,0.781993506856341));
#2658=CARTESIAN_POINT('Origin',(-0.265414173912814,1.77729049308944,0.735817506440042));
#2659=CARTESIAN_POINT('Origin',(-0.265414173912814,1.77729049308944,0.735817506440042));
#2660=CARTESIAN_POINT('Origin',(-0.265414173912814,1.18673931198707,0.735817506440042));
#2661=UNCERTAINTY_MEASURE_WITH_UNIT(LENGTH_MEASURE(0.000393700787401575),
#2666,'DISTANCE_ACCURACY_VALUE',
'Maximum model space distance between geometric entities at asserted c
onnectivities');
#2662=UNCERTAINTY_MEASURE_WITH_UNIT(LENGTH_MEASURE(0.000393700787401575),
#2666,'DISTANCE_ACCURACY_VALUE',
'Maximum model space distance between geometric entities at asserted c
onnectivities');
#2663=(
GEOMETRIC_REPRESENTATION_CONTEXT(3)
GLOBAL_UNCERTAINTY_ASSIGNED_CONTEXT((#2661))
GLOBAL_UNIT_ASSIGNED_CONTEXT((#2666,#2670,#2671))
REPRESENTATION_CONTEXT('','3D')
);
#2664=(
GEOMETRIC_REPRESENTATION_CONTEXT(3)
GLOBAL_UNCERTAINTY_ASSIGNED_CONTEXT((#2662))
GLOBAL_UNIT_ASSIGNED_CONTEXT((#2666,#2670,#2671))
REPRESENTATION_CONTEXT('','3D')
);
#2665=DIMENSIONAL_EXPONENTS(1.,0.,0.,0.,0.,0.,0.);
#2666=(
CONVERSION_BASED_UNIT('inch',#2669)
LENGTH_UNIT()
NAMED_UNIT(#2665)
);
#2667=(
LENGTH_UNIT()
NAMED_UNIT(*)
SI_UNIT(.MILLI.,.METRE.)
);
#2668=(
LENGTH_UNIT()
NAMED_UNIT(*)
SI_UNIT($,.METRE.)
);
#2669=LENGTH_MEASURE_WITH_UNIT(LENGTH_MEASURE(25.4),#2667);
#2670=(
NAMED_UNIT(*)
PLANE_ANGLE_UNIT()
SI_UNIT($,.RADIAN.)
);
#2671=(
NAMED_UNIT(*)
SI_UNIT($,.STERADIAN.)
SOLID_ANGLE_UNIT()
);
#2672=SHAPE_DEFINITION_REPRESENTATION(#2673,#2674);
#2673=PRODUCT_DEFINITION_SHAPE('',$,#2676);
#2674=SHAPE_REPRESENTATION('',(#1203),#2663);
#2675=PRODUCT_DEFINITION_CONTEXT('part definition',#2680,'design');
#2676=PRODUCT_DEFINITION('2026-10-07-21-06-40-711','(Unsaved)',#2677,#2675);
#2677=PRODUCT_DEFINITION_FORMATION('',$,#2682);
#2678=PRODUCT_RELATED_PRODUCT_CATEGORY('(Unsaved)','(Unsaved)',(#2682));
#2679=APPLICATION_PROTOCOL_DEFINITION('international standard',
'automotive_design',2009,#2680);
#2680=APPLICATION_CONTEXT(
'Core Data for Automotive Mechanical Design Process');
#2681=PRODUCT_CONTEXT('part definition',#2680,'mechanical');
#2682=PRODUCT('2026-10-07-21-06-40-711','(Unsaved)',$,(#2681));
#2683=PRESENTATION_STYLE_ASSIGNMENT((#2684));
#2684=SURFACE_STYLE_USAGE(.BOTH.,#2685);
#2685=SURFACE_SIDE_STYLE('',(#2686));
#2686=SURFACE_STYLE_FILL_AREA(#2687);
#2687=FILL_AREA_STYLE('Steel - Satin',(#2688));
#2688=FILL_AREA_STYLE_COLOUR('Steel - Satin',#2689);
#2689=COLOUR_RGB('Steel - Satin',0.627450980392157,0.627450980392157,0.627450980392157);
ENDSEC;
END-ISO-10303-21;
