ISO-10303-21;
HEADER;
/* Generated by software containing ST-Developer
 * from STEP Tools, Inc. (www.steptools.com) 
 */

FILE_DESCRIPTION(
/* description */ (''),
/* implementation_level */ '2;1');

FILE_NAME(
/* name */ 'motor_hub.step',
/* time_stamp */ '2026-10-07T21:06:39-07:00',
/* author */ (''),
/* organization */ (''),
/* preprocessor_version */ 'ST-DEVELOPER v20.2',
/* originating_system */ 'Autodesk Translation Framework v15.15.0.0',
/* authorisation */ '');

FILE_SCHEMA (('AUTOMOTIVE_DESIGN { 1 0 10303 214 3 1 1 }'));
ENDSEC;

DATA;
#10=MECHANICAL_DESIGN_GEOMETRIC_PRESENTATION_REPRESENTATION('',(#13),#10774);
#11=SHAPE_REPRESENTATION_RELATIONSHIP('SRR','None',#10784,#12);
#12=ADVANCED_BREP_SHAPE_REPRESENTATION('',(#14),#10773);
#13=STYLED_ITEM('',(#10793),#14);
#14=MANIFOLD_SOLID_BREP('Body1',#2515);
#15=CONICAL_SURFACE('',#2721,0.482283464566929,0.429762279096688);
#16=FACE_BOUND('',#425,.T.);
#17=FACE_BOUND('',#426,.T.);
#18=FACE_BOUND('',#427,.T.);
#19=FACE_BOUND('',#428,.T.);
#20=FACE_BOUND('',#429,.T.);
#21=FACE_BOUND('',#477,.T.);
#22=FACE_BOUND('',#489,.T.);
#23=FACE_BOUND('',#495,.T.);
#24=FACE_BOUND('',#497,.T.);
#25=FACE_BOUND('',#499,.T.);
#26=FACE_BOUND('',#502,.T.);
#27=FACE_BOUND('',#505,.T.);
#28=PLANE('',#2599);
#29=PLANE('',#2604);
#30=PLANE('',#2606);
#31=PLANE('',#2615);
#32=PLANE('',#2617);
#33=PLANE('',#2629);
#34=PLANE('',#2639);
#35=PLANE('',#2706);
#36=PLANE('',#2709);
#37=PLANE('',#2711);
#38=PLANE('',#2713);
#39=PLANE('',#2716);
#40=PLANE('',#2722);
#41=PLANE('',#2724);
#42=PLANE('',#2728);
#43=PLANE('',#2729);
#44=PLANE('',#2730);
#45=PLANE('',#2732);
#46=PLANE('',#2736);
#47=PLANE('',#2740);
#48=LINE('',#8745,#100);
#49=LINE('',#8786,#101);
#50=LINE('',#8791,#102);
#51=LINE('',#8883,#103);
#52=LINE('',#8888,#104);
#53=LINE('',#8951,#105);
#54=LINE('',#8965,#106);
#55=LINE('',#8978,#107);
#56=LINE('',#8996,#108);
#57=LINE('',#9009,#109);
#58=LINE('',#9032,#110);
#59=LINE('',#9053,#111);
#60=LINE('',#9180,#112);
#61=LINE('',#9197,#113);
#62=LINE('',#9285,#114);
#63=LINE('',#9286,#115);
#64=LINE('',#9527,#116);
#65=LINE('',#9543,#117);
#66=LINE('',#9661,#118);
#67=LINE('',#9674,#119);
#68=LINE('',#9908,#120);
#69=LINE('',#9909,#121);
#70=LINE('',#10109,#122);
#71=LINE('',#10110,#123);
#72=LINE('',#10112,#124);
#73=LINE('',#10113,#125);
#74=LINE('',#10620,#126);
#75=LINE('',#10622,#127);
#76=LINE('',#10682,#128);
#77=LINE('',#10683,#129);
#78=LINE('',#10685,#130);
#79=LINE('',#10689,#131);
#80=LINE('',#10691,#132);
#81=LINE('',#10693,#133);
#82=LINE('',#10695,#134);
#83=LINE('',#10697,#135);
#84=LINE('',#10700,#136);
#85=LINE('',#10705,#137);
#86=LINE('',#10707,#138);
#87=LINE('',#10710,#139);
#88=LINE('',#10714,#140);
#89=LINE('',#10718,#141);
#90=LINE('',#10719,#142);
#91=LINE('',#10723,#143);
#92=LINE('',#10725,#144);
#93=LINE('',#10729,#145);
#94=LINE('',#10751,#146);
#95=LINE('',#10758,#147);
#96=LINE('',#10764,#148);
#97=LINE('',#10766,#149);
#98=LINE('',#10768,#150);
#99=LINE('',#10770,#151);
#100=VECTOR('',#2886,0.145275590551181);
#101=VECTOR('',#2901,0.393700787401575);
#102=VECTOR('',#2908,0.393700787401575);
#103=VECTOR('',#2925,0.393700787401575);
#104=VECTOR('',#2932,0.393700787401575);
#105=VECTOR('',#2951,0.590551181102362);
#106=VECTOR('',#2966,0.393700787401575);
#107=VECTOR('',#2967,0.393700787401575);
#108=VECTOR('',#2970,0.393700787401575);
#109=VECTOR('',#2971,0.393700787401575);
#110=VECTOR('',#2984,0.393700787401575);
#111=VECTOR('',#2985,0.393700787401575);
#112=VECTOR('',#3000,0.393700787401575);
#113=VECTOR('',#3001,0.393700787401575);
#114=VECTOR('',#3006,0.393700787401575);
#115=VECTOR('',#3007,0.393700787401575);
#116=VECTOR('',#3022,0.393700787401575);
#117=VECTOR('',#3023,0.393700787401575);
#118=VECTOR('',#3032,0.393700787401575);
#119=VECTOR('',#3035,0.393700787401575);
#120=VECTOR('',#3050,0.393700787401575);
#121=VECTOR('',#3051,0.393700787401575);
#122=VECTOR('',#3074,0.393700787401575);
#123=VECTOR('',#3075,0.393700787401575);
#124=VECTOR('',#3078,0.393700787401575);
#125=VECTOR('',#3079,0.393700787401575);
#126=VECTOR('',#3114,0.393700787401575);
#127=VECTOR('',#3115,0.393700787401575);
#128=VECTOR('',#3130,0.393700787401575);
#129=VECTOR('',#3131,0.393700787401575);
#130=VECTOR('',#3134,0.393700787401575);
#131=VECTOR('',#3139,0.393700787401575);
#132=VECTOR('',#3142,0.393700787401575);
#133=VECTOR('',#3145,0.393700787401575);
#134=VECTOR('',#3148,0.393700787401575);
#135=VECTOR('',#3151,0.393700787401575);
#136=VECTOR('',#3154,0.393700787401575);
#137=VECTOR('',#3159,0.393700787401575);
#138=VECTOR('',#3162,0.393700787401575);
#139=VECTOR('',#3165,0.108267716535433);
#140=VECTOR('',#3170,0.108267716535433);
#141=VECTOR('',#3177,0.393700787401575);
#142=VECTOR('',#3178,0.393700787401575);
#143=VECTOR('',#3183,0.393700787401575);
#144=VECTOR('',#3186,0.0570866141732284);
#145=VECTOR('',#3191,0.0393700787401575);
#146=VECTOR('',#3206,0.108267716535433);
#147=VECTOR('',#3215,0.108267716535433);
#148=VECTOR('',#3224,0.0570866141732283);
#149=VECTOR('',#3227,0.0570866141732283);
#150=VECTOR('',#3230,0.0570866141732283);
#151=VECTOR('',#3233,0.0570866141732283);
#152=TOROIDAL_SURFACE('',#2592,0.135433070866142,0.00984251968503937);
#153=TOROIDAL_SURFACE('',#2600,0.127952755905512,0.0196850393700787);
#154=TOROIDAL_SURFACE('',#2608,0.493108993495918,0.0393700787401575);
#155=TOROIDAL_SURFACE('',#2610,0.127952755905512,0.0196850393700787);
#156=TOROIDAL_SURFACE('',#2619,0.493108993495918,0.0393700787401575);
#157=TOROIDAL_SURFACE('',#2621,0.551181102362205,0.0393700787401575);
#158=TOROIDAL_SURFACE('',#2636,0.047244094488189,0.0118110236220472);
#159=TOROIDAL_SURFACE('',#2642,0.147637795275591,0.0393700787401575);
#160=TOROIDAL_SURFACE('',#2652,0.078740157480315,0.0196850393700787);
#161=TOROIDAL_SURFACE('',#2659,0.551181102362205,0.0393700787401575);
#162=TOROIDAL_SURFACE('',#2664,0.0698818897637795,0.0196850393700787);
#163=TOROIDAL_SURFACE('',#2672,0.348752038115341,0.0393700787401575);
#164=TOROIDAL_SURFACE('',#2675,0.147637795275591,0.0393700787401575);
#165=TOROIDAL_SURFACE('',#2682,0.348752038115341,0.0393700787401575);
#166=TOROIDAL_SURFACE('',#2685,0.14763779527559,0.0393700787401575);
#167=TOROIDAL_SURFACE('',#2689,0.348752038115341,0.0393700787401575);
#168=TOROIDAL_SURFACE('',#2692,0.147637795275591,0.0393700787401575);
#169=TOROIDAL_SURFACE('',#2695,0.348752038115341,0.0393700787401575);
#170=TOROIDAL_SURFACE('',#2699,0.348752038115341,0.0393700787401575);
#171=TOROIDAL_SURFACE('',#2702,0.0698818897637795,0.0196850393700787);
#172=CYLINDRICAL_SURFACE('',#2590,0.108267716535433);
#173=CYLINDRICAL_SURFACE('',#2597,0.145275590551181);
#174=CYLINDRICAL_SURFACE('',#2626,0.590551181102362);
#175=CYLINDRICAL_SURFACE('',#2634,0.0118110236220472);
#176=CYLINDRICAL_SURFACE('',#2635,0.0118110236220472);
#177=CYLINDRICAL_SURFACE('',#2648,0.0196850393700787);
#178=CYLINDRICAL_SURFACE('',#2650,0.0393700787401575);
#179=CYLINDRICAL_SURFACE('',#2657,0.0196850393700787);
#180=CYLINDRICAL_SURFACE('',#2661,0.0118110236220472);
#181=CYLINDRICAL_SURFACE('',#2662,0.0118110236220472);
#182=CYLINDRICAL_SURFACE('',#2669,0.0196850393700787);
#183=CYLINDRICAL_SURFACE('',#2680,0.0393700787401575);
#184=CYLINDRICAL_SURFACE('',#2681,0.0393700787401575);
#185=CYLINDRICAL_SURFACE('',#2698,0.0196850393700787);
#186=CYLINDRICAL_SURFACE('',#2705,0.0393700787401575);
#187=CYLINDRICAL_SURFACE('',#2708,0.0501968503937008);
#188=CYLINDRICAL_SURFACE('',#2710,0.0590551181102362);
#189=CYLINDRICAL_SURFACE('',#2712,0.0501968503937008);
#190=CYLINDRICAL_SURFACE('',#2717,0.108267716535433);
#191=CYLINDRICAL_SURFACE('',#2719,0.108267716535433);
#192=CYLINDRICAL_SURFACE('',#2725,0.0570866141732283);
#193=CYLINDRICAL_SURFACE('',#2726,0.0393700787401575);
#194=CYLINDRICAL_SURFACE('',#2734,0.108267716535433);
#195=CYLINDRICAL_SURFACE('',#2738,0.108267716535433);
#196=CYLINDRICAL_SURFACE('',#2742,0.0570866141732283);
#197=CYLINDRICAL_SURFACE('',#2743,0.0570866141732283);
#198=CYLINDRICAL_SURFACE('',#2744,0.0570866141732283);
#199=CYLINDRICAL_SURFACE('',#2745,0.0570866141732283);
#200=FACE_OUTER_BOUND('',#349,.T.);
#201=FACE_OUTER_BOUND('',#350,.T.);
#202=FACE_OUTER_BOUND('',#351,.T.);
#203=FACE_OUTER_BOUND('',#352,.T.);
#204=FACE_OUTER_BOUND('',#353,.T.);
#205=FACE_OUTER_BOUND('',#354,.T.);
#206=FACE_OUTER_BOUND('',#355,.T.);
#207=FACE_OUTER_BOUND('',#356,.T.);
#208=FACE_OUTER_BOUND('',#357,.T.);
#209=FACE_OUTER_BOUND('',#358,.T.);
#210=FACE_OUTER_BOUND('',#359,.T.);
#211=FACE_OUTER_BOUND('',#360,.T.);
#212=FACE_OUTER_BOUND('',#361,.T.);
#213=FACE_OUTER_BOUND('',#362,.T.);
#214=FACE_OUTER_BOUND('',#363,.T.);
#215=FACE_OUTER_BOUND('',#364,.T.);
#216=FACE_OUTER_BOUND('',#365,.T.);
#217=FACE_OUTER_BOUND('',#366,.T.);
#218=FACE_OUTER_BOUND('',#367,.T.);
#219=FACE_OUTER_BOUND('',#368,.T.);
#220=FACE_OUTER_BOUND('',#369,.T.);
#221=FACE_OUTER_BOUND('',#370,.T.);
#222=FACE_OUTER_BOUND('',#371,.T.);
#223=FACE_OUTER_BOUND('',#372,.T.);
#224=FACE_OUTER_BOUND('',#373,.T.);
#225=FACE_OUTER_BOUND('',#374,.T.);
#226=FACE_OUTER_BOUND('',#375,.T.);
#227=FACE_OUTER_BOUND('',#376,.T.);
#228=FACE_OUTER_BOUND('',#377,.T.);
#229=FACE_OUTER_BOUND('',#378,.T.);
#230=FACE_OUTER_BOUND('',#379,.T.);
#231=FACE_OUTER_BOUND('',#380,.T.);
#232=FACE_OUTER_BOUND('',#381,.T.);
#233=FACE_OUTER_BOUND('',#382,.T.);
#234=FACE_OUTER_BOUND('',#383,.T.);
#235=FACE_OUTER_BOUND('',#384,.T.);
#236=FACE_OUTER_BOUND('',#385,.T.);
#237=FACE_OUTER_BOUND('',#386,.T.);
#238=FACE_OUTER_BOUND('',#387,.T.);
#239=FACE_OUTER_BOUND('',#388,.T.);
#240=FACE_OUTER_BOUND('',#389,.T.);
#241=FACE_OUTER_BOUND('',#390,.T.);
#242=FACE_OUTER_BOUND('',#391,.T.);
#243=FACE_OUTER_BOUND('',#392,.T.);
#244=FACE_OUTER_BOUND('',#393,.T.);
#245=FACE_OUTER_BOUND('',#394,.T.);
#246=FACE_OUTER_BOUND('',#395,.T.);
#247=FACE_OUTER_BOUND('',#396,.T.);
#248=FACE_OUTER_BOUND('',#397,.T.);
#249=FACE_OUTER_BOUND('',#398,.T.);
#250=FACE_OUTER_BOUND('',#399,.T.);
#251=FACE_OUTER_BOUND('',#400,.T.);
#252=FACE_OUTER_BOUND('',#401,.T.);
#253=FACE_OUTER_BOUND('',#402,.T.);
#254=FACE_OUTER_BOUND('',#403,.T.);
#255=FACE_OUTER_BOUND('',#404,.T.);
#256=FACE_OUTER_BOUND('',#405,.T.);
#257=FACE_OUTER_BOUND('',#406,.T.);
#258=FACE_OUTER_BOUND('',#407,.T.);
#259=FACE_OUTER_BOUND('',#408,.T.);
#260=FACE_OUTER_BOUND('',#409,.T.);
#261=FACE_OUTER_BOUND('',#410,.T.);
#262=FACE_OUTER_BOUND('',#411,.T.);
#263=FACE_OUTER_BOUND('',#412,.T.);
#264=FACE_OUTER_BOUND('',#413,.T.);
#265=FACE_OUTER_BOUND('',#414,.T.);
#266=FACE_OUTER_BOUND('',#415,.T.);
#267=FACE_OUTER_BOUND('',#416,.T.);
#268=FACE_OUTER_BOUND('',#417,.T.);
#269=FACE_OUTER_BOUND('',#418,.T.);
#270=FACE_OUTER_BOUND('',#419,.T.);
#271=FACE_OUTER_BOUND('',#420,.T.);
#272=FACE_OUTER_BOUND('',#421,.T.);
#273=FACE_OUTER_BOUND('',#422,.T.);
#274=FACE_OUTER_BOUND('',#423,.T.);
#275=FACE_OUTER_BOUND('',#424,.T.);
#276=FACE_OUTER_BOUND('',#430,.T.);
#277=FACE_OUTER_BOUND('',#431,.T.);
#278=FACE_OUTER_BOUND('',#432,.T.);
#279=FACE_OUTER_BOUND('',#433,.T.);
#280=FACE_OUTER_BOUND('',#434,.T.);
#281=FACE_OUTER_BOUND('',#435,.T.);
#282=FACE_OUTER_BOUND('',#436,.T.);
#283=FACE_OUTER_BOUND('',#437,.T.);
#284=FACE_OUTER_BOUND('',#438,.T.);
#285=FACE_OUTER_BOUND('',#439,.T.);
#286=FACE_OUTER_BOUND('',#440,.T.);
#287=FACE_OUTER_BOUND('',#441,.T.);
#288=FACE_OUTER_BOUND('',#442,.T.);
#289=FACE_OUTER_BOUND('',#443,.T.);
#290=FACE_OUTER_BOUND('',#444,.T.);
#291=FACE_OUTER_BOUND('',#445,.T.);
#292=FACE_OUTER_BOUND('',#446,.T.);
#293=FACE_OUTER_BOUND('',#447,.T.);
#294=FACE_OUTER_BOUND('',#448,.T.);
#295=FACE_OUTER_BOUND('',#449,.T.);
#296=FACE_OUTER_BOUND('',#450,.T.);
#297=FACE_OUTER_BOUND('',#451,.T.);
#298=FACE_OUTER_BOUND('',#452,.T.);
#299=FACE_OUTER_BOUND('',#453,.T.);
#300=FACE_OUTER_BOUND('',#454,.T.);
#301=FACE_OUTER_BOUND('',#455,.T.);
#302=FACE_OUTER_BOUND('',#456,.T.);
#303=FACE_OUTER_BOUND('',#457,.T.);
#304=FACE_OUTER_BOUND('',#458,.T.);
#305=FACE_OUTER_BOUND('',#459,.T.);
#306=FACE_OUTER_BOUND('',#460,.T.);
#307=FACE_OUTER_BOUND('',#461,.T.);
#308=FACE_OUTER_BOUND('',#462,.T.);
#309=FACE_OUTER_BOUND('',#463,.T.);
#310=FACE_OUTER_BOUND('',#464,.T.);
#311=FACE_OUTER_BOUND('',#465,.T.);
#312=FACE_OUTER_BOUND('',#466,.T.);
#313=FACE_OUTER_BOUND('',#467,.T.);
#314=FACE_OUTER_BOUND('',#468,.T.);
#315=FACE_OUTER_BOUND('',#469,.T.);
#316=FACE_OUTER_BOUND('',#470,.T.);
#317=FACE_OUTER_BOUND('',#471,.T.);
#318=FACE_OUTER_BOUND('',#472,.T.);
#319=FACE_OUTER_BOUND('',#473,.T.);
#320=FACE_OUTER_BOUND('',#474,.T.);
#321=FACE_OUTER_BOUND('',#475,.T.);
#322=FACE_OUTER_BOUND('',#476,.T.);
#323=FACE_OUTER_BOUND('',#478,.T.);
#324=FACE_OUTER_BOUND('',#479,.T.);
#325=FACE_OUTER_BOUND('',#480,.T.);
#326=FACE_OUTER_BOUND('',#481,.T.);
#327=FACE_OUTER_BOUND('',#482,.T.);
#328=FACE_OUTER_BOUND('',#483,.T.);
#329=FACE_OUTER_BOUND('',#484,.T.);
#330=FACE_OUTER_BOUND('',#485,.T.);
#331=FACE_OUTER_BOUND('',#486,.T.);
#332=FACE_OUTER_BOUND('',#487,.T.);
#333=FACE_OUTER_BOUND('',#488,.T.);
#334=FACE_OUTER_BOUND('',#490,.T.);
#335=FACE_OUTER_BOUND('',#491,.T.);
#336=FACE_OUTER_BOUND('',#492,.T.);
#337=FACE_OUTER_BOUND('',#493,.T.);
#338=FACE_OUTER_BOUND('',#494,.T.);
#339=FACE_OUTER_BOUND('',#496,.T.);
#340=FACE_OUTER_BOUND('',#498,.T.);
#341=FACE_OUTER_BOUND('',#500,.T.);
#342=FACE_OUTER_BOUND('',#501,.T.);
#343=FACE_OUTER_BOUND('',#503,.T.);
#344=FACE_OUTER_BOUND('',#504,.T.);
#345=FACE_OUTER_BOUND('',#506,.T.);
#346=FACE_OUTER_BOUND('',#507,.T.);
#347=FACE_OUTER_BOUND('',#508,.T.);
#348=FACE_OUTER_BOUND('',#509,.T.);
#349=EDGE_LOOP('',(#1496,#1497,#1498,#1499));
#350=EDGE_LOOP('',(#1500,#1501,#1502,#1503));
#351=EDGE_LOOP('',(#1504,#1505,#1506,#1507));
#352=EDGE_LOOP('',(#1508,#1509,#1510,#1511));
#353=EDGE_LOOP('',(#1512,#1513,#1514,#1515));
#354=EDGE_LOOP('',(#1516,#1517,#1518,#1519));
#355=EDGE_LOOP('',(#1520,#1521,#1522,#1523));
#356=EDGE_LOOP('',(#1524,#1525,#1526,#1527));
#357=EDGE_LOOP('',(#1528,#1529,#1530,#1531));
#358=EDGE_LOOP('',(#1532,#1533,#1534,#1535));
#359=EDGE_LOOP('',(#1536,#1537,#1538,#1539));
#360=EDGE_LOOP('',(#1540,#1541,#1542,#1543));
#361=EDGE_LOOP('',(#1544,#1545,#1546,#1547));
#362=EDGE_LOOP('',(#1548,#1549,#1550,#1551));
#363=EDGE_LOOP('',(#1552,#1553,#1554,#1555));
#364=EDGE_LOOP('',(#1556,#1557,#1558,#1559));
#365=EDGE_LOOP('',(#1560,#1561,#1562,#1563));
#366=EDGE_LOOP('',(#1564,#1565,#1566,#1567));
#367=EDGE_LOOP('',(#1568,#1569,#1570,#1571));
#368=EDGE_LOOP('',(#1572,#1573,#1574,#1575));
#369=EDGE_LOOP('',(#1576,#1577,#1578,#1579));
#370=EDGE_LOOP('',(#1580,#1581,#1582,#1583));
#371=EDGE_LOOP('',(#1584,#1585,#1586,#1587));
#372=EDGE_LOOP('',(#1588,#1589,#1590,#1591));
#373=EDGE_LOOP('',(#1592,#1593,#1594,#1595));
#374=EDGE_LOOP('',(#1596,#1597,#1598,#1599));
#375=EDGE_LOOP('',(#1600,#1601,#1602,#1603));
#376=EDGE_LOOP('',(#1604,#1605,#1606,#1607));
#377=EDGE_LOOP('',(#1608,#1609,#1610,#1611));
#378=EDGE_LOOP('',(#1612,#1613,#1614,#1615));
#379=EDGE_LOOP('',(#1616,#1617,#1618,#1619));
#380=EDGE_LOOP('',(#1620,#1621,#1622,#1623));
#381=EDGE_LOOP('',(#1624,#1625,#1626,#1627));
#382=EDGE_LOOP('',(#1628,#1629,#1630,#1631));
#383=EDGE_LOOP('',(#1632,#1633,#1634,#1635));
#384=EDGE_LOOP('',(#1636,#1637,#1638,#1639));
#385=EDGE_LOOP('',(#1640,#1641,#1642,#1643));
#386=EDGE_LOOP('',(#1644,#1645,#1646,#1647));
#387=EDGE_LOOP('',(#1648,#1649,#1650,#1651));
#388=EDGE_LOOP('',(#1652,#1653,#1654,#1655));
#389=EDGE_LOOP('',(#1656,#1657,#1658,#1659));
#390=EDGE_LOOP('',(#1660,#1661,#1662,#1663));
#391=EDGE_LOOP('',(#1664,#1665,#1666,#1667));
#392=EDGE_LOOP('',(#1668,#1669,#1670,#1671));
#393=EDGE_LOOP('',(#1672,#1673,#1674,#1675));
#394=EDGE_LOOP('',(#1676,#1677,#1678,#1679));
#395=EDGE_LOOP('',(#1680,#1681,#1682,#1683));
#396=EDGE_LOOP('',(#1684,#1685,#1686,#1687));
#397=EDGE_LOOP('',(#1688,#1689,#1690,#1691));
#398=EDGE_LOOP('',(#1692,#1693,#1694,#1695));
#399=EDGE_LOOP('',(#1696,#1697,#1698,#1699));
#400=EDGE_LOOP('',(#1700,#1701,#1702,#1703));
#401=EDGE_LOOP('',(#1704,#1705,#1706,#1707,#1708));
#402=EDGE_LOOP('',(#1709,#1710,#1711,#1712));
#403=EDGE_LOOP('',(#1713,#1714,#1715,#1716));
#404=EDGE_LOOP('',(#1717,#1718,#1719,#1720));
#405=EDGE_LOOP('',(#1721,#1722,#1723,#1724));
#406=EDGE_LOOP('',(#1725,#1726,#1727,#1728));
#407=EDGE_LOOP('',(#1729,#1730,#1731,#1732));
#408=EDGE_LOOP('',(#1733,#1734,#1735,#1736));
#409=EDGE_LOOP('',(#1737,#1738,#1739,#1740));
#410=EDGE_LOOP('',(#1741,#1742));
#411=EDGE_LOOP('',(#1743,#1744,#1745,#1746,#1747));
#412=EDGE_LOOP('',(#1748,#1749,#1750,#1751,#1752));
#413=EDGE_LOOP('',(#1753));
#414=EDGE_LOOP('',(#1754,#1755,#1756,#1757,#1758,#1759));
#415=EDGE_LOOP('',(#1760,#1761,#1762));
#416=EDGE_LOOP('',(#1763,#1764,#1765));
#417=EDGE_LOOP('',(#1766,#1767,#1768,#1769,#1770,#1771,#1772,#1773));
#418=EDGE_LOOP('',(#1774,#1775,#1776,#1777,#1778,#1779,#1780));
#419=EDGE_LOOP('',(#1781,#1782,#1783));
#420=EDGE_LOOP('',(#1784,#1785,#1786));
#421=EDGE_LOOP('',(#1787,#1788,#1789,#1790,#1791,#1792,#1793,#1794));
#422=EDGE_LOOP('',(#1795,#1796,#1797,#1798,#1799));
#423=EDGE_LOOP('',(#1800,#1801,#1802,#1803,#1804,#1805,#1806,#1807));
#424=EDGE_LOOP('',(#1808));
#425=EDGE_LOOP('',(#1809));
#426=EDGE_LOOP('',(#1810));
#427=EDGE_LOOP('',(#1811));
#428=EDGE_LOOP('',(#1812));
#429=EDGE_LOOP('',(#1813));
#430=EDGE_LOOP('',(#1814,#1815,#1816,#1817));
#431=EDGE_LOOP('',(#1818,#1819,#1820,#1821));
#432=EDGE_LOOP('',(#1822,#1823,#1824,#1825));
#433=EDGE_LOOP('',(#1826,#1827,#1828,#1829,#1830,#1831,#1832,#1833,#1834));
#434=EDGE_LOOP('',(#1835,#1836,#1837,#1838));
#435=EDGE_LOOP('',(#1839,#1840,#1841,#1842));
#436=EDGE_LOOP('',(#1843,#1844,#1845,#1846,#1847,#1848));
#437=EDGE_LOOP('',(#1849,#1850,#1851,#1852));
#438=EDGE_LOOP('',(#1853,#1854,#1855,#1856));
#439=EDGE_LOOP('',(#1857,#1858,#1859,#1860,#1861));
#440=EDGE_LOOP('',(#1862,#1863,#1864,#1865));
#441=EDGE_LOOP('',(#1866,#1867,#1868,#1869));
#442=EDGE_LOOP('',(#1870,#1871,#1872,#1873));
#443=EDGE_LOOP('',(#1874,#1875,#1876,#1877));
#444=EDGE_LOOP('',(#1878,#1879,#1880,#1881));
#445=EDGE_LOOP('',(#1882,#1883,#1884,#1885));
#446=EDGE_LOOP('',(#1886,#1887,#1888,#1889,#1890,#1891,#1892));
#447=EDGE_LOOP('',(#1893,#1894,#1895,#1896,#1897,#1898));
#448=EDGE_LOOP('',(#1899,#1900,#1901,#1902,#1903));
#449=EDGE_LOOP('',(#1904,#1905,#1906,#1907,#1908));
#450=EDGE_LOOP('',(#1909,#1910,#1911,#1912));
#451=EDGE_LOOP('',(#1913,#1914,#1915,#1916));
#452=EDGE_LOOP('',(#1917,#1918,#1919,#1920));
#453=EDGE_LOOP('',(#1921,#1922,#1923,#1924));
#454=EDGE_LOOP('',(#1925,#1926,#1927,#1928,#1929));
#455=EDGE_LOOP('',(#1930,#1931,#1932,#1933));
#456=EDGE_LOOP('',(#1934,#1935,#1936,#1937));
#457=EDGE_LOOP('',(#1938,#1939,#1940,#1941,#1942,#1943));
#458=EDGE_LOOP('',(#1944,#1945,#1946,#1947,#1948,#1949));
#459=EDGE_LOOP('',(#1950,#1951,#1952,#1953));
#460=EDGE_LOOP('',(#1954,#1955,#1956,#1957,#1958));
#461=EDGE_LOOP('',(#1959,#1960,#1961,#1962,#1963));
#462=EDGE_LOOP('',(#1964,#1965,#1966,#1967,#1968,#1969));
#463=EDGE_LOOP('',(#1970,#1971,#1972,#1973,#1974,#1975));
#464=EDGE_LOOP('',(#1976,#1977,#1978,#1979,#1980,#1981));
#465=EDGE_LOOP('',(#1982,#1983,#1984,#1985,#1986,#1987,#1988));
#466=EDGE_LOOP('',(#1989,#1990,#1991,#1992,#1993,#1994));
#467=EDGE_LOOP('',(#1995,#1996,#1997,#1998,#1999,#2000));
#468=EDGE_LOOP('',(#2001,#2002,#2003,#2004,#2005,#2006));
#469=EDGE_LOOP('',(#2007,#2008,#2009,#2010,#2011,#2012,#2013));
#470=EDGE_LOOP('',(#2014,#2015,#2016,#2017,#2018,#2019));
#471=EDGE_LOOP('',(#2020,#2021,#2022,#2023,#2024));
#472=EDGE_LOOP('',(#2025,#2026,#2027,#2028,#2029,#2030));
#473=EDGE_LOOP('',(#2031,#2032,#2033,#2034,#2035,#2036,#2037));
#474=EDGE_LOOP('',(#2038,#2039,#2040,#2041));
#475=EDGE_LOOP('',(#2042,#2043,#2044,#2045,#2046));
#476=EDGE_LOOP('',(#2047,#2048,#2049,#2050,#2051,#2052,#2053,#2054));
#477=EDGE_LOOP('',(#2055));
#478=EDGE_LOOP('',(#2056,#2057,#2058,#2059,#2060,#2061));
#479=EDGE_LOOP('',(#2062,#2063,#2064,#2065));
#480=EDGE_LOOP('',(#2066,#2067,#2068,#2069));
#481=EDGE_LOOP('',(#2070,#2071,#2072,#2073));
#482=EDGE_LOOP('',(#2074,#2075,#2076,#2077,#2078,#2079));
#483=EDGE_LOOP('',(#2080,#2081,#2082,#2083,#2084,#2085,#2086,#2087,#2088,
#2089,#2090,#2091));
#484=EDGE_LOOP('',(#2092,#2093,#2094,#2095,#2096,#2097,#2098,#2099,#2100));
#485=EDGE_LOOP('',(#2101,#2102,#2103,#2104,#2105,#2106,#2107,#2108,#2109,
#2110));
#486=EDGE_LOOP('',(#2111,#2112,#2113,#2114,#2115,#2116,#2117,#2118,#2119,
#2120));
#487=EDGE_LOOP('',(#2121,#2122,#2123,#2124,#2125,#2126,#2127,#2128,#2129,
#2130,#2131,#2132,#2133,#2134,#2135,#2136,#2137,#2138,#2139,#2140,#2141,
#2142,#2143,#2144,#2145,#2146,#2147,#2148,#2149,#2150,#2151,#2152,#2153,
#2154,#2155,#2156,#2157,#2158,#2159,#2160));
#488=EDGE_LOOP('',(#2161,#2162,#2163,#2164,#2165,#2166,#2167,#2168,#2169,
#2170,#2171,#2172,#2173));
#489=EDGE_LOOP('',(#2174));
#490=EDGE_LOOP('',(#2175,#2176,#2177,#2178,#2179,#2180,#2181,#2182,#2183));
#491=EDGE_LOOP('',(#2184,#2185,#2186,#2187));
#492=EDGE_LOOP('',(#2188,#2189,#2190,#2191,#2192,#2193));
#493=EDGE_LOOP('',(#2194,#2195,#2196,#2197,#2198,#2199,#2200,#2201,#2202,
#2203,#2204,#2205,#2206,#2207,#2208,#2209,#2210,#2211,#2212,#2213,#2214,
#2215,#2216,#2217,#2218,#2219,#2220,#2221,#2222,#2223,#2224,#2225,#2226,
#2227,#2228,#2229,#2230,#2231,#2232,#2233));
#494=EDGE_LOOP('',(#2234,#2235,#2236,#2237,#2238,#2239,#2240,#2241));
#495=EDGE_LOOP('',(#2242));
#496=EDGE_LOOP('',(#2243));
#497=EDGE_LOOP('',(#2244));
#498=EDGE_LOOP('',(#2245));
#499=EDGE_LOOP('',(#2246));
#500=EDGE_LOOP('',(#2247,#2248,#2249,#2250,#2251,#2252,#2253,#2254,#2255));
#501=EDGE_LOOP('',(#2256));
#502=EDGE_LOOP('',(#2257));
#503=EDGE_LOOP('',(#2258,#2259,#2260,#2261,#2262,#2263,#2264,#2265,#2266,
#2267));
#504=EDGE_LOOP('',(#2268));
#505=EDGE_LOOP('',(#2269));
#506=EDGE_LOOP('',(#2270,#2271,#2272,#2273));
#507=EDGE_LOOP('',(#2274,#2275,#2276,#2277));
#508=EDGE_LOOP('',(#2278,#2279,#2280,#2281));
#509=EDGE_LOOP('',(#2282,#2283,#2284,#2285));
#510=CIRCLE('',#2529,0.0393700787401573);
#511=CIRCLE('',#2530,0.0295275590551182);
#512=CIRCLE('',#2531,0.0295275590551182);
#513=CIRCLE('',#2532,0.0393700787401575);
#514=CIRCLE('',#2533,0.0393700787401575);
#515=CIRCLE('',#2534,0.0393700787401573);
#516=CIRCLE('',#2535,0.0295275590551182);
#517=CIRCLE('',#2536,0.0295275590551182);
#518=CIRCLE('',#2537,0.0393700787401575);
#519=CIRCLE('',#2538,0.0393700787401575);
#520=CIRCLE('',#2539,0.0393700787401574);
#521=CIRCLE('',#2540,0.019685039370079);
#522=CIRCLE('',#2541,0.019685039370079);
#523=CIRCLE('',#2542,0.0295275590551181);
#524=CIRCLE('',#2543,0.0295275590551181);
#525=CIRCLE('',#2544,0.0393700787401573);
#526=CIRCLE('',#2545,0.0196850393700787);
#527=CIRCLE('',#2546,0.0196850393700787);
#528=CIRCLE('',#2547,0.0393700787401575);
#529=CIRCLE('',#2548,0.0393700787401575);
#530=CIRCLE('',#2549,0.0393700787401573);
#531=CIRCLE('',#2550,0.0196850393700788);
#532=CIRCLE('',#2551,0.0196850393700788);
#533=CIRCLE('',#2552,0.0393700787401575);
#534=CIRCLE('',#2553,0.0393700787401575);
#535=CIRCLE('',#2554,0.0118110236220472);
#536=CIRCLE('',#2555,0.0295275590551181);
#537=CIRCLE('',#2556,0.0295275590551181);
#538=CIRCLE('',#2557,0.0393700787401575);
#539=CIRCLE('',#2558,0.0393700787401575);
#540=CIRCLE('',#2559,0.0393700787401574);
#541=CIRCLE('',#2560,0.0393700787401574);
#542=CIRCLE('',#2561,0.0295275590551181);
#543=CIRCLE('',#2562,0.0295275590551181);
#544=CIRCLE('',#2563,0.0118110236220473);
#545=CIRCLE('',#2564,0.0118110236220473);
#546=CIRCLE('',#2565,0.0393700787401573);
#547=CIRCLE('',#2566,0.0196850393700787);
#548=CIRCLE('',#2567,0.0196850393700787);
#549=CIRCLE('',#2568,0.0393700787401575);
#550=CIRCLE('',#2569,0.0393700787401575);
#551=CIRCLE('',#2570,0.029527559055118);
#552=CIRCLE('',#2571,0.0196850393700788);
#553=CIRCLE('',#2572,0.0196850393700788);
#554=CIRCLE('',#2573,0.0393700787401573);
#555=CIRCLE('',#2574,0.0393700787401573);
#556=CIRCLE('',#2575,0.0393700787401573);
#557=CIRCLE('',#2576,0.0196850393700788);
#558=CIRCLE('',#2577,0.0196850393700788);
#559=CIRCLE('',#2578,0.0393700787401575);
#560=CIRCLE('',#2579,0.0393700787401575);
#561=CIRCLE('',#2580,0.0393700787401573);
#562=CIRCLE('',#2581,0.0295275590551181);
#563=CIRCLE('',#2582,0.0295275590551181);
#564=CIRCLE('',#2583,0.0393700787401575);
#565=CIRCLE('',#2584,0.0393700787401575);
#566=CIRCLE('',#2585,0.0393700787401573);
#567=CIRCLE('',#2586,0.0295275590551181);
#568=CIRCLE('',#2587,0.0295275590551181);
#569=CIRCLE('',#2588,0.0393700787401575);
#570=CIRCLE('',#2589,0.0393700787401575);
#571=CIRCLE('',#2591,0.108267716535433);
#572=CIRCLE('',#2593,0.135433070866142);
#573=CIRCLE('',#2594,0.00984251968503937);
#574=CIRCLE('',#2595,0.145275590551181);
#575=CIRCLE('',#2596,0.145275590551181);
#576=CIRCLE('',#2598,0.145275590551181);
#577=CIRCLE('',#2601,0.127952755905512);
#578=CIRCLE('',#2602,0.108267716535433);
#579=CIRCLE('',#2603,0.127952755905512);
#580=CIRCLE('',#2605,0.493108993495918);
#581=CIRCLE('',#2607,0.493108993495918);
#582=CIRCLE('',#2609,0.528898947153174);
#583=CIRCLE('',#2611,0.127952755905512);
#584=CIRCLE('',#2612,0.108267716535433);
#585=CIRCLE('',#2613,0.108267716535433);
#586=CIRCLE('',#2614,0.127952755905512);
#587=CIRCLE('',#2616,0.493108993495918);
#588=CIRCLE('',#2618,0.493108993495918);
#589=CIRCLE('',#2620,0.528898947153174);
#590=CIRCLE('',#2622,0.590551181102362);
#591=CIRCLE('',#2623,0.0393700787401575);
#592=CIRCLE('',#2624,0.551181102362205);
#593=CIRCLE('',#2625,0.590551181102362);
#594=CIRCLE('',#2627,0.590551181102362);
#595=CIRCLE('',#2628,0.590551181102362);
#596=CIRCLE('',#2630,0.0570866141732283);
#597=CIRCLE('',#2631,0.0570866141732283);
#598=CIRCLE('',#2632,0.0570866141732283);
#599=CIRCLE('',#2633,0.0570866141732283);
#600=CIRCLE('',#2637,0.0590551181102362);
#601=CIRCLE('',#2638,0.047244094488189);
#602=CIRCLE('',#2640,0.0501968503937008);
#603=CIRCLE('',#2641,0.0501968503937008);
#604=CIRCLE('',#2643,0.14763779527559);
#605=CIRCLE('',#2644,0.0393700787401575);
#606=CIRCLE('',#2645,0.108267716535433);
#607=CIRCLE('',#2646,0.0393700787401573);
#608=CIRCLE('',#2647,0.0393700787401573);
#609=CIRCLE('',#2649,0.0393700787401573);
#610=CIRCLE('',#2651,0.0393700787401573);
#611=CIRCLE('',#2653,0.078740157480315);
#612=CIRCLE('',#2654,0.0590551181102362);
#613=CIRCLE('',#2655,0.029527559055118);
#614=CIRCLE('',#2656,0.0393700787401573);
#615=CIRCLE('',#2658,0.0118110236220472);
#616=CIRCLE('',#2660,0.58697105601946);
#617=CIRCLE('',#2663,0.0393700787401573);
#618=CIRCLE('',#2665,0.0698818897637795);
#619=CIRCLE('',#2666,0.0501968503937008);
#620=CIRCLE('',#2667,0.0393700787401573);
#621=CIRCLE('',#2668,0.0393700787401574);
#622=CIRCLE('',#2670,0.0393700787401573);
#623=CIRCLE('',#2671,0.0393700787401573);
#624=CIRCLE('',#2673,0.348752038115341);
#625=CIRCLE('',#2674,0.384541991772596);
#626=CIRCLE('',#2676,0.147637795275591);
#627=CIRCLE('',#2677,0.0393700787401575);
#628=CIRCLE('',#2678,0.108267716535433);
#629=CIRCLE('',#2679,0.0393700787401573);
#630=CIRCLE('',#2683,0.348752038115341);
#631=CIRCLE('',#2684,0.384541991772596);
#632=CIRCLE('',#2686,0.14763779527559);
#633=CIRCLE('',#2687,0.108267716535433);
#634=CIRCLE('',#2688,0.108267716535433);
#635=CIRCLE('',#2690,0.348752038115341);
#636=CIRCLE('',#2691,0.384541991772596);
#637=CIRCLE('',#2693,0.147637795275591);
#638=CIRCLE('',#2694,0.108267716535433);
#639=CIRCLE('',#2696,0.348752038115341);
#640=CIRCLE('',#2697,0.384541991772596);
#641=CIRCLE('',#2700,0.348752038115341);
#642=CIRCLE('',#2701,0.384541991772596);
#643=CIRCLE('',#2703,0.0501968503937008);
#644=CIRCLE('',#2704,0.0698818897637795);
#645=CIRCLE('',#2707,0.0570866141732283);
#646=CIRCLE('',#2714,0.0393700787401575);
#647=CIRCLE('',#2715,0.0393700787401575);
#648=CIRCLE('',#2718,0.108267716535433);
#649=CIRCLE('',#2720,0.108267716535433);
#650=CIRCLE('',#2723,0.0570866141732283);
#651=CIRCLE('',#2727,0.0393700787401575);
#652=CIRCLE('',#2731,0.0570866141732283);
#653=CIRCLE('',#2733,0.0570866141732283);
#654=CIRCLE('',#2735,0.108267716535433);
#655=CIRCLE('',#2737,0.0570866141732283);
#656=CIRCLE('',#2739,0.108267716535433);
#657=CIRCLE('',#2741,0.0570866141732283);
#658=B_SPLINE_CURVE_WITH_KNOTS('',3,(#3291,#3292,#3293,#3294,#3295,#3296,
#3297,#3298,#3299),.UNSPECIFIED.,.F.,.F.,(4,1,1,1,1,1,4),(0.,0.166666666666667,
0.333333333333333,0.5,0.666666666666667,0.833333333333333,1.),
 .UNSPECIFIED.);
#659=B_SPLINE_CURVE_WITH_KNOTS('',3,(#3301,#3302,#3303,#3304,#3305,#3306),
 .UNSPECIFIED.,.F.,.F.,(4,1,1,4),(0.,0.333333333333333,0.666666666666667,
1.),.UNSPECIFIED.);
#660=B_SPLINE_CURVE_WITH_KNOTS('',3,(#3308,#3309,#3310,#3311,#3312,#3313,
#3314,#3315,#3316,#3317,#3318,#3319,#3320,#3321,#3322,#3323,#3324,#3325,
#3326),.UNSPECIFIED.,.F.,.F.,(4,3,3,3,3,3,4),(0.499999999999996,0.624999999999997,
0.727006712685719,0.832663749247895,0.916331874623947,0.972367556287695,
1.),.UNSPECIFIED.);
#661=B_SPLINE_CURVE_WITH_KNOTS('',3,(#3383,#3384,#3385,#3386,#3387,#3388,
#3389,#3390,#3391),.UNSPECIFIED.,.F.,.F.,(4,1,1,1,1,1,4),(0.,0.166666666666667,
0.333333333333333,0.5,0.666666666666667,0.833333333333333,1.),
 .UNSPECIFIED.);
#662=B_SPLINE_CURVE_WITH_KNOTS('',3,(#3394,#3395,#3396,#3397,#3398,#3399,
#3400,#3401,#3402,#3403,#3404,#3405,#3406,#3407,#3408,#3409,#3410,#3411,
#3412),.UNSPECIFIED.,.F.,.F.,(4,3,3,3,3,3,4),(0.,0.079350081976526,0.17497647417943,
0.275403201042077,0.382049477961328,0.493261833469657,0.499999999999996),
 .UNSPECIFIED.);
#663=B_SPLINE_CURVE_WITH_KNOTS('',3,(#3468,#3469,#3470,#3471,#3472,#3473),
 .UNSPECIFIED.,.F.,.F.,(4,1,1,4),(0.,0.333333333333333,0.666666666666667,
1.),.UNSPECIFIED.);
#664=B_SPLINE_CURVE_WITH_KNOTS('',3,(#3475,#3476,#3477,#3478,#3479,#3480,
#3481,#3482,#3483,#3484,#3485,#3486,#3487,#3488,#3489,#3490,#3491,#3492,
#3493,#3494,#3495,#3496,#3497,#3498,#3499,#3500,#3501,#3502,#3503,#3504,
#3505),.UNSPECIFIED.,.F.,.F.,(4,3,3,3,3,3,3,3,3,3,4),(0.500000000000001,
0.558673532222466,0.628868585453527,0.685847918271551,0.74210166814688,
0.814532929134733,0.871340299594901,0.922164151761917,0.962918547272344,
0.990668759350473,1.),.UNSPECIFIED.);
#665=B_SPLINE_CURVE_WITH_KNOTS('',3,(#3562,#3563,#3564,#3565,#3566,#3567,
#3568,#3569,#3570),.UNSPECIFIED.,.F.,.F.,(4,1,1,1,1,1,4),(0.,0.166666666666667,
0.333333333333333,0.5,0.666666666666667,0.833333333333333,1.),
 .UNSPECIFIED.);
#666=B_SPLINE_CURVE_WITH_KNOTS('',3,(#3573,#3574,#3575,#3576,#3577,#3578,
#3579,#3580,#3581,#3582,#3583,#3584,#3585,#3586,#3587,#3588,#3589,#3590,
#3591,#3592,#3593,#3594,#3595,#3596,#3597,#3598,#3599,#3600),
 .UNSPECIFIED.,.F.,.F.,(4,3,3,3,3,3,3,3,3,4),(0.,0.04441085743109,0.094809428480028,
0.179915506842858,0.229309418093753,0.281155723298606,0.34245577008883,
0.416048482384252,0.468097451387139,0.500000000000001),.UNSPECIFIED.);
#667=B_SPLINE_CURVE_WITH_KNOTS('',3,(#3656,#3657,#3658,#3659,#3660,#3661),
 .UNSPECIFIED.,.F.,.F.,(4,1,1,4),(0.,0.333333333333333,0.666666666666667,
1.),.UNSPECIFIED.);
#668=B_SPLINE_CURVE_WITH_KNOTS('',3,(#3663,#3664,#3665,#3666,#3667,#3668,
#3669,#3670,#3671,#3672,#3673,#3674,#3675,#3676,#3677,#3678,#3679,#3680,
#3681,#3682,#3683,#3684),.UNSPECIFIED.,.F.,.F.,(4,3,3,3,3,3,3,4),(0.499999999999999,
0.56781723202897,0.662256934646989,0.725803111453692,0.78709855900987,0.893549279504935,
0.949385366943434,1.),.UNSPECIFIED.);
#669=B_SPLINE_CURVE_WITH_KNOTS('',3,(#3736,#3737,#3738,#3739,#3740,#3741,
#3742,#3743),.UNSPECIFIED.,.F.,.F.,(4,1,1,1,1,4),(0.,0.2,0.4,0.6,0.8,1.),
 .UNSPECIFIED.);
#670=B_SPLINE_CURVE_WITH_KNOTS('',3,(#3745,#3746,#3747,#3748,#3749,#3750),
 .UNSPECIFIED.,.F.,.F.,(4,1,1,4),(0.,0.333333333333333,0.666666666666667,
1.),.UNSPECIFIED.);
#671=B_SPLINE_CURVE_WITH_KNOTS('',3,(#3752,#3753,#3754,#3755,#3756,#3757,
#3758,#3759,#3760,#3761,#3762,#3763,#3764,#3765,#3766,#3767,#3768,#3769,
#3770,#3771,#3772,#3773,#3774,#3775,#3776,#3777,#3778,#3779),
 .UNSPECIFIED.,.F.,.F.,(4,3,3,3,3,3,3,3,3,4),(0.500000000000002,0.593712821554127,
0.661223599513699,0.745917699635274,0.832979149465576,0.906720874329094,
0.953360437164547,0.974467619189865,0.991526895468636,1.),.UNSPECIFIED.);
#672=B_SPLINE_CURVE_WITH_KNOTS('',3,(#3830,#3831,#3832,#3833,#3834,#3835,
#3836,#3837),.UNSPECIFIED.,.F.,.F.,(4,1,1,1,1,4),(0.,0.2,0.4,0.6,0.8,1.),
 .UNSPECIFIED.);
#673=B_SPLINE_CURVE_WITH_KNOTS('',3,(#3840,#3841,#3842,#3843,#3844,#3845,
#3846,#3847,#3848,#3849,#3850,#3851,#3852,#3853,#3854,#3855,#3856,#3857,
#3858,#3859,#3860,#3861,#3862,#3863,#3864,#3865,#3866,#3867),
 .UNSPECIFIED.,.F.,.F.,(4,3,3,3,3,3,3,3,3,4),(0.,0.0451767818208856,0.098047678099984,
0.164980085027986,0.2165293169224,0.271376503474753,0.34600382725849,0.407916356124292,
0.480798293036988,0.500000000000002),.UNSPECIFIED.);
#674=B_SPLINE_CURVE_WITH_KNOTS('',3,(#3917,#3918,#3919,#3920,#3921,#3922),
 .UNSPECIFIED.,.F.,.F.,(4,1,1,4),(0.,0.333333333333333,0.666666666666667,
1.),.UNSPECIFIED.);
#675=B_SPLINE_CURVE_WITH_KNOTS('',3,(#3924,#3925,#3926,#3927,#3928,#3929,
#3930,#3931,#3932,#3933,#3934,#3935,#3936,#3937,#3938,#3939,#3940,#3941,
#3942,#3943,#3944,#3945),.UNSPECIFIED.,.F.,.F.,(4,3,3,3,3,3,3,4),(0.500000000000006,
0.603481910730267,0.687797287459708,0.78536922065756,0.878538671836597,
0.944224021762887,0.985369205521426,1.),.UNSPECIFIED.);
#676=B_SPLINE_CURVE_WITH_KNOTS('',3,(#3996,#3997,#3998,#3999,#4000,#4001,
#4002,#4003),.UNSPECIFIED.,.F.,.F.,(4,1,1,1,1,4),(0.,0.2,0.4,0.6,0.8,1.),
 .UNSPECIFIED.);
#677=B_SPLINE_CURVE_WITH_KNOTS('',3,(#4006,#4007,#4008,#4009,#4010,#4011,
#4012,#4013,#4014,#4015,#4016,#4017,#4018,#4019,#4020,#4021,#4022,#4023,
#4024,#4025,#4026,#4027),.UNSPECIFIED.,.F.,.F.,(4,3,3,3,3,3,3,4),(0.,0.0608564745991419,
0.137310050477239,0.216533726682126,0.292721391151115,0.3998684107376,0.480378138957824,
0.500000000000006),.UNSPECIFIED.);
#678=B_SPLINE_CURVE_WITH_KNOTS('',3,(#4077,#4078,#4079,#4080,#4081,#4082),
 .UNSPECIFIED.,.F.,.F.,(4,1,1,4),(0.,0.333333333333333,0.666666666666667,
1.),.UNSPECIFIED.);
#679=B_SPLINE_CURVE_WITH_KNOTS('',3,(#4084,#4085,#4086,#4087,#4088,#4089,
#4090,#4091,#4092,#4093,#4094,#4095,#4096,#4097,#4098,#4099,#4100,#4101,
#4102,#4103,#4104,#4105,#4106,#4107,#4108),.UNSPECIFIED.,.F.,.F.,(4,3,3,
3,3,3,3,3,4),(0.500000000000002,0.565043133578876,0.625089177225321,0.718816882918991,
0.776564842920762,0.833027191953394,0.916513595976697,0.968606345000534,
1.),.UNSPECIFIED.);
#680=B_SPLINE_CURVE_WITH_KNOTS('',3,(#4160,#4161,#4162,#4163,#4164,#4165,
#4166,#4167),.UNSPECIFIED.,.F.,.F.,(4,1,1,1,1,4),(0.,0.2,0.4,0.6,0.8,1.),
 .UNSPECIFIED.);
#681=B_SPLINE_CURVE_WITH_KNOTS('',3,(#4169,#4170,#4171,#4172,#4173,#4174),
 .UNSPECIFIED.,.F.,.F.,(4,1,1,4),(0.,0.333333333333333,0.666666666666667,
1.),.UNSPECIFIED.);
#682=B_SPLINE_CURVE_WITH_KNOTS('',3,(#4176,#4177,#4178,#4179,#4180,#4181,
#4182,#4183,#4184,#4185,#4186,#4187,#4188,#4189,#4190,#4191),
 .UNSPECIFIED.,.F.,.F.,(4,3,3,3,3,4),(0.499999999999996,0.621474214421518,
0.721551405136108,0.837316376528786,0.923686306073071,1.),.UNSPECIFIED.);
#683=B_SPLINE_CURVE_WITH_KNOTS('',3,(#4242,#4243,#4244,#4245,#4246,#4247,
#4248,#4249),.UNSPECIFIED.,.F.,.F.,(4,1,1,1,1,4),(0.,0.2,0.4,0.6,0.8,1.),
 .UNSPECIFIED.);
#684=B_SPLINE_CURVE_WITH_KNOTS('',3,(#4252,#4253,#4254,#4255,#4256,#4257,
#4258,#4259,#4260,#4261,#4262,#4263,#4264,#4265,#4266,#4267),
 .UNSPECIFIED.,.F.,.F.,(4,3,3,3,3,4),(0.,0.0753409015806823,0.168277248992797,
0.261573857205323,0.352952925840988,0.499999999999996),.UNSPECIFIED.);
#685=B_SPLINE_CURVE_WITH_KNOTS('',3,(#4317,#4318,#4319,#4320,#4321,#4322),
 .UNSPECIFIED.,.F.,.F.,(4,1,1,4),(0.,0.333333333333333,0.666666666666667,
1.),.UNSPECIFIED.);
#686=B_SPLINE_CURVE_WITH_KNOTS('',3,(#4324,#4325,#4326,#4327,#4328,#4329,
#4330,#4331,#4332,#4333,#4334,#4335,#4336,#4337,#4338,#4339,#4340,#4341,
#4342,#4343,#4344,#4345,#4346,#4347,#4348,#4349,#4350,#4351,#4352,#4353,
#4354),.UNSPECIFIED.,.F.,.F.,(4,3,3,3,3,3,3,3,3,3,4),(0.5,0.55626210565167,
0.647132503868024,0.702751008802056,0.761633323397756,0.829604876537044,
0.89408923133232,0.947815002811479,0.969927205889995,0.987559631089457,
1.),.UNSPECIFIED.);
#687=B_SPLINE_CURVE_WITH_KNOTS('',3,(#4405,#4406,#4407,#4408,#4409,#4410,
#4411,#4412),.UNSPECIFIED.,.F.,.F.,(4,1,1,1,1,4),(0.,0.2,0.4,0.6,0.8,1.),
 .UNSPECIFIED.);
#688=B_SPLINE_CURVE_WITH_KNOTS('',3,(#4415,#4416,#4417,#4418,#4419,#4420,
#4421,#4422,#4423,#4424,#4425,#4426,#4427,#4428,#4429,#4430,#4431,#4432,
#4433,#4434,#4435,#4436,#4437,#4438,#4439,#4440,#4441,#4442),
 .UNSPECIFIED.,.F.,.F.,(4,3,3,3,3,3,3,3,3,4),(0.,0.0436310440299474,0.0927002806890851,
0.180799610581824,0.230179237195167,0.282409015794671,0.341271497136682,
0.420635748568341,0.475752826476874,0.5),.UNSPECIFIED.);
#689=B_SPLINE_CURVE_WITH_KNOTS('',3,(#4492,#4493,#4494,#4495,#4496,#4497),
 .UNSPECIFIED.,.F.,.F.,(4,1,1,4),(0.,0.333333333333333,0.666666666666667,
1.),.UNSPECIFIED.);
#690=B_SPLINE_CURVE_WITH_KNOTS('',3,(#4499,#4500,#4501,#4502,#4503,#4504,
#4505,#4506,#4507,#4508,#4509,#4510,#4511,#4512,#4513,#4514,#4515,#4516,
#4517,#4518,#4519,#4520),.UNSPECIFIED.,.F.,.F.,(4,3,3,3,3,3,3,4),(0.499999999999994,
0.582745985399347,0.68705948904951,0.760664025404463,0.829150391133577,
0.914575195566789,0.975644287575213,1.),.UNSPECIFIED.);
#691=B_SPLINE_CURVE_WITH_KNOTS('',3,(#4578,#4579,#4580,#4581,#4582,#4583,
#4584,#4585,#4586),.UNSPECIFIED.,.F.,.F.,(4,1,1,1,1,1,4),(0.,0.166666666666667,
0.333333333333333,0.5,0.666666666666667,0.833333333333333,1.),
 .UNSPECIFIED.);
#692=B_SPLINE_CURVE_WITH_KNOTS('',3,(#4588,#4589,#4590,#4591,#4592,#4593),
 .UNSPECIFIED.,.F.,.F.,(4,1,1,4),(0.,0.333333333333333,0.666666666666667,
1.),.UNSPECIFIED.);
#693=B_SPLINE_CURVE_WITH_KNOTS('',3,(#4595,#4596,#4597,#4598,#4599,#4600,
#4601,#4602,#4603,#4604,#4605,#4606,#4607,#4608,#4609,#4610,#4611,#4612,
#4613,#4614,#4615,#4616,#4617,#4618,#4619),.UNSPECIFIED.,.F.,.F.,(4,3,3,
3,3,3,3,3,4),(0.499999999999998,0.596608472306808,0.672567237684623,0.76962759080896,
0.842132483753595,0.903177140065989,0.941931492571666,0.976717111224381,
1.),.UNSPECIFIED.);
#694=B_SPLINE_CURVE_WITH_KNOTS('',3,(#4676,#4677,#4678,#4679,#4680,#4681,
#4682,#4683,#4684),.UNSPECIFIED.,.F.,.F.,(4,1,1,1,1,1,4),(0.,0.166666666666667,
0.333333333333333,0.5,0.666666666666667,0.833333333333333,1.),
 .UNSPECIFIED.);
#695=B_SPLINE_CURVE_WITH_KNOTS('',3,(#4687,#4688,#4689,#4690,#4691,#4692,
#4693,#4694,#4695,#4696,#4697,#4698,#4699,#4700,#4701,#4702,#4703,#4704,
#4705,#4706,#4707,#4708,#4709,#4710,#4711),.UNSPECIFIED.,.F.,.F.,(4,3,3,
3,3,3,3,3,4),(0.,0.0489180801106604,0.108986006808728,0.173100994429711,
0.254825745822283,0.334368098123386,0.403310590810053,0.476794770496258,
0.499999999999998),.UNSPECIFIED.);
#696=B_SPLINE_CURVE_WITH_KNOTS('',3,(#4767,#4768,#4769,#4770,#4771,#4772),
 .UNSPECIFIED.,.F.,.F.,(4,1,1,4),(0.,0.333333333333333,0.666666666666667,
1.),.UNSPECIFIED.);
#697=B_SPLINE_CURVE_WITH_KNOTS('',3,(#4774,#4775,#4776,#4777,#4778,#4779,
#4780,#4781,#4782,#4783,#4784,#4785,#4786,#4787,#4788,#4789,#4790,#4791,
#4792,#4793,#4794,#4795,#4796,#4797,#4798),.UNSPECIFIED.,.F.,.F.,(4,3,3,
3,3,3,3,3,4),(0.5,0.560254629627325,0.653931390104987,0.710248176879755,
0.776757273637429,0.844925925733706,0.910639199942873,0.960537115791284,
1.),.UNSPECIFIED.);
#698=B_SPLINE_CURVE_WITH_KNOTS('',3,(#4855,#4856,#4857,#4858,#4859,#4860,
#4861,#4862,#4863),.UNSPECIFIED.,.F.,.F.,(4,1,1,1,1,1,4),(0.,0.166666666666667,
0.333333333333333,0.5,0.666666666666667,0.833333333333333,1.),
 .UNSPECIFIED.);
#699=B_SPLINE_CURVE_WITH_KNOTS('',3,(#4866,#4867,#4868,#4869,#4870,#4871,
#4872,#4873,#4874,#4875,#4876,#4877,#4878,#4879,#4880,#4881,#4882,#4883,
#4884,#4885,#4886,#4887,#4888,#4889,#4890,#4891,#4892,#4893),
 .UNSPECIFIED.,.F.,.F.,(4,3,3,3,3,3,3,3,3,4),(0.,0.0471750239302885,0.101796972372311,
0.179733585666357,0.232029162556843,0.285522233844581,0.350983622122613,
0.425491811061306,0.480754381993645,0.5),.UNSPECIFIED.);
#700=B_SPLINE_CURVE_WITH_KNOTS('',3,(#4949,#4950,#4951,#4952,#4953,#4954),
 .UNSPECIFIED.,.F.,.F.,(4,1,1,4),(0.,0.333333333333333,0.666666666666667,
1.),.UNSPECIFIED.);
#701=B_SPLINE_CURVE_WITH_KNOTS('',3,(#4956,#4957,#4958,#4959,#4960,#4961,
#4962,#4963,#4964,#4965,#4966,#4967,#4968,#4969,#4970,#4971,#4972,#4973,
#4974,#4975,#4976,#4977),.UNSPECIFIED.,.F.,.F.,(4,3,3,3,3,3,3,4),(0.499999999999999,
0.590190618907918,0.692642964180939,0.763029107748899,0.827747290573171,
0.913873645286585,0.970443659317866,1.),.UNSPECIFIED.);
#702=B_SPLINE_CURVE_WITH_KNOTS('',3,(#5029,#5030,#5031,#5032,#5033,#5034,
#5035,#5036),.UNSPECIFIED.,.F.,.F.,(4,1,1,1,1,4),(0.,0.2,0.4,0.6,0.8,1.),
 .UNSPECIFIED.);
#703=B_SPLINE_CURVE_WITH_KNOTS('',3,(#5038,#5039,#5040,#5041,#5042,#5043),
 .UNSPECIFIED.,.F.,.F.,(4,1,1,4),(0.,0.333333333333333,0.666666666666667,
1.),.UNSPECIFIED.);
#704=B_SPLINE_CURVE_WITH_KNOTS('',3,(#5045,#5046,#5047,#5048,#5049,#5050,
#5051,#5052,#5053,#5054,#5055,#5056,#5057,#5058,#5059,#5060,#5061,#5062,
#5063,#5064,#5065,#5066,#5067,#5068,#5069),.UNSPECIFIED.,.F.,.F.,(4,3,3,
3,3,3,3,3,4),(0.5,0.560352574404715,0.650502233081316,0.707335363993603,
0.775306571802538,0.842776932752622,0.90991133571518,0.960414753768149,
1.),.UNSPECIFIED.);
#705=B_SPLINE_CURVE_WITH_KNOTS('',3,(#5120,#5121,#5122,#5123,#5124,#5125,
#5126,#5127),.UNSPECIFIED.,.F.,.F.,(4,1,1,1,1,4),(0.,0.2,0.4,0.6,0.8,1.),
 .UNSPECIFIED.);
#706=B_SPLINE_CURVE_WITH_KNOTS('',3,(#5130,#5131,#5132,#5133,#5134,#5135,
#5136,#5137,#5138,#5139,#5140,#5141,#5142,#5143,#5144,#5145,#5146,#5147,
#5148,#5149,#5150,#5151,#5152,#5153,#5154,#5155,#5156,#5157),
 .UNSPECIFIED.,.F.,.F.,(4,3,3,3,3,3,3,3,3,4),(0.,0.0466775224843482,0.100476788839725,
0.180664491254575,0.232362544735932,0.28608256934771,0.351900950946187,
0.425950475473094,0.481333024572941,0.5),.UNSPECIFIED.);
#707=B_SPLINE_CURVE_WITH_KNOTS('',3,(#5207,#5208,#5209,#5210,#5211,#5212),
 .UNSPECIFIED.,.F.,.F.,(4,1,1,4),(0.,0.333333333333333,0.666666666666667,
1.),.UNSPECIFIED.);
#708=B_SPLINE_CURVE_WITH_KNOTS('',3,(#5214,#5215,#5216,#5217,#5218,#5219,
#5220,#5221,#5222,#5223,#5224,#5225,#5226,#5227,#5228,#5229,#5230,#5231,
#5232,#5233,#5234,#5235,#5236,#5237,#5238,#5239,#5240,#5241),
 .UNSPECIFIED.,.F.,.F.,(4,3,3,3,3,3,3,3,3,4),(0.500000000000001,0.582749498437281,
0.644639813660015,0.711235420676297,0.794062179888142,0.857195202203239,
0.913513568722859,0.958684364580879,0.990894744755755,1.),.UNSPECIFIED.);
#709=B_SPLINE_CURVE_WITH_KNOTS('',3,(#5292,#5293,#5294,#5295,#5296,#5297,
#5298,#5299),.UNSPECIFIED.,.F.,.F.,(4,1,1,1,1,4),(0.,0.2,0.4,0.6,0.8,1.),
 .UNSPECIFIED.);
#710=B_SPLINE_CURVE_WITH_KNOTS('',3,(#5302,#5303,#5304,#5305,#5306,#5307,
#5308,#5309,#5310,#5311,#5312,#5313,#5314,#5315,#5316,#5317,#5318,#5319,
#5320,#5321,#5322,#5323,#5324,#5325,#5326),.UNSPECIFIED.,.F.,.F.,(4,3,3,
3,3,3,3,3,4),(0.,0.0441084413717029,0.095898377520018,0.159052638406827,
0.208369704238952,0.262560317168437,0.381280158584219,0.455570893281952,
0.500000000000001),.UNSPECIFIED.);
#711=B_SPLINE_CURVE_WITH_KNOTS('',3,(#5376,#5377,#5378,#5379,#5380,#5381),
 .UNSPECIFIED.,.F.,.F.,(4,1,1,4),(0.,0.333333333333333,0.666666666666667,
1.),.UNSPECIFIED.);
#712=B_SPLINE_CURVE_WITH_KNOTS('',3,(#5383,#5384,#5385,#5386,#5387,#5388,
#5389,#5390,#5391,#5392,#5393,#5394,#5395,#5396,#5397,#5398,#5399,#5400,
#5401,#5402,#5403,#5404),.UNSPECIFIED.,.F.,.F.,(4,3,3,3,3,3,3,4),(0.5,0.576982993321901,
0.653956452907374,0.740467339680531,0.826073103163975,0.913036551581987,
0.975406773219763,1.),.UNSPECIFIED.);
#713=B_SPLINE_CURVE_WITH_KNOTS('',3,(#5478,#5479,#5480,#5481,#5482,#5483,
#5484,#5485,#5486,#5487),.UNSPECIFIED.,.F.,.F.,(4,1,1,1,1,1,1,4),(0.,0.142857142857143,
0.285714285714286,0.428571428571429,0.571428571428571,0.714285714285714,
0.857142857142857,1.),.UNSPECIFIED.);
#714=B_SPLINE_CURVE_WITH_KNOTS('',3,(#5489,#5490,#5491,#5492,#5493,#5494,
#5495),.UNSPECIFIED.,.F.,.F.,(4,1,1,1,4),(0.,0.25,0.5,0.75,1.),
 .UNSPECIFIED.);
#715=B_SPLINE_CURVE_WITH_KNOTS('',3,(#5497,#5498,#5499,#5500,#5501,#5502,
#5503,#5504,#5505,#5506,#5507,#5508,#5509),.UNSPECIFIED.,.F.,.F.,(4,3,3,
3,4),(0.499999999999998,0.638815337425145,0.772944606910602,0.888650679012829,
1.),.UNSPECIFIED.);
#716=B_SPLINE_CURVE_WITH_KNOTS('',3,(#5582,#5583,#5584,#5585,#5586,#5587,
#5588,#5589,#5590,#5591),.UNSPECIFIED.,.F.,.F.,(4,1,1,1,1,1,1,4),(0.,0.142857142857143,
0.285714285714286,0.428571428571429,0.571428571428571,0.714285714285714,
0.857142857142857,1.),.UNSPECIFIED.);
#717=B_SPLINE_CURVE_WITH_KNOTS('',3,(#5594,#5595,#5596,#5597,#5598,#5599,
#5600,#5601,#5602,#5603,#5604,#5605,#5606),.UNSPECIFIED.,.F.,.F.,(4,3,3,
3,4),(0.,0.114256654862535,0.232604391939827,0.376025359531716,0.499999999999998),
 .UNSPECIFIED.);
#718=B_SPLINE_CURVE_WITH_KNOTS('',3,(#5678,#5679,#5680,#5681,#5682,#5683,
#5684),.UNSPECIFIED.,.F.,.F.,(4,1,1,1,4),(0.,0.25,0.5,0.75,1.),
 .UNSPECIFIED.);
#719=B_SPLINE_CURVE_WITH_KNOTS('',3,(#5686,#5687,#5688,#5689,#5690,#5691,
#5692,#5693,#5694,#5695,#5696,#5697,#5698,#5699,#5700,#5701,#5702,#5703,
#5704,#5705,#5706,#5707),.UNSPECIFIED.,.F.,.F.,(4,3,3,3,3,3,3,4),(0.500000000000001,
0.586509367653096,0.673115830916938,0.745893568641752,0.818276151167258,
0.909138075583629,0.96832823969781,1.),.UNSPECIFIED.);
#720=B_SPLINE_CURVE_WITH_KNOTS('',3,(#5780,#5781,#5782,#5783,#5784,#5785,
#5786,#5787,#5788,#5789),.UNSPECIFIED.,.F.,.F.,(4,1,1,1,1,1,1,4),(0.,0.142857142857143,
0.285714285714286,0.428571428571429,0.571428571428571,0.714285714285714,
0.857142857142857,1.),.UNSPECIFIED.);
#721=B_SPLINE_CURVE_WITH_KNOTS('',3,(#5792,#5793,#5794,#5795,#5796,#5797,
#5798,#5799,#5800,#5801,#5802,#5803,#5804,#5805,#5806,#5807,#5808,#5809,
#5810),.UNSPECIFIED.,.F.,.F.,(4,3,3,3,3,3,4),(0.,0.0899390878389101,0.197670519671134,
0.282423223045347,0.391211611522674,0.473635137131462,0.500000000000001),
 .UNSPECIFIED.);
#722=B_SPLINE_CURVE_WITH_KNOTS('',3,(#5882,#5883,#5884,#5885,#5886,#5887,
#5888),.UNSPECIFIED.,.F.,.F.,(4,1,1,1,4),(0.,0.25,0.5,0.75,1.),
 .UNSPECIFIED.);
#723=B_SPLINE_CURVE_WITH_KNOTS('',3,(#5890,#5891,#5892,#5893,#5894,#5895,
#5896,#5897,#5898,#5899,#5900,#5901,#5902,#5903,#5904,#5905,#5906,#5907,
#5908,#5909,#5910,#5911,#5912,#5913,#5914,#5915,#5916,#5917,#5918,#5919,
#5920),.UNSPECIFIED.,.F.,.F.,(4,3,3,3,3,3,3,3,3,3,4),(0.5,0.544478239103831,
0.591858090349555,0.64403347078365,0.708753699106671,0.781565274330003,
0.836173955747502,0.882457633957945,0.926524602878723,0.968087735558193,
1.),.UNSPECIFIED.);
#724=B_SPLINE_CURVE_WITH_KNOTS('',3,(#5993,#5994,#5995,#5996,#5997,#5998,
#5999,#6000,#6001,#6002),.UNSPECIFIED.,.F.,.F.,(4,1,1,1,1,1,1,4),(0.,0.142857142857143,
0.285714285714286,0.428571428571429,0.571428571428571,0.714285714285714,
0.857142857142857,1.),.UNSPECIFIED.);
#725=B_SPLINE_CURVE_WITH_KNOTS('',3,(#6005,#6006,#6007,#6008,#6009,#6010,
#6011,#6012,#6013,#6014,#6015,#6016,#6017,#6018,#6019,#6020,#6021,#6022,
#6023,#6024,#6025,#6026,#6027,#6028,#6029,#6030,#6031,#6032,#6033,#6034,
#6035),.UNSPECIFIED.,.F.,.F.,(4,3,3,3,3,3,3,3,3,3,4),(0.,0.0413347960823823,
0.0844322605593516,0.129855053126643,0.181075484916044,0.239684079982561,
0.312412616705964,0.367746040209395,0.417536790557549,0.462632671690093,
0.5),.UNSPECIFIED.);
#726=B_SPLINE_CURVE_WITH_KNOTS('',3,(#6107,#6108,#6109,#6110,#6111,#6112,
#6113),.UNSPECIFIED.,.F.,.F.,(4,1,1,1,4),(0.,0.25,0.5,0.75,1.),
 .UNSPECIFIED.);
#727=B_SPLINE_CURVE_WITH_KNOTS('',3,(#6115,#6116,#6117,#6118,#6119,#6120,
#6121,#6122,#6123,#6124,#6125,#6126,#6127,#6128,#6129,#6130,#6131,#6132,
#6133),.UNSPECIFIED.,.F.,.F.,(4,3,3,3,3,3,4),(0.499999999999996,0.593890114347764,
0.695417585760823,0.774145165377731,0.887072582688866,0.975830882157332,
1.),.UNSPECIFIED.);
#728=B_SPLINE_CURVE_WITH_KNOTS('',3,(#6206,#6207,#6208,#6209,#6210,#6211,
#6212,#6213,#6214,#6215),.UNSPECIFIED.,.F.,.F.,(4,1,1,1,1,1,1,4),(0.,0.142857142857143,
0.285714285714286,0.428571428571429,0.571428571428571,0.714285714285714,
0.857142857142857,1.),.UNSPECIFIED.);
#729=B_SPLINE_CURVE_WITH_KNOTS('',3,(#6218,#6219,#6220,#6221,#6222,#6223,
#6224,#6225,#6226,#6227,#6228,#6229,#6230,#6231,#6232,#6233,#6234,#6235,
#6236,#6237,#6238,#6239),.UNSPECIFIED.,.F.,.F.,(4,3,3,3,3,3,3,4),(0.,0.0577039246760551,
0.12607219642901,0.219554147321757,0.287172495536385,0.361347480534479,
0.467972327292551,0.499999999999996),.UNSPECIFIED.);
#730=B_SPLINE_CURVE_WITH_KNOTS('',3,(#6311,#6312,#6313,#6314,#6315,#6316,
#6317),.UNSPECIFIED.,.F.,.F.,(4,1,1,1,4),(0.,0.25,0.5,0.75,1.),
 .UNSPECIFIED.);
#731=B_SPLINE_CURVE_WITH_KNOTS('',3,(#6319,#6320,#6321,#6322,#6323,#6324,
#6325,#6326,#6327,#6328,#6329,#6330,#6331),.UNSPECIFIED.,.F.,.F.,(4,3,3,
3,4),(0.500000000000004,0.638815363137406,0.772944182296536,0.888646792121739,
1.),.UNSPECIFIED.);
#732=B_SPLINE_CURVE_WITH_KNOTS('',3,(#6397,#6398,#6399,#6400,#6401,#6402,
#6403,#6404,#6405),.UNSPECIFIED.,.F.,.F.,(4,1,1,1,1,1,4),(0.,0.166666666666667,
0.333333333333333,0.5,0.666666666666667,0.833333333333333,1.),
 .UNSPECIFIED.);
#733=B_SPLINE_CURVE_WITH_KNOTS('',3,(#6408,#6409,#6410,#6411,#6412,#6413,
#6414,#6415,#6416,#6417,#6418,#6419,#6420),.UNSPECIFIED.,.F.,.F.,(4,3,3,
3,4),(0.,0.114264806287861,0.232612549211681,0.376036021692855,0.500000000000004),
 .UNSPECIFIED.);
#734=B_SPLINE_CURVE_WITH_KNOTS('',3,(#6485,#6486,#6487,#6488,#6489,#6490,
#6491),.UNSPECIFIED.,.F.,.F.,(4,1,1,1,4),(1.03282485877296E-9,0.25,0.5,
0.75,1.),.UNSPECIFIED.);
#735=B_SPLINE_CURVE_WITH_KNOTS('',3,(#6493,#6494,#6495,#6496,#6497,#6498,
#6499,#6500,#6501,#6502,#6503,#6504,#6505,#6506,#6507,#6508,#6509,#6510,
#6511,#6512,#6513,#6514),.UNSPECIFIED.,.F.,.F.,(4,3,3,3,3,3,3,4),(0.500000000000001,
0.603792424619856,0.700638426546188,0.78027637589149,0.868515651917743,
0.934297685222425,0.995625850784776,1.),.UNSPECIFIED.);
#736=B_SPLINE_CURVE_WITH_KNOTS('',3,(#6572,#6573,#6574,#6575,#6576,#6577,
#6578,#6579,#6580),.UNSPECIFIED.,.F.,.F.,(4,1,1,1,1,1,4),(0.,0.166666666666667,
0.333333333333333,0.5,0.666666666666667,0.833333333333333,1.),
 .UNSPECIFIED.);
#737=B_SPLINE_CURVE_WITH_KNOTS('',3,(#6582,#6583,#6584,#6585,#6586,#6587),
 .UNSPECIFIED.,.F.,.F.,(4,1,1,4),(0.,0.333333333333333,0.666666666666667,
1.),.UNSPECIFIED.);
#738=B_SPLINE_CURVE_WITH_KNOTS('',3,(#6589,#6590,#6591,#6592,#6593,#6594,
#6595,#6596,#6597,#6598,#6599,#6600,#6601,#6602,#6603,#6604,#6605,#6606,
#6607,#6608,#6609,#6610,#6611,#6612,#6613),.UNSPECIFIED.,.F.,.F.,(4,3,3,
3,3,3,3,3,4),(0.499999999999997,0.596608511306493,0.672567326536853,0.769627782840542,
0.842132658907065,0.903177277516311,0.941931630740531,0.976717169167379,
1.),.UNSPECIFIED.);
#739=B_SPLINE_CURVE_WITH_KNOTS('',3,(#6670,#6671,#6672,#6673,#6674,#6675,
#6676,#6677,#6678),.UNSPECIFIED.,.F.,.F.,(4,1,1,1,1,1,4),(0.,0.166666666666667,
0.333333333333333,0.5,0.666666666666667,0.833333333333333,1.),
 .UNSPECIFIED.);
#740=B_SPLINE_CURVE_WITH_KNOTS('',3,(#6681,#6682,#6683,#6684,#6685,#6686,
#6687,#6688,#6689,#6690,#6691,#6692,#6693,#6694,#6695,#6696,#6697,#6698,
#6699,#6700,#6701,#6702,#6703,#6704,#6705),.UNSPECIFIED.,.F.,.F.,(4,3,3,
3,3,3,3,3,4),(0.,0.048918089117092,0.108986030601557,0.173101024906542,
0.254825768679906,0.334368148553881,0.403310656863876,0.476794834449836,
0.499999999999997),.UNSPECIFIED.);
#741=B_SPLINE_CURVE_WITH_KNOTS('',3,(#6761,#6762,#6763,#6764,#6765,#6766),
 .UNSPECIFIED.,.F.,.F.,(4,1,1,4),(0.,0.333333333333333,0.666666666666667,
1.),.UNSPECIFIED.);
#742=B_SPLINE_CURVE_WITH_KNOTS('',3,(#6768,#6769,#6770,#6771,#6772,#6773,
#6774,#6775,#6776,#6777,#6778,#6779,#6780,#6781,#6782,#6783,#6784,#6785,
#6786,#6787,#6788,#6789,#6790,#6791,#6792),.UNSPECIFIED.,.F.,.F.,(4,3,3,
3,3,3,3,3,4),(0.500000000000004,0.560254627705474,0.653931422169437,0.710248209984371,
0.77675728407777,0.844925943204916,0.910639218203385,0.960537136530643,
1.),.UNSPECIFIED.);
#743=B_SPLINE_CURVE_WITH_KNOTS('',3,(#6849,#6850,#6851,#6852,#6853,#6854,
#6855,#6856,#6857),.UNSPECIFIED.,.F.,.F.,(4,1,1,1,1,1,4),(0.,0.166666666666667,
0.333333333333333,0.5,0.666666666666667,0.833333333333333,1.),
 .UNSPECIFIED.);
#744=B_SPLINE_CURVE_WITH_KNOTS('',3,(#6860,#6861,#6862,#6863,#6864,#6865,
#6866,#6867,#6868,#6869,#6870,#6871,#6872,#6873,#6874,#6875,#6876,#6877,
#6878,#6879,#6880,#6881,#6882,#6883,#6884,#6885,#6886,#6887),
 .UNSPECIFIED.,.F.,.F.,(4,3,3,3,3,3,3,3,3,4),(0.,0.0471750238336436,0.101796970974105,
0.179733597968199,0.232029175060861,0.285522247797445,0.350983637833364,
0.425491818916684,0.48075438384436,0.500000000000004),.UNSPECIFIED.);
#745=B_SPLINE_CURVE_WITH_KNOTS('',3,(#6943,#6944,#6945,#6946,#6947,#6948),
 .UNSPECIFIED.,.F.,.F.,(4,1,1,4),(0.,0.333333333333333,0.666666666666667,
1.),.UNSPECIFIED.);
#746=B_SPLINE_CURVE_WITH_KNOTS('',3,(#6950,#6951,#6952,#6953,#6954,#6955,
#6956,#6957,#6958,#6959,#6960,#6961,#6962,#6963,#6964,#6965,#6966,#6967,
#6968,#6969,#6970,#6971),.UNSPECIFIED.,.F.,.F.,(4,3,3,3,3,3,3,4),(0.5,0.590190618908338,
0.692642964181253,0.763029107749216,0.827747290573524,0.913873645286762,
0.970443659318,1.),.UNSPECIFIED.);
#747=B_SPLINE_CURVE_WITH_KNOTS('',3,(#7029,#7030,#7031,#7032,#7033,#7034,
#7035,#7036,#7037),.UNSPECIFIED.,.F.,.F.,(4,1,1,1,1,1,4),(0.,0.166666666666667,
0.333333333333333,0.5,0.666666666666667,0.833333333333333,1.),
 .UNSPECIFIED.);
#748=B_SPLINE_CURVE_WITH_KNOTS('',3,(#7039,#7040,#7041,#7042,#7043,#7044),
 .UNSPECIFIED.,.F.,.F.,(4,1,1,4),(0.,0.333333333333333,0.666666666666667,
1.),.UNSPECIFIED.);
#749=B_SPLINE_CURVE_WITH_KNOTS('',3,(#7046,#7047,#7048,#7049,#7050,#7051,
#7052,#7053,#7054,#7055,#7056,#7057,#7058,#7059,#7060,#7061,#7062,#7063,
#7064,#7065,#7066,#7067,#7068,#7069,#7070,#7071,#7072,#7073),
 .UNSPECIFIED.,.F.,.F.,(4,3,3,3,3,3,3,3,3,4),(0.499999999999996,0.558805346894971,
0.638379302431142,0.69215867769754,0.769119008273155,0.829218561629735,
0.895555331618471,0.947777665809236,0.992562612119903,1.),.UNSPECIFIED.);
#750=B_SPLINE_CURVE_WITH_KNOTS('',3,(#7130,#7131,#7132,#7133,#7134,#7135,
#7136,#7137,#7138),.UNSPECIFIED.,.F.,.F.,(4,1,1,1,1,1,4),(0.,0.166666666666667,
0.333333333333333,0.5,0.666666666666667,0.833333333333333,1.),
 .UNSPECIFIED.);
#751=B_SPLINE_CURVE_WITH_KNOTS('',3,(#7141,#7142,#7143,#7144,#7145,#7146,
#7147,#7148,#7149,#7150,#7151,#7152,#7153,#7154,#7155,#7156,#7157,#7158,
#7159,#7160,#7161,#7162,#7163,#7164,#7165,#7166,#7167,#7168),
 .UNSPECIFIED.,.F.,.F.,(4,3,3,3,3,3,3,3,3,4),(0.,0.0454493857577985,0.0981772908458163,
0.169516570767728,0.220280527598729,0.271940808432163,0.331420833805413,
0.401698606307331,0.452660424667826,0.499999999999996),.UNSPECIFIED.);
#752=B_SPLINE_CURVE_WITH_KNOTS('',3,(#7224,#7225,#7226,#7227,#7228,#7229),
 .UNSPECIFIED.,.F.,.F.,(4,1,1,4),(0.,0.333333333333333,0.666666666666667,
1.),.UNSPECIFIED.);
#753=B_SPLINE_CURVE_WITH_KNOTS('',3,(#7231,#7232,#7233,#7234,#7235,#7236,
#7237,#7238,#7239,#7240,#7241,#7242,#7243,#7244,#7245,#7246,#7247,#7248,
#7249),.UNSPECIFIED.,.F.,.F.,(4,3,3,3,3,3,4),(0.5,0.625,0.738814961073245,
0.84605733386623,0.926075377876879,0.985392810591198,1.),.UNSPECIFIED.);
#754=B_SPLINE_CURVE_WITH_KNOTS('',3,(#7300,#7301,#7302,#7303,#7304,#7305,
#7306,#7307),.UNSPECIFIED.,.F.,.F.,(4,1,1,1,1,4),(0.,0.2,0.4,0.6,0.8,1.),
 .UNSPECIFIED.);
#755=B_SPLINE_CURVE_WITH_KNOTS('',3,(#7310,#7311,#7312,#7313,#7314,#7315,
#7316,#7317,#7318,#7319,#7320,#7321,#7322,#7323,#7324,#7325),
 .UNSPECIFIED.,.F.,.F.,(4,3,3,3,3,4),(0.,0.0842358302100662,0.183778889946161,
0.290277779461978,0.408266932957764,0.5),.UNSPECIFIED.);
#756=B_SPLINE_CURVE_WITH_KNOTS('',3,(#7375,#7376,#7377,#7378,#7379,#7380),
 .UNSPECIFIED.,.F.,.F.,(4,1,1,4),(0.,0.333333333333333,0.666666666666667,
1.),.UNSPECIFIED.);
#757=B_SPLINE_CURVE_WITH_KNOTS('',3,(#7382,#7383,#7384,#7385,#7386,#7387,
#7388,#7389,#7390,#7391,#7392,#7393,#7394,#7395,#7396,#7397,#7398,#7399,
#7400,#7401,#7402,#7403),.UNSPECIFIED.,.F.,.F.,(4,3,3,3,3,3,3,4),(0.500000000000002,
0.584893513159683,0.688670134869762,0.760363526367117,0.829520876063423,
0.914760438031711,0.975660747842152,1.),.UNSPECIFIED.);
#758=B_SPLINE_CURVE_WITH_KNOTS('',3,(#7455,#7456,#7457,#7458,#7459,#7460,
#7461,#7462),.UNSPECIFIED.,.F.,.F.,(4,1,1,1,1,4),(0.,0.2,0.4,0.6,0.8,1.),
 .UNSPECIFIED.);
#759=B_SPLINE_CURVE_WITH_KNOTS('',3,(#7464,#7465,#7466,#7467,#7468,#7469),
 .UNSPECIFIED.,.F.,.F.,(4,1,1,4),(0.,0.333333333333333,0.666666666666667,
1.),.UNSPECIFIED.);
#760=B_SPLINE_CURVE_WITH_KNOTS('',3,(#7471,#7472,#7473,#7474,#7475,#7476,
#7477,#7478,#7479,#7480,#7481,#7482,#7483,#7484,#7485,#7486,#7487,#7488,
#7489,#7490,#7491,#7492,#7493,#7494,#7495),.UNSPECIFIED.,.F.,.F.,(4,3,3,
3,3,3,3,3,4),(0.500000000000002,0.560352574404744,0.650502233081404,0.707335363993747,
0.775306571801187,0.842776932750295,0.9099113357137,0.960414753766767,1.),
 .UNSPECIFIED.);
#761=B_SPLINE_CURVE_WITH_KNOTS('',3,(#7546,#7547,#7548,#7549,#7550,#7551,
#7552,#7553),.UNSPECIFIED.,.F.,.F.,(4,1,1,1,1,4),(0.,0.2,0.4,0.6,0.8,1.),
 .UNSPECIFIED.);
#762=B_SPLINE_CURVE_WITH_KNOTS('',3,(#7556,#7557,#7558,#7559,#7560,#7561,
#7562,#7563,#7564,#7565,#7566,#7567,#7568,#7569,#7570,#7571,#7572,#7573,
#7574,#7575,#7576,#7577,#7578,#7579,#7580,#7581,#7582,#7583),
 .UNSPECIFIED.,.F.,.F.,(4,3,3,3,3,3,3,3,3,4),(0.,0.046677522484389,0.100476788839846,
0.180664491254762,0.232362544736164,0.286082569348023,0.35190095094685,
0.425950475473426,0.481333024573607,0.500000000000002),.UNSPECIFIED.);
#763=B_SPLINE_CURVE_WITH_KNOTS('',3,(#7633,#7634,#7635,#7636,#7637,#7638),
 .UNSPECIFIED.,.F.,.F.,(4,1,1,4),(0.,0.333333333333333,0.666666666666667,
1.),.UNSPECIFIED.);
#764=B_SPLINE_CURVE_WITH_KNOTS('',3,(#7640,#7641,#7642,#7643,#7644,#7645,
#7646,#7647,#7648,#7649,#7650,#7651,#7652,#7653,#7654,#7655,#7656,#7657,
#7658,#7659,#7660,#7661,#7662,#7663,#7664,#7665,#7666,#7667),
 .UNSPECIFIED.,.F.,.F.,(4,3,3,3,3,3,3,3,3,4),(0.5,0.582749498437264,0.644639813659854,
0.711235420676211,0.794062179888342,0.857195202204997,0.913513568724141,
0.958684364581859,0.990894744756514,1.),.UNSPECIFIED.);
#765=B_SPLINE_CURVE_WITH_KNOTS('',3,(#7718,#7719,#7720,#7721,#7722,#7723,
#7724,#7725),.UNSPECIFIED.,.F.,.F.,(4,1,1,1,1,4),(0.,0.2,0.4,0.6,0.8,1.),
 .UNSPECIFIED.);
#766=B_SPLINE_CURVE_WITH_KNOTS('',3,(#7728,#7729,#7730,#7731,#7732,#7733,
#7734,#7735,#7736,#7737,#7738,#7739,#7740,#7741,#7742,#7743,#7744,#7745,
#7746,#7747,#7748,#7749,#7750,#7751,#7752),.UNSPECIFIED.,.F.,.F.,(4,3,3,
3,3,3,3,3,4),(0.,0.0441084413717648,0.0958983775200993,0.159052638406938,
0.208369704238796,0.262560317168292,0.381280158584146,0.455570893281907,
0.5),.UNSPECIFIED.);
#767=B_SPLINE_CURVE_WITH_KNOTS('',3,(#7802,#7803,#7804,#7805,#7806,#7807),
 .UNSPECIFIED.,.F.,.F.,(4,1,1,4),(0.,0.333333333333333,0.666666666666667,
1.),.UNSPECIFIED.);
#768=B_SPLINE_CURVE_WITH_KNOTS('',3,(#7809,#7810,#7811,#7812,#7813,#7814,
#7815,#7816,#7817,#7818,#7819,#7820,#7821,#7822,#7823,#7824,#7825,#7826,
#7827,#7828,#7829,#7830),.UNSPECIFIED.,.F.,.F.,(4,3,3,3,3,3,3,4),(0.500000000000003,
0.576982993333541,0.653956452929757,0.740467339697317,0.826073103168267,
0.913036551584134,0.975406773222134,1.),.UNSPECIFIED.);
#769=B_SPLINE_CURVE_WITH_KNOTS('',3,(#7882,#7883,#7884,#7885,#7886,#7887,
#7888,#7889),.UNSPECIFIED.,.F.,.F.,(4,1,1,1,1,4),(0.,0.2,0.4,0.6,0.8,1.),
 .UNSPECIFIED.);
#770=B_SPLINE_CURVE_WITH_KNOTS('',3,(#7891,#7892,#7893,#7894,#7895,#7896),
 .UNSPECIFIED.,.F.,.F.,(4,1,1,4),(0.,0.333333333333333,0.666666666666667,
1.),.UNSPECIFIED.);
#771=B_SPLINE_CURVE_WITH_KNOTS('',3,(#7898,#7899,#7900,#7901,#7902,#7903,
#7904,#7905,#7906,#7907,#7908,#7909,#7910,#7911,#7912,#7913,#7914,#7915,
#7916,#7917,#7918,#7919,#7920,#7921,#7922,#7923,#7924,#7925),
 .UNSPECIFIED.,.F.,.F.,(4,3,3,3,3,3,3,3,3,4),(0.500000000000004,0.593712821588731,
0.661223599543288,0.745917699657466,0.83297914954003,0.90672087438831,0.953360437194155,
0.974467619222629,0.991526895429601,1.),.UNSPECIFIED.);
#772=B_SPLINE_CURVE_WITH_KNOTS('',3,(#7976,#7977,#7978,#7979,#7980,#7981,
#7982,#7983),.UNSPECIFIED.,.F.,.F.,(4,1,1,1,1,4),(0.,0.2,0.4,0.6,0.8,1.),
 .UNSPECIFIED.);
#773=B_SPLINE_CURVE_WITH_KNOTS('',3,(#7987,#7988,#7989,#7990,#7991,#7992,
#7993,#7994,#7995,#7996,#7997,#7998,#7999),.UNSPECIFIED.,.F.,.F.,(4,3,3,
3,4),(0.,0.0443394038200837,0.0960441037434134,0.168412961780572,0.189733765251722),
 .UNSPECIFIED.);
#774=B_SPLINE_CURVE_WITH_KNOTS('',3,(#8000,#8001,#8002,#8003,#8004,#8005,
#8006,#8007,#8008,#8009,#8010,#8011,#8012,#8013,#8014,#8015),
 .UNSPECIFIED.,.F.,.F.,(4,3,3,3,3,4),(0.189733765251722,0.258822000124355,
0.326792772614498,0.394424712855614,0.480837457276687,0.500000000000004),
 .UNSPECIFIED.);
#775=B_SPLINE_CURVE_WITH_KNOTS('',3,(#8065,#8066,#8067,#8068,#8069,#8070),
 .UNSPECIFIED.,.F.,.F.,(4,1,1,4),(0.,0.333333333333333,0.666666666666667,
1.),.UNSPECIFIED.);
#776=B_SPLINE_CURVE_WITH_KNOTS('',3,(#8072,#8073,#8074,#8075,#8076,#8077,
#8078,#8079,#8080,#8081,#8082,#8083,#8084,#8085,#8086,#8087,#8088,#8089,
#8090,#8091,#8092,#8093),.UNSPECIFIED.,.F.,.F.,(4,3,3,3,3,3,3,4),(0.500000000000001,
0.60348191072882,0.687797287459703,0.785369220658544,0.878538671838669,
0.944224021767645,0.985369205524538,1.),.UNSPECIFIED.);
#777=B_SPLINE_CURVE_WITH_KNOTS('',3,(#8144,#8145,#8146,#8147,#8148,#8149,
#8150,#8151),.UNSPECIFIED.,.F.,.F.,(4,1,1,1,1,4),(0.,0.2,0.4,0.6,0.8,1.),
 .UNSPECIFIED.);
#778=B_SPLINE_CURVE_WITH_KNOTS('',3,(#8154,#8155,#8156,#8157,#8158,#8159,
#8160,#8161,#8162,#8163,#8164,#8165,#8166,#8167,#8168,#8169,#8170,#8171,
#8172,#8173,#8174,#8175),.UNSPECIFIED.,.F.,.F.,(4,3,3,3,3,3,3,4),(0.,0.0608564745987226,
0.13731005047596,0.216533726681214,0.292721391149055,0.399868410736917,
0.480378138956415,0.500000000000001),.UNSPECIFIED.);
#779=B_SPLINE_CURVE_WITH_KNOTS('',3,(#8225,#8226,#8227,#8228,#8229,#8230),
 .UNSPECIFIED.,.F.,.F.,(4,1,1,4),(0.,0.333333333333333,0.666666666666667,
1.),.UNSPECIFIED.);
#780=B_SPLINE_CURVE_WITH_KNOTS('',3,(#8232,#8233,#8234,#8235,#8236,#8237,
#8238,#8239,#8240,#8241,#8242,#8243,#8244,#8245,#8246,#8247,#8248,#8249,
#8250,#8251,#8252,#8253,#8254,#8255,#8256),.UNSPECIFIED.,.F.,.F.,(4,3,3,
3,3,3,3,3,4),(0.499999999999998,0.565043133569753,0.625089177210574,0.71881688290793,
0.77656484291334,0.833027191946905,0.916513595973453,0.968606344996392,
1.),.UNSPECIFIED.);
#781=B_SPLINE_CURVE_WITH_KNOTS('',3,(#8314,#8315,#8316,#8317,#8318,#8319,
#8320,#8321,#8322),.UNSPECIFIED.,.F.,.F.,(4,1,1,1,1,1,4),(0.,0.166666666666667,
0.333333333333333,0.5,0.666666666666667,0.833333333333333,1.),
 .UNSPECIFIED.);
#782=B_SPLINE_CURVE_WITH_KNOTS('',3,(#8324,#8325,#8326,#8327,#8328,#8329),
 .UNSPECIFIED.,.F.,.F.,(4,1,1,4),(0.,0.333333333333333,0.666666666666667,
1.),.UNSPECIFIED.);
#783=B_SPLINE_CURVE_WITH_KNOTS('',3,(#8331,#8332,#8333,#8334,#8335,#8336,
#8337,#8338,#8339,#8340,#8341,#8342,#8343,#8344,#8345,#8346,#8347,#8348,
#8349),.UNSPECIFIED.,.F.,.F.,(4,3,3,3,3,3,4),(0.500000000000002,0.625000000000001,
0.727006712693225,0.832663749253874,0.916331874626937,0.972367556292632,
1.),.UNSPECIFIED.);
#784=B_SPLINE_CURVE_WITH_KNOTS('',3,(#8406,#8407,#8408,#8409,#8410,#8411,
#8412,#8413,#8414),.UNSPECIFIED.,.F.,.F.,(4,1,1,1,1,1,4),(0.,0.166666666666667,
0.333333333333333,0.5,0.666666666666667,0.833333333333333,1.),
 .UNSPECIFIED.);
#785=B_SPLINE_CURVE_WITH_KNOTS('',3,(#8417,#8418,#8419,#8420,#8421,#8422,
#8423,#8424,#8425,#8426,#8427,#8428,#8429,#8430,#8431,#8432,#8433,#8434,
#8435),.UNSPECIFIED.,.F.,.F.,(4,3,3,3,3,3,4),(0.,0.0793500819750344,0.17497647417714,
0.275403201040536,0.382049477959141,0.493261833468412,0.500000000000002),
 .UNSPECIFIED.);
#786=B_SPLINE_CURVE_WITH_KNOTS('',3,(#8491,#8492,#8493,#8494,#8495,#8496),
 .UNSPECIFIED.,.F.,.F.,(4,1,1,4),(0.,0.333333333333333,0.666666666666667,
1.),.UNSPECIFIED.);
#787=B_SPLINE_CURVE_WITH_KNOTS('',3,(#8498,#8499,#8500,#8501,#8502,#8503,
#8504,#8505,#8506,#8507,#8508,#8509,#8510,#8511,#8512,#8513,#8514,#8515,
#8516,#8517,#8518,#8519,#8520,#8521,#8522,#8523,#8524,#8525,#8526,#8527,
#8528),.UNSPECIFIED.,.F.,.F.,(4,3,3,3,3,3,3,3,3,3,4),(0.500000000000002,
0.558673532229301,0.62886858543616,0.68584791825919,0.742101668126386,0.814532929108339,
0.871340299562034,0.922164151774475,0.962918547265956,0.990668759347255,
1.),.UNSPECIFIED.);
#788=B_SPLINE_CURVE_WITH_KNOTS('',3,(#8585,#8586,#8587,#8588,#8589,#8590,
#8591,#8592,#8593),.UNSPECIFIED.,.F.,.F.,(4,1,1,1,1,1,4),(0.,0.166666666666667,
0.333333333333333,0.5,0.666666666666667,0.833333333333333,1.),
 .UNSPECIFIED.);
#789=B_SPLINE_CURVE_WITH_KNOTS('',3,(#8596,#8597,#8598,#8599,#8600,#8601,
#8602,#8603,#8604,#8605,#8606,#8607,#8608,#8609,#8610,#8611,#8612,#8613,
#8614,#8615,#8616,#8617,#8618,#8619,#8620,#8621,#8622,#8623),
 .UNSPECIFIED.,.F.,.F.,(4,3,3,3,3,3,3,3,3,4),(0.,0.0444108574302344,0.0948094284786165,
0.179915506824409,0.229309418076045,0.281155723281657,0.34245577006922,
0.416048482360786,0.46809745136234,0.500000000000002),.UNSPECIFIED.);
#790=B_SPLINE_CURVE_WITH_KNOTS('',3,(#8679,#8680,#8681,#8682,#8683,#8684),
 .UNSPECIFIED.,.F.,.F.,(4,1,1,4),(0.,0.333333333333333,0.666666666666667,
1.),.UNSPECIFIED.);
#791=B_SPLINE_CURVE_WITH_KNOTS('',3,(#8686,#8687,#8688,#8689,#8690,#8691,
#8692,#8693,#8694,#8695,#8696,#8697,#8698,#8699,#8700,#8701,#8702,#8703,
#8704,#8705,#8706,#8707),.UNSPECIFIED.,.F.,.F.,(4,3,3,3,3,3,3,4),(0.5,0.567817232030818,
0.6622569346421,0.725803111448926,0.78709855900614,0.89354927950307,0.949385366941899,
1.),.UNSPECIFIED.);
#792=B_SPLINE_CURVE_WITH_KNOTS('',3,(#8712,#8713,#8714,#8715,#8716,#8717,
#8718,#8719,#8720,#8721,#8722,#8723,#8724,#8725,#8726,#8727,#8728,#8729,
#8730,#8731,#8732,#8733),.UNSPECIFIED.,.F.,.F.,(4,2,2,2,2,2,2,2,2,2,4),
(1.9707299647454,1.99724587294106,2.07879662588571,2.16034737883036,2.23961818282273,
2.3188889868151,2.39815979080748,2.47743059479985,2.5589813477445,2.64053210068915,
2.66704800888481),.UNSPECIFIED.);
#793=B_SPLINE_CURVE_WITH_KNOTS('',3,(#8751,#8752,#8753,#8754,#8755,#8756,
#8757,#8758,#8759,#8760,#8761,#8762,#8763,#8764,#8765,#8766,#8767,#8768),
 .UNSPECIFIED.,.F.,.F.,(4,2,2,2,2,2,2,2,4),(-0.00206980790400938,0.,0.0456885756198557,
0.0990836274316,0.13619640770378,0.173309187975961,0.226704239787711,0.272392815407947,
0.274462623311588),.UNSPECIFIED.);
#794=B_SPLINE_CURVE_WITH_KNOTS('',3,(#8772,#8773,#8774,#8775),
 .UNSPECIFIED.,.F.,.F.,(4,4),(0.,0.172064433409419),.UNSPECIFIED.);
#795=B_SPLINE_CURVE_WITH_KNOTS('',3,(#8779,#8780,#8781,#8782),
 .UNSPECIFIED.,.F.,.F.,(4,4),(0.371431541023118,0.543495974432538),
 .UNSPECIFIED.);
#796=B_SPLINE_CURVE_WITH_KNOTS('',3,(#8794,#8795,#8796,#8797),
 .UNSPECIFIED.,.F.,.F.,(4,4),(-0.151863610671076,-0.148399470066747),
 .UNSPECIFIED.);
#797=B_SPLINE_CURVE_WITH_KNOTS('',3,(#8799,#8800,#8801,#8802,#8803,#8804,
#8805,#8806,#8807,#8808,#8809,#8810),.UNSPECIFIED.,.F.,.F.,(4,2,2,2,2,4),
(-0.140767593781666,-0.140140338771625,-0.0907412962930017,-0.0450704030536592,
-0.0104889652752123,0.),.UNSPECIFIED.);
#798=B_SPLINE_CURVE_WITH_KNOTS('',3,(#8814,#8815,#8816,#8817,#8818,#8819,
#8820,#8821,#8822,#8823,#8824,#8825,#8826,#8827,#8828,#8829,#8830,#8831,
#8832,#8833,#8834,#8835,#8836,#8837,#8838),.UNSPECIFIED.,.F.,.F.,(4,3,3,
3,3,3,3,3,4),(-0.000634021446786697,0.,0.0385645919586923,0.068925625739008,
0.0800593253814789,0.116356093666494,0.120063596776806,0.147288229010258,
0.15763067994875),.UNSPECIFIED.);
#799=B_SPLINE_CURVE_WITH_KNOTS('',3,(#8839,#8840,#8841,#8842),
 .UNSPECIFIED.,.F.,.F.,(4,4),(-0.460268230800744,-0.456804090196281),
 .UNSPECIFIED.);
#800=B_SPLINE_CURVE_WITH_KNOTS('',3,(#8846,#8847,#8848,#8849,#8850,#8851,
#8852,#8853,#8854,#8855,#8856,#8857,#8858,#8859,#8860,#8861,#8862,#8863),
 .UNSPECIFIED.,.F.,.F.,(4,2,2,2,2,2,2,2,4),(-0.00206980790372857,0.,0.045688575616361,
0.0990836274239855,0.136196407693398,0.173309187962813,0.226704239770454,
0.272392815386485,0.274462623290187),.UNSPECIFIED.);
#801=B_SPLINE_CURVE_WITH_KNOTS('',3,(#8867,#8868,#8869,#8870),
 .UNSPECIFIED.,.F.,.F.,(4,4),(0.,0.17206443340942),.UNSPECIFIED.);
#802=B_SPLINE_CURVE_WITH_KNOTS('',3,(#8876,#8877,#8878,#8879),
 .UNSPECIFIED.,.F.,.F.,(4,4),(0.371431541023118,0.543495974432537),
 .UNSPECIFIED.);
#803=B_SPLINE_CURVE_WITH_KNOTS('',3,(#8891,#8892,#8893,#8894),
 .UNSPECIFIED.,.F.,.F.,(4,4),(-0.151863610671076,-0.148399470066747),
 .UNSPECIFIED.);
#804=B_SPLINE_CURVE_WITH_KNOTS('',3,(#8896,#8897,#8898,#8899,#8900,#8901,
#8902,#8903,#8904,#8905,#8906,#8907),.UNSPECIFIED.,.F.,.F.,(4,2,2,2,2,4),
(-0.140767593788539,-0.140140338779256,-0.0907412962925638,-0.0450704030528988,
-0.0104889652747164,0.),.UNSPECIFIED.);
#805=B_SPLINE_CURVE_WITH_KNOTS('',3,(#8911,#8912,#8913,#8914,#8915,#8916,
#8917,#8918,#8919,#8920,#8921,#8922,#8923,#8924,#8925,#8926,#8927,#8928,
#8929,#8930,#8931,#8932,#8933,#8934,#8935),.UNSPECIFIED.,.F.,.F.,(4,3,3,
3,3,3,3,3,4),(-0.157630681050732,-0.130405519050905,-0.120063597551293,
-0.0837672638067843,-0.0800593257997639,-0.0689256260582372,-0.0303608836541501,
0.,0.000634021445956969),.UNSPECIFIED.);
#806=B_SPLINE_CURVE_WITH_KNOTS('',3,(#8936,#8937,#8938,#8939),
 .UNSPECIFIED.,.F.,.F.,(4,4),(-0.460268230800744,-0.456804090196281),
 .UNSPECIFIED.);
#807=B_SPLINE_CURVE_WITH_KNOTS('',3,(#8967,#8968,#8969,#8970,#8971,#8972,
#8973,#8974,#8975,#8976),.UNSPECIFIED.,.F.,.F.,(4,2,2,2,4),(0.0453044282072454,
0.0569799574818747,0.068655486756504,0.0800224969783565,0.091389507200209),
 .UNSPECIFIED.);
#808=B_SPLINE_CURVE_WITH_KNOTS('',3,(#8979,#8980,#8981,#8982,#8983,#8984,
#8985,#8986,#8987,#8988,#8989,#8990,#8991,#8992),.UNSPECIFIED.,.F.,.F.,
(4,2,2,2,2,2,4),(-0.053592439821403,-0.0438541759600346,-0.0332730877425968,
-0.0205830037603298,-0.0104983005505904,0.,0.000313960381210916),
 .UNSPECIFIED.);
#809=B_SPLINE_CURVE_WITH_KNOTS('',3,(#8998,#8999,#9000,#9001,#9002,#9003,
#9004,#9005,#9006,#9007),.UNSPECIFIED.,.F.,.F.,(4,2,2,2,4),(0.0913895072002093,
0.102756517422062,0.114123527643914,0.125799056918544,0.137474586193173),
 .UNSPECIFIED.);
#810=B_SPLINE_CURVE_WITH_KNOTS('',3,(#9010,#9011,#9012,#9013,#9014,#9015,
#9016,#9017,#9018,#9019,#9020,#9021,#9022,#9023),.UNSPECIFIED.,.F.,.F.,
(4,2,2,2,2,2,4),(-0.0535097282413007,-0.0531980781475484,-0.042777029675631,
-0.03276653507538,-0.0201698314799256,-0.00966660453685011,0.),
 .UNSPECIFIED.);
#811=B_SPLINE_CURVE_WITH_KNOTS('',3,(#9034,#9035,#9036,#9037,#9038,#9039,
#9040,#9041,#9042,#9043,#9044,#9045,#9046,#9047,#9048,#9049,#9050,#9051,
#9052),.UNSPECIFIED.,.F.,.F.,(4,3,3,3,3,3,4),(0.,0.059196657474258,0.130669656665626,
0.20920303855557,0.317109964581041,0.418248107555837,0.500000000000001),
 .UNSPECIFIED.);
#812=B_SPLINE_CURVE_WITH_KNOTS('',3,(#9119,#9120,#9121,#9122,#9123,#9124,
#9125,#9126,#9127,#9128,#9129,#9130,#9131,#9132,#9133,#9134,#9135,#9136,
#9137,#9138,#9139,#9140,#9141,#9142,#9143),.UNSPECIFIED.,.F.,.F.,(4,3,3,
3,3,3,3,3,4),(0.,0.0524040314923186,0.115710877302286,0.191176111701759,
0.252123949502877,0.314468316274477,0.407234158137238,0.469201344360217,
0.5),.UNSPECIFIED.);
#813=B_SPLINE_CURVE_WITH_KNOTS('',3,(#9164,#9165,#9166,#9167),
 .UNSPECIFIED.,.F.,.F.,(4,4),(0.426144935896168,1.21260483328803),
 .UNSPECIFIED.);
#814=B_SPLINE_CURVE_WITH_KNOTS('',3,(#9169,#9170,#9171,#9172),
 .UNSPECIFIED.,.F.,.F.,(4,4),(-1.21260483328803,-0.525290112287657),
 .UNSPECIFIED.);
#815=B_SPLINE_CURVE_WITH_KNOTS('',3,(#9173,#9174,#9175,#9176),
 .UNSPECIFIED.,.F.,.F.,(4,4),(-0.525290259142937,-0.525228703698167),
 .UNSPECIFIED.);
#816=B_SPLINE_CURVE_WITH_KNOTS('',3,(#9182,#9183,#9184,#9185,#9186,#9187,
#9188,#9189,#9190,#9191,#9192,#9193,#9194,#9195),.UNSPECIFIED.,.F.,.F.,
(4,2,2,2,2,2,4),(-0.085693281012615,-0.0853302175076008,-0.070153822921928,
-0.0550914225975576,-0.0337994536594311,-0.0161103652081422,0.),
 .UNSPECIFIED.);
#817=B_SPLINE_CURVE_WITH_KNOTS('',3,(#9198,#9199,#9200,#9201,#9202,#9203,
#9204,#9205,#9206,#9207,#9208,#9209,#9210,#9211),.UNSPECIFIED.,.F.,.F.,
(4,2,2,2,2,2,4),(-0.00035962329985063,0.,0.0145127791038616,0.0289424832423307,
0.05021876390928,0.0682148573151837,0.0847328854779578),.UNSPECIFIED.);
#818=B_SPLINE_CURVE_WITH_KNOTS('',3,(#9262,#9263,#9264,#9265,#9266,#9267,
#9268,#9269,#9270,#9271,#9272,#9273,#9274,#9275,#9276,#9277,#9278,#9279,
#9280,#9281,#9282,#9283),.UNSPECIFIED.,.F.,.F.,(4,3,3,3,3,3,3,4),(0.,0.0549685453004021,
0.119814688152613,0.214861016114459,0.276970334471704,0.339548587017032,
0.420417781683829,0.499999999999998),.UNSPECIFIED.);
#819=B_SPLINE_CURVE_WITH_KNOTS('',3,(#9337,#9338,#9339,#9340,#9341,#9342,
#9343,#9344,#9345,#9346,#9347,#9348,#9349,#9350,#9351,#9352,#9353,#9354,
#9355),.UNSPECIFIED.,.F.,.F.,(4,3,3,3,3,3,4),(0.,0.0602137472039213,0.132028717241304,
0.224021537930979,0.295925372867831,0.373518462547525,0.500000000000003),
 .UNSPECIFIED.);
#820=B_SPLINE_CURVE_WITH_KNOTS('',3,(#9360,#9361,#9362,#9363,#9364,#9365,
#9366,#9367,#9368,#9369,#9370,#9371,#9372,#9373),.UNSPECIFIED.,.F.,.F.,
(4,2,2,2,2,2,4),(-0.000364904359587866,0.,0.0152533442376124,0.0303921161635837,
0.0517920427801646,0.0695708210543406,0.0857628714101419),.UNSPECIFIED.);
#821=B_SPLINE_CURVE_WITH_KNOTS('',3,(#9431,#9432,#9433,#9434,#9435,#9436,
#9437,#9438,#9439,#9440,#9441,#9442,#9443,#9444,#9445,#9446,#9447,#9448,
#9449),.UNSPECIFIED.,.F.,.F.,(4,3,3,3,3,3,4),(0.,0.0636369647776726,0.141902272366063,
0.232925528695648,0.318054234589288,0.411914931852045,0.500000000000002),
 .UNSPECIFIED.);
#822=B_SPLINE_CURVE_WITH_KNOTS('',3,(#9506,#9507,#9508,#9509,#9510,#9511,
#9512,#9513,#9514,#9515,#9516,#9517,#9518,#9519,#9520,#9521,#9522,#9523,
#9524),.UNSPECIFIED.,.F.,.F.,(4,3,3,3,3,3,4),(0.,0.0668138970799772,0.148735803548243,
0.244023241025404,0.328788706248577,0.429695387367294,0.5),
 .UNSPECIFIED.);
#823=B_SPLINE_CURVE_WITH_KNOTS('',3,(#9529,#9530,#9531,#9532,#9533,#9534,
#9535,#9536,#9537,#9538,#9539,#9540,#9541,#9542),.UNSPECIFIED.,.F.,.F.,
(4,2,2,2,2,2,4),(-0.0847128550498326,-0.0843548362702824,-0.0699068081823984,
-0.0555414844678742,-0.0343601313167246,-0.0164443303485758,0.),
 .UNSPECIFIED.);
#824=B_SPLINE_CURVE_WITH_KNOTS('',3,(#9641,#9642,#9643,#9644),
 .UNSPECIFIED.,.F.,.F.,(4,4),(-1.23673704568905,-0.161617797300624),
 .UNSPECIFIED.);
#825=B_SPLINE_CURVE_WITH_KNOTS('',3,(#9645,#9646,#9647,#9648),
 .UNSPECIFIED.,.F.,.F.,(4,4),(0.161617797300624,1.23673704568905),
 .UNSPECIFIED.);
#826=B_SPLINE_CURVE_WITH_KNOTS('',3,(#9651,#9652,#9653,#9654,#9655,#9656,
#9657,#9658,#9659,#9660),.UNSPECIFIED.,.F.,.F.,(4,2,2,2,4),(0.0913895072002093,
0.102756517422062,0.114123527643914,0.125799056918544,0.137474586193173),
 .UNSPECIFIED.);
#827=B_SPLINE_CURVE_WITH_KNOTS('',3,(#9664,#9665,#9666,#9667,#9668,#9669,
#9670,#9671,#9672,#9673),.UNSPECIFIED.,.F.,.F.,(4,2,2,2,4),(0.0453044282072454,
0.0569799574818747,0.068655486756504,0.0800224969783565,0.091389507200209),
 .UNSPECIFIED.);
#828=B_SPLINE_CURVE_WITH_KNOTS('',3,(#9725,#9726,#9727,#9728,#9729,#9730,
#9731,#9732,#9733,#9734,#9735,#9736,#9737,#9738,#9739,#9740,#9741,#9742,
#9743),.UNSPECIFIED.,.F.,.F.,(4,3,3,3,3,3,4),(0.,0.0602137472043389,0.132028717241842,
0.224021537931381,0.295925372865201,0.373518462543699,0.5),
 .UNSPECIFIED.);
#829=B_SPLINE_CURVE_WITH_KNOTS('',3,(#9748,#9749,#9750,#9751,#9752,#9753,
#9754,#9755,#9756,#9757,#9758,#9759,#9760,#9761),.UNSPECIFIED.,.F.,.F.,
(4,2,2,2,2,2,4),(-0.000359623293135174,0.,0.014512779040945,0.0289424830568476,
0.0502187635431938,0.0682148567963391,0.0847328848188987),.UNSPECIFIED.);
#830=B_SPLINE_CURVE_WITH_KNOTS('',3,(#9819,#9820,#9821,#9822,#9823,#9824,
#9825,#9826,#9827,#9828,#9829,#9830,#9831,#9832,#9833,#9834,#9835,#9836,
#9837),.UNSPECIFIED.,.F.,.F.,(4,3,3,3,3,3,4),(0.,0.0668138970799059,0.148735803548275,
0.244023241025478,0.328788706248476,0.429695387367986,0.499999999999999),
 .UNSPECIFIED.);
#831=B_SPLINE_CURVE_WITH_KNOTS('',3,(#9888,#9889,#9890,#9891,#9892,#9893,
#9894,#9895,#9896,#9897,#9898,#9899,#9900,#9901,#9902,#9903,#9904,#9905,
#9906),.UNSPECIFIED.,.F.,.F.,(4,3,3,3,3,3,4),(0.,0.0627239219669626,0.139563452177107,
0.229672589132829,0.314701785206439,0.407152212360145,0.499999999999994),
 .UNSPECIFIED.);
#832=B_SPLINE_CURVE_WITH_KNOTS('',3,(#9960,#9961,#9962,#9963,#9964,#9965,
#9966,#9967,#9968,#9969,#9970,#9971,#9972,#9973,#9974,#9975,#9976,#9977,
#9978,#9979,#9980,#9981),.UNSPECIFIED.,.F.,.F.,(4,3,3,3,3,3,3,4),(0.,0.0549685452990543,
0.119814688152906,0.21486101611468,0.27697033446851,0.339548587006867,0.420417781684674,
0.500000000000002),.UNSPECIFIED.);
#833=B_SPLINE_CURVE_WITH_KNOTS('',3,(#10038,#10039,#10040,#10041,#10042,
#10043,#10044,#10045,#10046,#10047,#10048,#10049,#10050,#10051,#10052,#10053,
#10054,#10055,#10056,#10057,#10058,#10059,#10060,#10061,#10062),
 .UNSPECIFIED.,.F.,.F.,(4,3,3,3,3,3,3,3,4),(0.,0.0524040314925834,0.115710877302588,
0.19117611170377,0.252123949501846,0.314468316272663,0.407234158136331,
0.469201344360996,0.499999999999999),.UNSPECIFIED.);
#834=B_SPLINE_CURVE_WITH_KNOTS('',3,(#10083,#10084,#10085,#10086),
 .UNSPECIFIED.,.F.,.F.,(4,4),(0.426144935889541,1.21260483328429),
 .UNSPECIFIED.);
#835=B_SPLINE_CURVE_WITH_KNOTS('',3,(#10088,#10089,#10090,#10091),
 .UNSPECIFIED.,.F.,.F.,(4,4),(-1.21260483328429,-0.525290112276617),
 .UNSPECIFIED.);
#836=B_SPLINE_CURVE_WITH_KNOTS('',3,(#10092,#10093,#10094,#10095),
 .UNSPECIFIED.,.F.,.F.,(4,4),(0.525228703686805,0.525290259131573),
 .UNSPECIFIED.);
#837=B_SPLINE_CURVE_WITH_KNOTS('',3,(#10138,#10139,#10140,#10141),
 .UNSPECIFIED.,.F.,.F.,(4,4),(-0.937454251749419,-0.25013953074905),
 .UNSPECIFIED.);
#838=B_SPLINE_CURVE_WITH_KNOTS('',3,(#10142,#10143,#10144,#10145),
 .UNSPECIFIED.,.F.,.F.,(4,4),(0.25013953074905,1.03659942814187),
 .UNSPECIFIED.);
#839=B_SPLINE_CURVE_WITH_KNOTS('',3,(#10146,#10147,#10148,#10149),
 .UNSPECIFIED.,.F.,.F.,(4,4),(-0.937515660338909,-0.937454104894138),
 .UNSPECIFIED.);
#840=B_SPLINE_CURVE_WITH_KNOTS('',3,(#10174,#10175,#10176,#10177),
 .UNSPECIFIED.,.F.,.F.,(4,4),(-1.29110879387893,-0.21598954549051),
 .UNSPECIFIED.);
#841=B_SPLINE_CURVE_WITH_KNOTS('',3,(#10178,#10179,#10180,#10181),
 .UNSPECIFIED.,.F.,.F.,(4,4),(0.21598954549051,1.29110879387893),
 .UNSPECIFIED.);
#842=B_SPLINE_CURVE_WITH_KNOTS('',3,(#10285,#10286,#10287,#10288,#10289,
#10290,#10291,#10292,#10293,#10294,#10295,#10296,#10297,#10298,#10299,#10300,
#10301,#10302,#10303,#10304,#10305,#10306,#10307,#10308,#10309,#10310,#10311,
#10312,#10313,#10314,#10315,#10316,#10317,#10318,#10319,#10320,#10321,#10322,
#10323,#10324,#10325,#10326,#10327,#10328,#10329,#10330,#10331,#10332,#10333,
#10334,#10335,#10336,#10337,#10338,#10339,#10340,#10341,#10342,#10343,#10344,
#10345,#10346,#10347,#10348,#10349,#10350,#10351,#10352,#10353,#10354,#10355,
#10356,#10357,#10358,#10359,#10360,#10361,#10362,#10363,#10364,#10365,#10366,
#10367,#10368,#10369,#10370,#10371,#10372,#10373,#10374,#10375),
 .UNSPECIFIED.,.F.,.F.,(4,3,3,3,3,3,3,3,3,3,3,3,3,3,3,3,3,3,3,3,3,3,3,3,
3,3,3,3,3,3,4),(-1.9722593514093,-1.8086026516226,-1.72559068843424,-1.55420525612806,
-1.50909323656577,-1.47889315571998,-1.35553541176799,-1.3473633763494,
-1.2790545585413,-1.25134240114604,-1.23215458199697,-1.18696232707468,
-1.14721145874854,-1.12248419095092,-1.1088014634939,-1.10875579106816,
-1.09502739118541,-1.07522722473764,-1.04704275455262,-1.03054925506166,
-0.985392891268341,-0.966169180990298,-0.879171815140966,-0.87014820578695,
-0.862048108583055,-0.738671782697207,-0.708418345570601,-0.522125672810165,
-0.491918610550093,-0.408908930513814,-0.24525223072279),.UNSPECIFIED.);
#843=B_SPLINE_CURVE_WITH_KNOTS('',3,(#10376,#10377,#10378,#10379,#10380,
#10381,#10382,#10383,#10384,#10385,#10386,#10387,#10388,#10389),
 .UNSPECIFIED.,.F.,.F.,(4,1,1,1,1,1,1,1,1,1,1,4),(0.24525223072279,0.491967533678006,
0.738682836633223,0.862040488110831,0.985398139588439,1.04707696532724,
1.10875579106605,1.23211344254366,1.35547109402126,1.47882874549887,1.72554404845409,
1.97225935140931),.UNSPECIFIED.);
#844=B_SPLINE_CURVE_WITH_KNOTS('',3,(#10501,#10502,#10503,#10504,#10505,
#10506,#10507,#10508,#10509,#10510,#10511,#10512,#10513,#10514,#10515,#10516,
#10517,#10518,#10519,#10520,#10521,#10522,#10523,#10524,#10525,#10526,#10527,
#10528,#10529,#10530,#10531,#10532,#10533,#10534,#10535,#10536,#10537,#10538,
#10539,#10540,#10541,#10542,#10543,#10544,#10545,#10546,#10547,#10548,#10549,
#10550,#10551,#10552,#10553,#10554,#10555,#10556,#10557,#10558,#10559,#10560,
#10561,#10562,#10563,#10564,#10565,#10566,#10567,#10568,#10569,#10570,#10571,
#10572,#10573,#10574,#10575,#10576,#10577,#10578,#10579,#10580,#10581,#10582,
#10583,#10584,#10585,#10586,#10587,#10588,#10589,#10590,#10591,#10592,#10593,
#10594),.UNSPECIFIED.,.F.,.F.,(4,3,3,3,3,3,3,3,3,3,3,3,3,3,3,3,3,3,3,3,
3,3,3,3,3,3,3,3,3,3,3,4),(-5.59338090929574,-5.42972420950895,-5.34671337242118,
-5.13021479445216,-5.10001750904538,-5.00132903599008,-4.97666522311066,
-4.96848493423581,-4.91502201612385,-4.87246395903246,-4.8534558512913,
-4.81115966187826,-4.8080838849611,-4.76340591528512,-4.74360574883735,
-4.72987734895459,-4.72987133322406,-4.71614894907184,-4.69634878262406,
-4.65167081294808,-4.60630548533698,-4.58729073887672,-4.54470506216194,
-4.49126976367336,-4.48304618148844,-4.38249895151247,-4.35970364409829,
-4.329539903457,-4.1273364291713,-4.11299195328034,-4.03003048840018,-3.86637376129143),
 .UNSPECIFIED.);
#845=B_SPLINE_CURVE_WITH_KNOTS('',3,(#10596,#10597,#10598,#10599,#10600,
#10601,#10602,#10603,#10604,#10605,#10606,#10607,#10608),.UNSPECIFIED.,
 .F.,.F.,(4,1,1,1,1,1,1,1,1,1,4),(3.86637376129143,4.11308906814919,4.35980437500694,
4.48316202843582,4.54484085515026,4.6065196818647,4.72987733529358,4.85323498872246,
4.9149138154369,4.97659264215134,5.04067624709178),.UNSPECIFIED.);
#846=B_SPLINE_CURVE_WITH_KNOTS('',3,(#10609,#10610,#10611,#10612,#10613,
#10614),.UNSPECIFIED.,.F.,.F.,(4,1,1,4),(5.04070256229346,5.09995029558022,
5.34666560243798,5.59338090929574),.UNSPECIFIED.);
#847=B_SPLINE_CURVE_WITH_KNOTS('',3,(#10623,#10624,#10625,#10626,#10627,
#10628,#10629,#10630,#10631,#10632,#10633,#10634,#10635,#10636),
 .UNSPECIFIED.,.F.,.F.,(4,2,2,2,2,2,4),(-0.0847128549934966,-0.0843548362102871,
-0.0699068081824837,-0.0555414844678717,-0.0343601313167237,-0.0164443303485758,
0.),.UNSPECIFIED.);
#848=B_SPLINE_CURVE_WITH_KNOTS('',3,(#10662,#10663,#10664,#10665),
 .UNSPECIFIED.,.F.,.F.,(4,4),(-0.937454251754028,-0.542847854526945),
 .UNSPECIFIED.);
#849=B_SPLINE_CURVE_WITH_KNOTS('',3,(#10666,#10667,#10668,#10669),
 .UNSPECIFIED.,.F.,.F.,(4,4),(-0.542847854526945,-0.250139530746356),
 .UNSPECIFIED.);
#850=B_SPLINE_CURVE_WITH_KNOTS('',3,(#10670,#10671,#10672,#10673),
 .UNSPECIFIED.,.F.,.F.,(4,4),(0.250139530746356,1.03659942814249),
 .UNSPECIFIED.);
#851=B_SPLINE_CURVE_WITH_KNOTS('',3,(#10674,#10675,#10676,#10677),
 .UNSPECIFIED.,.F.,.F.,(4,4),(-0.93751566034384,-0.937454104899072),
 .UNSPECIFIED.);
#852=B_SPLINE_CURVE_WITH_KNOTS('',3,(#10730,#10731,#10732,#10733,#10734,
#10735,#10736,#10737,#10738,#10739,#10740),.UNSPECIFIED.,.F.,.F.,(4,2,3,
2,4),(0.561098949459038,0.587544798710768,0.625341021750521,0.663137244790274,
0.689583094042004),.UNSPECIFIED.);
#853=VERTEX_POINT('',#3289);
#854=VERTEX_POINT('',#3290);
#855=VERTEX_POINT('',#3300);
#856=VERTEX_POINT('',#3307);
#857=VERTEX_POINT('',#3382);
#858=VERTEX_POINT('',#3392);
#859=VERTEX_POINT('',#3467);
#860=VERTEX_POINT('',#3474);
#861=VERTEX_POINT('',#3561);
#862=VERTEX_POINT('',#3571);
#863=VERTEX_POINT('',#3655);
#864=VERTEX_POINT('',#3662);
#865=VERTEX_POINT('',#3734);
#866=VERTEX_POINT('',#3735);
#867=VERTEX_POINT('',#3744);
#868=VERTEX_POINT('',#3751);
#869=VERTEX_POINT('',#3829);
#870=VERTEX_POINT('',#3838);
#871=VERTEX_POINT('',#3916);
#872=VERTEX_POINT('',#3923);
#873=VERTEX_POINT('',#3995);
#874=VERTEX_POINT('',#4004);
#875=VERTEX_POINT('',#4076);
#876=VERTEX_POINT('',#4083);
#877=VERTEX_POINT('',#4158);
#878=VERTEX_POINT('',#4159);
#879=VERTEX_POINT('',#4168);
#880=VERTEX_POINT('',#4175);
#881=VERTEX_POINT('',#4241);
#882=VERTEX_POINT('',#4250);
#883=VERTEX_POINT('',#4316);
#884=VERTEX_POINT('',#4323);
#885=VERTEX_POINT('',#4404);
#886=VERTEX_POINT('',#4413);
#887=VERTEX_POINT('',#4491);
#888=VERTEX_POINT('',#4498);
#889=VERTEX_POINT('',#4576);
#890=VERTEX_POINT('',#4577);
#891=VERTEX_POINT('',#4587);
#892=VERTEX_POINT('',#4594);
#893=VERTEX_POINT('',#4675);
#894=VERTEX_POINT('',#4685);
#895=VERTEX_POINT('',#4766);
#896=VERTEX_POINT('',#4773);
#897=VERTEX_POINT('',#4854);
#898=VERTEX_POINT('',#4864);
#899=VERTEX_POINT('',#4948);
#900=VERTEX_POINT('',#4955);
#901=VERTEX_POINT('',#5027);
#902=VERTEX_POINT('',#5028);
#903=VERTEX_POINT('',#5037);
#904=VERTEX_POINT('',#5044);
#905=VERTEX_POINT('',#5119);
#906=VERTEX_POINT('',#5128);
#907=VERTEX_POINT('',#5206);
#908=VERTEX_POINT('',#5213);
#909=VERTEX_POINT('',#5291);
#910=VERTEX_POINT('',#5300);
#911=VERTEX_POINT('',#5375);
#912=VERTEX_POINT('',#5382);
#913=VERTEX_POINT('',#5476);
#914=VERTEX_POINT('',#5477);
#915=VERTEX_POINT('',#5488);
#916=VERTEX_POINT('',#5496);
#917=VERTEX_POINT('',#5581);
#918=VERTEX_POINT('',#5592);
#919=VERTEX_POINT('',#5677);
#920=VERTEX_POINT('',#5685);
#921=VERTEX_POINT('',#5779);
#922=VERTEX_POINT('',#5790);
#923=VERTEX_POINT('',#5881);
#924=VERTEX_POINT('',#5889);
#925=VERTEX_POINT('',#5992);
#926=VERTEX_POINT('',#6003);
#927=VERTEX_POINT('',#6106);
#928=VERTEX_POINT('',#6114);
#929=VERTEX_POINT('',#6205);
#930=VERTEX_POINT('',#6216);
#931=VERTEX_POINT('',#6310);
#932=VERTEX_POINT('',#6318);
#933=VERTEX_POINT('',#6396);
#934=VERTEX_POINT('',#6406);
#935=VERTEX_POINT('',#6484);
#936=VERTEX_POINT('',#6492);
#937=VERTEX_POINT('',#6570);
#938=VERTEX_POINT('',#6571);
#939=VERTEX_POINT('',#6581);
#940=VERTEX_POINT('',#6588);
#941=VERTEX_POINT('',#6669);
#942=VERTEX_POINT('',#6679);
#943=VERTEX_POINT('',#6760);
#944=VERTEX_POINT('',#6767);
#945=VERTEX_POINT('',#6848);
#946=VERTEX_POINT('',#6858);
#947=VERTEX_POINT('',#6942);
#948=VERTEX_POINT('',#6949);
#949=VERTEX_POINT('',#7027);
#950=VERTEX_POINT('',#7028);
#951=VERTEX_POINT('',#7038);
#952=VERTEX_POINT('',#7045);
#953=VERTEX_POINT('',#7129);
#954=VERTEX_POINT('',#7139);
#955=VERTEX_POINT('',#7223);
#956=VERTEX_POINT('',#7230);
#957=VERTEX_POINT('',#7299);
#958=VERTEX_POINT('',#7308);
#959=VERTEX_POINT('',#7374);
#960=VERTEX_POINT('',#7381);
#961=VERTEX_POINT('',#7453);
#962=VERTEX_POINT('',#7454);
#963=VERTEX_POINT('',#7463);
#964=VERTEX_POINT('',#7470);
#965=VERTEX_POINT('',#7545);
#966=VERTEX_POINT('',#7554);
#967=VERTEX_POINT('',#7632);
#968=VERTEX_POINT('',#7639);
#969=VERTEX_POINT('',#7717);
#970=VERTEX_POINT('',#7726);
#971=VERTEX_POINT('',#7801);
#972=VERTEX_POINT('',#7808);
#973=VERTEX_POINT('',#7880);
#974=VERTEX_POINT('',#7881);
#975=VERTEX_POINT('',#7890);
#976=VERTEX_POINT('',#7897);
#977=VERTEX_POINT('',#7975);
#978=VERTEX_POINT('',#7984);
#979=VERTEX_POINT('',#7986);
#980=VERTEX_POINT('',#8064);
#981=VERTEX_POINT('',#8071);
#982=VERTEX_POINT('',#8143);
#983=VERTEX_POINT('',#8152);
#984=VERTEX_POINT('',#8224);
#985=VERTEX_POINT('',#8231);
#986=VERTEX_POINT('',#8312);
#987=VERTEX_POINT('',#8313);
#988=VERTEX_POINT('',#8323);
#989=VERTEX_POINT('',#8330);
#990=VERTEX_POINT('',#8405);
#991=VERTEX_POINT('',#8415);
#992=VERTEX_POINT('',#8490);
#993=VERTEX_POINT('',#8497);
#994=VERTEX_POINT('',#8584);
#995=VERTEX_POINT('',#8594);
#996=VERTEX_POINT('',#8678);
#997=VERTEX_POINT('',#8685);
#998=VERTEX_POINT('',#8710);
#999=VERTEX_POINT('',#8711);
#1000=VERTEX_POINT('',#8736);
#1001=VERTEX_POINT('',#8738);
#1002=VERTEX_POINT('',#8740);
#1003=VERTEX_POINT('',#8744);
#1004=VERTEX_POINT('',#8749);
#1005=VERTEX_POINT('',#8750);
#1006=VERTEX_POINT('',#8769);
#1007=VERTEX_POINT('',#8771);
#1008=VERTEX_POINT('',#8776);
#1009=VERTEX_POINT('',#8778);
#1010=VERTEX_POINT('',#8785);
#1011=VERTEX_POINT('',#8789);
#1012=VERTEX_POINT('',#8793);
#1013=VERTEX_POINT('',#8798);
#1014=VERTEX_POINT('',#8811);
#1015=VERTEX_POINT('',#8813);
#1016=VERTEX_POINT('',#8844);
#1017=VERTEX_POINT('',#8845);
#1018=VERTEX_POINT('',#8864);
#1019=VERTEX_POINT('',#8866);
#1020=VERTEX_POINT('',#8871);
#1021=VERTEX_POINT('',#8873);
#1022=VERTEX_POINT('',#8875);
#1023=VERTEX_POINT('',#8882);
#1024=VERTEX_POINT('',#8886);
#1025=VERTEX_POINT('',#8890);
#1026=VERTEX_POINT('',#8895);
#1027=VERTEX_POINT('',#8908);
#1028=VERTEX_POINT('',#8910);
#1029=VERTEX_POINT('',#8941);
#1030=VERTEX_POINT('',#8942);
#1031=VERTEX_POINT('',#8944);
#1032=VERTEX_POINT('',#8949);
#1033=VERTEX_POINT('',#8954);
#1034=VERTEX_POINT('',#8956);
#1035=VERTEX_POINT('',#8958);
#1036=VERTEX_POINT('',#8960);
#1037=VERTEX_POINT('',#8963);
#1038=VERTEX_POINT('',#8964);
#1039=VERTEX_POINT('',#8966);
#1040=VERTEX_POINT('',#8977);
#1041=VERTEX_POINT('',#8994);
#1042=VERTEX_POINT('',#8995);
#1043=VERTEX_POINT('',#8997);
#1044=VERTEX_POINT('',#9008);
#1045=VERTEX_POINT('',#9028);
#1046=VERTEX_POINT('',#9030);
#1047=VERTEX_POINT('',#9033);
#1048=VERTEX_POINT('',#9055);
#1049=VERTEX_POINT('',#9056);
#1050=VERTEX_POINT('',#9058);
#1051=VERTEX_POINT('',#9060);
#1052=VERTEX_POINT('',#9117);
#1053=VERTEX_POINT('',#9168);
#1054=VERTEX_POINT('',#9178);
#1055=VERTEX_POINT('',#9179);
#1056=VERTEX_POINT('',#9181);
#1057=VERTEX_POINT('',#9196);
#1058=VERTEX_POINT('',#9260);
#1059=VERTEX_POINT('',#9335);
#1060=VERTEX_POINT('',#9357);
#1061=VERTEX_POINT('',#9359);
#1062=VERTEX_POINT('',#9429);
#1063=VERTEX_POINT('',#9504);
#1064=VERTEX_POINT('',#9526);
#1065=VERTEX_POINT('',#9528);
#1066=VERTEX_POINT('',#9650);
#1067=VERTEX_POINT('',#9663);
#1068=VERTEX_POINT('',#9723);
#1069=VERTEX_POINT('',#9745);
#1070=VERTEX_POINT('',#9747);
#1071=VERTEX_POINT('',#9817);
#1072=VERTEX_POINT('',#9886);
#1073=VERTEX_POINT('',#9958);
#1074=VERTEX_POINT('',#10036);
#1075=VERTEX_POINT('',#10087);
#1076=VERTEX_POINT('',#10100);
#1077=VERTEX_POINT('',#10101);
#1078=VERTEX_POINT('',#10103);
#1079=VERTEX_POINT('',#10105);
#1080=VERTEX_POINT('',#10137);
#1081=VERTEX_POINT('',#10184);
#1082=VERTEX_POINT('',#10595);
#1083=VERTEX_POINT('',#10619);
#1084=VERTEX_POINT('',#10621);
#1085=VERTEX_POINT('',#10660);
#1086=VERTEX_POINT('',#10661);
#1087=VERTEX_POINT('',#10686);
#1088=VERTEX_POINT('',#10699);
#1089=VERTEX_POINT('',#10701);
#1090=VERTEX_POINT('',#10703);
#1091=VERTEX_POINT('',#10709);
#1092=VERTEX_POINT('',#10713);
#1093=VERTEX_POINT('',#10720);
#1094=VERTEX_POINT('',#10727);
#1095=VERTEX_POINT('',#10744);
#1096=VERTEX_POINT('',#10747);
#1097=VERTEX_POINT('',#10750);
#1098=VERTEX_POINT('',#10754);
#1099=VERTEX_POINT('',#10757);
#1100=VERTEX_POINT('',#10761);
#1101=EDGE_CURVE('',#853,#854,#658,.T.);
#1102=EDGE_CURVE('',#853,#855,#659,.T.);
#1103=EDGE_CURVE('',#855,#856,#660,.T.);
#1104=EDGE_CURVE('',#854,#856,#510,.T.);
#1105=EDGE_CURVE('',#853,#857,#661,.T.);
#1106=EDGE_CURVE('',#858,#857,#511,.T.);
#1107=EDGE_CURVE('',#858,#855,#662,.T.);
#1108=EDGE_CURVE('',#853,#859,#663,.T.);
#1109=EDGE_CURVE('',#859,#860,#664,.T.);
#1110=EDGE_CURVE('',#857,#860,#512,.T.);
#1111=EDGE_CURVE('',#853,#861,#665,.T.);
#1112=EDGE_CURVE('',#862,#861,#513,.T.);
#1113=EDGE_CURVE('',#862,#859,#666,.T.);
#1114=EDGE_CURVE('',#853,#863,#667,.T.);
#1115=EDGE_CURVE('',#863,#864,#668,.T.);
#1116=EDGE_CURVE('',#861,#864,#514,.T.);
#1117=EDGE_CURVE('',#865,#866,#669,.T.);
#1118=EDGE_CURVE('',#865,#867,#670,.T.);
#1119=EDGE_CURVE('',#867,#868,#671,.T.);
#1120=EDGE_CURVE('',#866,#868,#515,.T.);
#1121=EDGE_CURVE('',#865,#869,#672,.T.);
#1122=EDGE_CURVE('',#870,#869,#516,.T.);
#1123=EDGE_CURVE('',#870,#867,#673,.T.);
#1124=EDGE_CURVE('',#865,#871,#674,.T.);
#1125=EDGE_CURVE('',#871,#872,#675,.T.);
#1126=EDGE_CURVE('',#869,#872,#517,.T.);
#1127=EDGE_CURVE('',#865,#873,#676,.T.);
#1128=EDGE_CURVE('',#874,#873,#518,.T.);
#1129=EDGE_CURVE('',#874,#871,#677,.T.);
#1130=EDGE_CURVE('',#865,#875,#678,.T.);
#1131=EDGE_CURVE('',#875,#876,#679,.T.);
#1132=EDGE_CURVE('',#873,#876,#519,.T.);
#1133=EDGE_CURVE('',#877,#878,#680,.T.);
#1134=EDGE_CURVE('',#877,#879,#681,.T.);
#1135=EDGE_CURVE('',#879,#880,#682,.T.);
#1136=EDGE_CURVE('',#878,#880,#520,.T.);
#1137=EDGE_CURVE('',#877,#881,#683,.T.);
#1138=EDGE_CURVE('',#882,#881,#521,.T.);
#1139=EDGE_CURVE('',#882,#879,#684,.T.);
#1140=EDGE_CURVE('',#877,#883,#685,.T.);
#1141=EDGE_CURVE('',#883,#884,#686,.T.);
#1142=EDGE_CURVE('',#881,#884,#522,.T.);
#1143=EDGE_CURVE('',#877,#885,#687,.T.);
#1144=EDGE_CURVE('',#886,#885,#523,.T.);
#1145=EDGE_CURVE('',#886,#883,#688,.T.);
#1146=EDGE_CURVE('',#877,#887,#689,.T.);
#1147=EDGE_CURVE('',#887,#888,#690,.T.);
#1148=EDGE_CURVE('',#885,#888,#524,.T.);
#1149=EDGE_CURVE('',#889,#890,#691,.T.);
#1150=EDGE_CURVE('',#889,#891,#692,.T.);
#1151=EDGE_CURVE('',#891,#892,#693,.T.);
#1152=EDGE_CURVE('',#890,#892,#525,.T.);
#1153=EDGE_CURVE('',#889,#893,#694,.T.);
#1154=EDGE_CURVE('',#894,#893,#526,.T.);
#1155=EDGE_CURVE('',#894,#891,#695,.T.);
#1156=EDGE_CURVE('',#889,#895,#696,.T.);
#1157=EDGE_CURVE('',#895,#896,#697,.T.);
#1158=EDGE_CURVE('',#893,#896,#527,.T.);
#1159=EDGE_CURVE('',#889,#897,#698,.T.);
#1160=EDGE_CURVE('',#898,#897,#528,.T.);
#1161=EDGE_CURVE('',#898,#895,#699,.T.);
#1162=EDGE_CURVE('',#889,#899,#700,.T.);
#1163=EDGE_CURVE('',#899,#900,#701,.T.);
#1164=EDGE_CURVE('',#897,#900,#529,.T.);
#1165=EDGE_CURVE('',#901,#902,#702,.T.);
#1166=EDGE_CURVE('',#901,#903,#703,.T.);
#1167=EDGE_CURVE('',#903,#904,#704,.T.);
#1168=EDGE_CURVE('',#902,#904,#530,.T.);
#1169=EDGE_CURVE('',#901,#905,#705,.T.);
#1170=EDGE_CURVE('',#906,#905,#531,.T.);
#1171=EDGE_CURVE('',#906,#903,#706,.T.);
#1172=EDGE_CURVE('',#901,#907,#707,.T.);
#1173=EDGE_CURVE('',#907,#908,#708,.T.);
#1174=EDGE_CURVE('',#905,#908,#532,.T.);
#1175=EDGE_CURVE('',#901,#909,#709,.T.);
#1176=EDGE_CURVE('',#910,#909,#533,.T.);
#1177=EDGE_CURVE('',#910,#907,#710,.T.);
#1178=EDGE_CURVE('',#901,#911,#711,.T.);
#1179=EDGE_CURVE('',#911,#912,#712,.T.);
#1180=EDGE_CURVE('',#909,#912,#534,.T.);
#1181=EDGE_CURVE('',#913,#914,#713,.T.);
#1182=EDGE_CURVE('',#913,#915,#714,.T.);
#1183=EDGE_CURVE('',#915,#916,#715,.T.);
#1184=EDGE_CURVE('',#914,#916,#535,.T.);
#1185=EDGE_CURVE('',#913,#917,#716,.T.);
#1186=EDGE_CURVE('',#918,#917,#536,.T.);
#1187=EDGE_CURVE('',#918,#915,#717,.T.);
#1188=EDGE_CURVE('',#913,#919,#718,.T.);
#1189=EDGE_CURVE('',#919,#920,#719,.T.);
#1190=EDGE_CURVE('',#917,#920,#537,.T.);
#1191=EDGE_CURVE('',#913,#921,#720,.T.);
#1192=EDGE_CURVE('',#922,#921,#538,.T.);
#1193=EDGE_CURVE('',#922,#919,#721,.T.);
#1194=EDGE_CURVE('',#913,#923,#722,.T.);
#1195=EDGE_CURVE('',#923,#924,#723,.T.);
#1196=EDGE_CURVE('',#921,#924,#539,.T.);
#1197=EDGE_CURVE('',#913,#925,#724,.T.);
#1198=EDGE_CURVE('',#926,#925,#540,.T.);
#1199=EDGE_CURVE('',#926,#923,#725,.T.);
#1200=EDGE_CURVE('',#913,#927,#726,.T.);
#1201=EDGE_CURVE('',#927,#928,#727,.T.);
#1202=EDGE_CURVE('',#925,#928,#541,.T.);
#1203=EDGE_CURVE('',#913,#929,#728,.T.);
#1204=EDGE_CURVE('',#930,#929,#542,.T.);
#1205=EDGE_CURVE('',#930,#927,#729,.T.);
#1206=EDGE_CURVE('',#913,#931,#730,.T.);
#1207=EDGE_CURVE('',#931,#932,#731,.T.);
#1208=EDGE_CURVE('',#929,#932,#543,.T.);
#1209=EDGE_CURVE('',#913,#933,#732,.T.);
#1210=EDGE_CURVE('',#934,#933,#544,.T.);
#1211=EDGE_CURVE('',#934,#931,#733,.T.);
#1212=EDGE_CURVE('',#913,#935,#734,.T.);
#1213=EDGE_CURVE('',#935,#936,#735,.T.);
#1214=EDGE_CURVE('',#933,#936,#545,.T.);
#1215=EDGE_CURVE('',#937,#938,#736,.T.);
#1216=EDGE_CURVE('',#937,#939,#737,.T.);
#1217=EDGE_CURVE('',#939,#940,#738,.T.);
#1218=EDGE_CURVE('',#938,#940,#546,.T.);
#1219=EDGE_CURVE('',#937,#941,#739,.T.);
#1220=EDGE_CURVE('',#942,#941,#547,.T.);
#1221=EDGE_CURVE('',#942,#939,#740,.T.);
#1222=EDGE_CURVE('',#937,#943,#741,.T.);
#1223=EDGE_CURVE('',#943,#944,#742,.T.);
#1224=EDGE_CURVE('',#941,#944,#548,.T.);
#1225=EDGE_CURVE('',#937,#945,#743,.T.);
#1226=EDGE_CURVE('',#946,#945,#549,.T.);
#1227=EDGE_CURVE('',#946,#943,#744,.T.);
#1228=EDGE_CURVE('',#937,#947,#745,.T.);
#1229=EDGE_CURVE('',#947,#948,#746,.T.);
#1230=EDGE_CURVE('',#945,#948,#550,.T.);
#1231=EDGE_CURVE('',#949,#950,#747,.T.);
#1232=EDGE_CURVE('',#949,#951,#748,.T.);
#1233=EDGE_CURVE('',#951,#952,#749,.T.);
#1234=EDGE_CURVE('',#950,#952,#551,.T.);
#1235=EDGE_CURVE('',#949,#953,#750,.T.);
#1236=EDGE_CURVE('',#954,#953,#552,.T.);
#1237=EDGE_CURVE('',#954,#951,#751,.T.);
#1238=EDGE_CURVE('',#949,#955,#752,.T.);
#1239=EDGE_CURVE('',#955,#956,#753,.T.);
#1240=EDGE_CURVE('',#953,#956,#553,.T.);
#1241=EDGE_CURVE('',#949,#957,#754,.T.);
#1242=EDGE_CURVE('',#958,#957,#554,.T.);
#1243=EDGE_CURVE('',#958,#955,#755,.T.);
#1244=EDGE_CURVE('',#949,#959,#756,.T.);
#1245=EDGE_CURVE('',#959,#960,#757,.T.);
#1246=EDGE_CURVE('',#957,#960,#555,.T.);
#1247=EDGE_CURVE('',#961,#962,#758,.T.);
#1248=EDGE_CURVE('',#961,#963,#759,.T.);
#1249=EDGE_CURVE('',#963,#964,#760,.T.);
#1250=EDGE_CURVE('',#962,#964,#556,.T.);
#1251=EDGE_CURVE('',#961,#965,#761,.T.);
#1252=EDGE_CURVE('',#966,#965,#557,.T.);
#1253=EDGE_CURVE('',#966,#963,#762,.T.);
#1254=EDGE_CURVE('',#961,#967,#763,.T.);
#1255=EDGE_CURVE('',#967,#968,#764,.T.);
#1256=EDGE_CURVE('',#965,#968,#558,.T.);
#1257=EDGE_CURVE('',#961,#969,#765,.T.);
#1258=EDGE_CURVE('',#970,#969,#559,.T.);
#1259=EDGE_CURVE('',#970,#967,#766,.T.);
#1260=EDGE_CURVE('',#961,#971,#767,.T.);
#1261=EDGE_CURVE('',#971,#972,#768,.T.);
#1262=EDGE_CURVE('',#969,#972,#560,.T.);
#1263=EDGE_CURVE('',#973,#974,#769,.T.);
#1264=EDGE_CURVE('',#973,#975,#770,.T.);
#1265=EDGE_CURVE('',#975,#976,#771,.T.);
#1266=EDGE_CURVE('',#974,#976,#561,.T.);
#1267=EDGE_CURVE('',#973,#977,#772,.T.);
#1268=EDGE_CURVE('',#978,#977,#562,.T.);
#1269=EDGE_CURVE('',#978,#979,#773,.T.);
#1270=EDGE_CURVE('',#979,#975,#774,.T.);
#1271=EDGE_CURVE('',#973,#980,#775,.T.);
#1272=EDGE_CURVE('',#980,#981,#776,.T.);
#1273=EDGE_CURVE('',#977,#981,#563,.T.);
#1274=EDGE_CURVE('',#973,#982,#777,.T.);
#1275=EDGE_CURVE('',#983,#982,#564,.T.);
#1276=EDGE_CURVE('',#983,#980,#778,.T.);
#1277=EDGE_CURVE('',#973,#984,#779,.T.);
#1278=EDGE_CURVE('',#984,#985,#780,.T.);
#1279=EDGE_CURVE('',#982,#985,#565,.T.);
#1280=EDGE_CURVE('',#986,#987,#781,.T.);
#1281=EDGE_CURVE('',#986,#988,#782,.T.);
#1282=EDGE_CURVE('',#988,#989,#783,.T.);
#1283=EDGE_CURVE('',#987,#989,#566,.T.);
#1284=EDGE_CURVE('',#986,#990,#784,.T.);
#1285=EDGE_CURVE('',#991,#990,#567,.T.);
#1286=EDGE_CURVE('',#991,#988,#785,.T.);
#1287=EDGE_CURVE('',#986,#992,#786,.T.);
#1288=EDGE_CURVE('',#992,#993,#787,.T.);
#1289=EDGE_CURVE('',#990,#993,#568,.T.);
#1290=EDGE_CURVE('',#986,#994,#788,.T.);
#1291=EDGE_CURVE('',#995,#994,#569,.T.);
#1292=EDGE_CURVE('',#995,#992,#789,.T.);
#1293=EDGE_CURVE('',#986,#996,#790,.T.);
#1294=EDGE_CURVE('',#996,#997,#791,.T.);
#1295=EDGE_CURVE('',#994,#997,#570,.T.);
#1296=EDGE_CURVE('',#998,#999,#792,.T.);
#1297=EDGE_CURVE('',#998,#999,#571,.T.);
#1298=EDGE_CURVE('',#1000,#1000,#572,.T.);
#1299=EDGE_CURVE('',#1000,#1001,#573,.T.);
#1300=EDGE_CURVE('',#1001,#1002,#574,.T.);
#1301=EDGE_CURVE('',#1002,#1001,#575,.T.);
#1302=EDGE_CURVE('',#1002,#1003,#48,.T.);
#1303=EDGE_CURVE('',#1003,#1003,#576,.T.);
#1304=EDGE_CURVE('',#1004,#1005,#793,.T.);
#1305=EDGE_CURVE('',#1005,#1006,#577,.T.);
#1306=EDGE_CURVE('',#1006,#1007,#794,.F.);
#1307=EDGE_CURVE('',#1007,#1008,#578,.T.);
#1308=EDGE_CURVE('',#1008,#1009,#795,.F.);
#1309=EDGE_CURVE('',#1009,#1004,#579,.T.);
#1310=EDGE_CURVE('',#1010,#1009,#49,.T.);
#1311=EDGE_CURVE('',#1004,#1010,#580,.T.);
#1312=EDGE_CURVE('',#1011,#1005,#581,.T.);
#1313=EDGE_CURVE('',#1006,#1011,#50,.T.);
#1314=EDGE_CURVE('',#1010,#1012,#796,.T.);
#1315=EDGE_CURVE('',#1013,#1012,#797,.T.);
#1316=EDGE_CURVE('',#1013,#1014,#582,.T.);
#1317=EDGE_CURVE('',#1014,#1015,#798,.T.);
#1318=EDGE_CURVE('',#1015,#1011,#799,.T.);
#1319=EDGE_CURVE('',#1016,#1017,#800,.T.);
#1320=EDGE_CURVE('',#1017,#1018,#583,.T.);
#1321=EDGE_CURVE('',#1018,#1019,#801,.F.);
#1322=EDGE_CURVE('',#1019,#1020,#584,.T.);
#1323=EDGE_CURVE('',#1020,#1021,#585,.T.);
#1324=EDGE_CURVE('',#1021,#1022,#802,.F.);
#1325=EDGE_CURVE('',#1022,#1016,#586,.T.);
#1326=EDGE_CURVE('',#1023,#1022,#51,.T.);
#1327=EDGE_CURVE('',#1016,#1023,#587,.T.);
#1328=EDGE_CURVE('',#1024,#1017,#588,.T.);
#1329=EDGE_CURVE('',#1018,#1024,#52,.T.);
#1330=EDGE_CURVE('',#1023,#1025,#803,.T.);
#1331=EDGE_CURVE('',#1026,#1025,#804,.T.);
#1332=EDGE_CURVE('',#1026,#1027,#589,.T.);
#1333=EDGE_CURVE('',#1028,#1027,#805,.T.);
#1334=EDGE_CURVE('',#1028,#1024,#806,.T.);
#1335=EDGE_CURVE('',#1029,#1030,#590,.T.);
#1336=EDGE_CURVE('',#1030,#1031,#591,.T.);
#1337=EDGE_CURVE('',#1031,#1031,#592,.T.);
#1338=EDGE_CURVE('',#1030,#1029,#593,.T.);
#1339=EDGE_CURVE('',#1032,#926,#594,.T.);
#1340=EDGE_CURVE('',#1032,#1029,#53,.T.);
#1341=EDGE_CURVE('',#924,#1032,#595,.T.);
#1342=EDGE_CURVE('',#1033,#1033,#596,.T.);
#1343=EDGE_CURVE('',#1034,#1034,#597,.T.);
#1344=EDGE_CURVE('',#1035,#1035,#598,.T.);
#1345=EDGE_CURVE('',#1036,#1036,#599,.T.);
#1346=EDGE_CURVE('',#1037,#1038,#54,.T.);
#1347=EDGE_CURVE('',#1038,#1039,#807,.T.);
#1348=EDGE_CURVE('',#1039,#1040,#55,.T.);
#1349=EDGE_CURVE('',#1040,#1037,#808,.T.);
#1350=EDGE_CURVE('',#1041,#1042,#56,.T.);
#1351=EDGE_CURVE('',#1042,#1043,#809,.T.);
#1352=EDGE_CURVE('',#1043,#1044,#57,.T.);
#1353=EDGE_CURVE('',#1044,#1041,#810,.T.);
#1354=EDGE_CURVE('',#1040,#1041,#600,.T.);
#1355=EDGE_CURVE('',#1044,#1037,#601,.T.);
#1356=EDGE_CURVE('',#1038,#1045,#602,.T.);
#1357=EDGE_CURVE('',#1046,#1043,#603,.T.);
#1358=EDGE_CURVE('',#936,#1046,#58,.T.);
#1359=EDGE_CURVE('',#1047,#935,#811,.T.);
#1360=EDGE_CURVE('',#1045,#1047,#59,.T.);
#1361=EDGE_CURVE('',#1048,#1049,#604,.T.);
#1362=EDGE_CURVE('',#1050,#1049,#605,.T.);
#1363=EDGE_CURVE('',#1051,#1050,#606,.F.);
#1364=EDGE_CURVE('',#1048,#1051,#607,.T.);
#1365=EDGE_CURVE('',#1052,#987,#608,.T.);
#1366=EDGE_CURVE('',#1052,#996,#812,.T.);
#1367=EDGE_CURVE('',#1027,#991,#813,.T.);
#1368=EDGE_CURVE('',#993,#1053,#814,.T.);
#1369=EDGE_CURVE('',#1053,#1028,#815,.T.);
#1370=EDGE_CURVE('',#1054,#1055,#60,.T.);
#1371=EDGE_CURVE('',#1055,#1056,#816,.T.);
#1372=EDGE_CURVE('',#1056,#1057,#61,.T.);
#1373=EDGE_CURVE('',#1054,#1057,#817,.T.);
#1374=EDGE_CURVE('',#1058,#974,#609,.T.);
#1375=EDGE_CURVE('',#1058,#984,#818,.T.);
#1376=EDGE_CURVE('',#1049,#1058,#62,.T.);
#1377=EDGE_CURVE('',#976,#1050,#63,.T.);
#1378=EDGE_CURVE('',#1059,#962,#610,.T.);
#1379=EDGE_CURVE('',#1059,#971,#819,.T.);
#1380=EDGE_CURVE('',#1055,#1060,#611,.T.);
#1381=EDGE_CURVE('',#1060,#1061,#820,.T.);
#1382=EDGE_CURVE('',#1061,#1056,#612,.T.);
#1383=EDGE_CURVE('',#1062,#950,#613,.T.);
#1384=EDGE_CURVE('',#1062,#959,#821,.T.);
#1385=EDGE_CURVE('',#1063,#938,#614,.T.);
#1386=EDGE_CURVE('',#1063,#947,#822,.T.);
#1387=EDGE_CURVE('',#1060,#1064,#64,.T.);
#1388=EDGE_CURVE('',#1064,#1065,#823,.T.);
#1389=EDGE_CURVE('',#1065,#1061,#65,.T.);
#1390=EDGE_CURVE('',#1047,#914,#615,.T.);
#1391=EDGE_CURVE('',#928,#922,#616,.T.);
#1392=EDGE_CURVE('',#952,#918,#824,.T.);
#1393=EDGE_CURVE('',#920,#1062,#825,.T.);
#1394=EDGE_CURVE('',#1066,#1045,#826,.T.);
#1395=EDGE_CURVE('',#916,#1066,#66,.T.);
#1396=EDGE_CURVE('',#1046,#1067,#827,.T.);
#1397=EDGE_CURVE('',#1067,#934,#67,.T.);
#1398=EDGE_CURVE('',#1068,#902,#617,.T.);
#1399=EDGE_CURVE('',#1068,#911,#828,.T.);
#1400=EDGE_CURVE('',#1064,#1069,#618,.T.);
#1401=EDGE_CURVE('',#1069,#1070,#829,.T.);
#1402=EDGE_CURVE('',#1070,#1065,#619,.T.);
#1403=EDGE_CURVE('',#1071,#890,#620,.T.);
#1404=EDGE_CURVE('',#1071,#899,#830,.T.);
#1405=EDGE_CURVE('',#1072,#878,#621,.T.);
#1406=EDGE_CURVE('',#1072,#887,#831,.T.);
#1407=EDGE_CURVE('',#1069,#882,#68,.T.);
#1408=EDGE_CURVE('',#884,#1070,#69,.T.);
#1409=EDGE_CURVE('',#1073,#866,#622,.T.);
#1410=EDGE_CURVE('',#1073,#875,#832,.T.);
#1411=EDGE_CURVE('',#1074,#854,#623,.T.);
#1412=EDGE_CURVE('',#1074,#863,#833,.T.);
#1413=EDGE_CURVE('',#1014,#858,#834,.T.);
#1414=EDGE_CURVE('',#860,#1075,#835,.T.);
#1415=EDGE_CURVE('',#1015,#1075,#836,.T.);
#1416=EDGE_CURVE('',#880,#1074,#624,.T.);
#1417=EDGE_CURVE('',#856,#1072,#625,.T.);
#1418=EDGE_CURVE('',#1076,#1077,#626,.T.);
#1419=EDGE_CURVE('',#1078,#1077,#627,.T.);
#1420=EDGE_CURVE('',#1079,#1078,#628,.F.);
#1421=EDGE_CURVE('',#1076,#1079,#629,.T.);
#1422=EDGE_CURVE('',#864,#1076,#70,.T.);
#1423=EDGE_CURVE('',#1079,#862,#71,.T.);
#1424=EDGE_CURVE('',#1077,#1073,#72,.T.);
#1425=EDGE_CURVE('',#868,#1078,#73,.T.);
#1426=EDGE_CURVE('',#876,#1071,#630,.T.);
#1427=EDGE_CURVE('',#892,#874,#631,.T.);
#1428=EDGE_CURVE('',#1080,#870,#837,.T.);
#1429=EDGE_CURVE('',#872,#1013,#838,.T.);
#1430=EDGE_CURVE('',#1012,#1080,#839,.T.);
#1431=EDGE_CURVE('',#932,#886,#840,.T.);
#1432=EDGE_CURVE('',#888,#930,#841,.T.);
#1433=EDGE_CURVE('',#900,#1068,#632,.T.);
#1434=EDGE_CURVE('',#904,#1081,#633,.T.);
#1435=EDGE_CURVE('',#1081,#898,#634,.T.);
#1436=EDGE_CURVE('',#908,#894,#842,.T.);
#1437=EDGE_CURVE('',#896,#906,#843,.T.);
#1438=EDGE_CURVE('',#912,#1063,#635,.T.);
#1439=EDGE_CURVE('',#940,#910,#636,.T.);
#1440=EDGE_CURVE('',#948,#1059,#637,.T.);
#1441=EDGE_CURVE('',#964,#946,#638,.T.);
#1442=EDGE_CURVE('',#968,#942,#844,.T.);
#1443=EDGE_CURVE('',#944,#1082,#845,.T.);
#1444=EDGE_CURVE('',#1082,#966,#846,.T.);
#1445=EDGE_CURVE('',#985,#958,#639,.T.);
#1446=EDGE_CURVE('',#960,#983,#640,.T.);
#1447=EDGE_CURVE('',#1083,#954,#74,.T.);
#1448=EDGE_CURVE('',#956,#1084,#75,.T.);
#1449=EDGE_CURVE('',#1084,#1083,#847,.T.);
#1450=EDGE_CURVE('',#972,#1052,#641,.T.);
#1451=EDGE_CURVE('',#989,#970,#642,.T.);
#1452=EDGE_CURVE('',#1085,#1086,#848,.T.);
#1453=EDGE_CURVE('',#1086,#978,#849,.T.);
#1454=EDGE_CURVE('',#981,#1026,#850,.T.);
#1455=EDGE_CURVE('',#1025,#1085,#851,.T.);
#1456=EDGE_CURVE('',#1057,#1083,#643,.T.);
#1457=EDGE_CURVE('',#1084,#1054,#644,.T.);
#1458=EDGE_CURVE('',#997,#1048,#76,.T.);
#1459=EDGE_CURVE('',#1051,#995,#77,.T.);
#1460=EDGE_CURVE('',#1066,#1083,#78,.T.);
#1461=EDGE_CURVE('',#1087,#1087,#645,.T.);
#1462=EDGE_CURVE('',#1057,#1039,#79,.T.);
#1463=EDGE_CURVE('',#1056,#1040,#80,.T.);
#1464=EDGE_CURVE('',#1041,#1061,#81,.T.);
#1465=EDGE_CURVE('',#1042,#1065,#82,.T.);
#1466=EDGE_CURVE('',#1070,#1067,#83,.T.);
#1467=EDGE_CURVE('',#1088,#1079,#84,.T.);
#1468=EDGE_CURVE('',#1088,#1089,#646,.T.);
#1469=EDGE_CURVE('',#1089,#1090,#647,.T.);
#1470=EDGE_CURVE('',#1007,#1090,#85,.T.);
#1471=EDGE_CURVE('',#1019,#1051,#86,.T.);
#1472=EDGE_CURVE('',#1082,#1091,#87,.T.);
#1473=EDGE_CURVE('',#1091,#1091,#648,.T.);
#1474=EDGE_CURVE('',#1081,#1092,#88,.T.);
#1475=EDGE_CURVE('',#1092,#1092,#649,.T.);
#1476=EDGE_CURVE('',#1050,#998,#89,.T.);
#1477=EDGE_CURVE('',#999,#1021,#90,.T.);
#1478=EDGE_CURVE('',#1093,#1093,#650,.T.);
#1479=EDGE_CURVE('',#1078,#1008,#91,.T.);
#1480=EDGE_CURVE('',#1087,#1093,#92,.T.);
#1481=EDGE_CURVE('',#1094,#1094,#651,.T.);
#1482=EDGE_CURVE('',#1094,#1089,#93,.T.);
#1483=EDGE_CURVE('',#1088,#1090,#852,.F.);
#1484=EDGE_CURVE('',#1095,#1095,#652,.T.);
#1485=EDGE_CURVE('',#1096,#1096,#653,.T.);
#1486=EDGE_CURVE('',#1007,#1097,#94,.T.);
#1487=EDGE_CURVE('',#1097,#1097,#654,.T.);
#1488=EDGE_CURVE('',#1098,#1098,#655,.T.);
#1489=EDGE_CURVE('',#1020,#1099,#95,.T.);
#1490=EDGE_CURVE('',#1099,#1099,#656,.T.);
#1491=EDGE_CURVE('',#1100,#1100,#657,.T.);
#1492=EDGE_CURVE('',#1095,#1033,#96,.T.);
#1493=EDGE_CURVE('',#1096,#1034,#97,.T.);
#1494=EDGE_CURVE('',#1098,#1035,#98,.T.);
#1495=EDGE_CURVE('',#1100,#1036,#99,.T.);
#1496=ORIENTED_EDGE('',*,*,#1101,.F.);
#1497=ORIENTED_EDGE('',*,*,#1102,.T.);
#1498=ORIENTED_EDGE('',*,*,#1103,.T.);
#1499=ORIENTED_EDGE('',*,*,#1104,.F.);
#1500=ORIENTED_EDGE('',*,*,#1102,.F.);
#1501=ORIENTED_EDGE('',*,*,#1105,.T.);
#1502=ORIENTED_EDGE('',*,*,#1106,.F.);
#1503=ORIENTED_EDGE('',*,*,#1107,.T.);
#1504=ORIENTED_EDGE('',*,*,#1105,.F.);
#1505=ORIENTED_EDGE('',*,*,#1108,.T.);
#1506=ORIENTED_EDGE('',*,*,#1109,.T.);
#1507=ORIENTED_EDGE('',*,*,#1110,.F.);
#1508=ORIENTED_EDGE('',*,*,#1108,.F.);
#1509=ORIENTED_EDGE('',*,*,#1111,.T.);
#1510=ORIENTED_EDGE('',*,*,#1112,.F.);
#1511=ORIENTED_EDGE('',*,*,#1113,.T.);
#1512=ORIENTED_EDGE('',*,*,#1111,.F.);
#1513=ORIENTED_EDGE('',*,*,#1114,.T.);
#1514=ORIENTED_EDGE('',*,*,#1115,.T.);
#1515=ORIENTED_EDGE('',*,*,#1116,.F.);
#1516=ORIENTED_EDGE('',*,*,#1117,.F.);
#1517=ORIENTED_EDGE('',*,*,#1118,.T.);
#1518=ORIENTED_EDGE('',*,*,#1119,.T.);
#1519=ORIENTED_EDGE('',*,*,#1120,.F.);
#1520=ORIENTED_EDGE('',*,*,#1118,.F.);
#1521=ORIENTED_EDGE('',*,*,#1121,.T.);
#1522=ORIENTED_EDGE('',*,*,#1122,.F.);
#1523=ORIENTED_EDGE('',*,*,#1123,.T.);
#1524=ORIENTED_EDGE('',*,*,#1121,.F.);
#1525=ORIENTED_EDGE('',*,*,#1124,.T.);
#1526=ORIENTED_EDGE('',*,*,#1125,.T.);
#1527=ORIENTED_EDGE('',*,*,#1126,.F.);
#1528=ORIENTED_EDGE('',*,*,#1124,.F.);
#1529=ORIENTED_EDGE('',*,*,#1127,.T.);
#1530=ORIENTED_EDGE('',*,*,#1128,.F.);
#1531=ORIENTED_EDGE('',*,*,#1129,.T.);
#1532=ORIENTED_EDGE('',*,*,#1127,.F.);
#1533=ORIENTED_EDGE('',*,*,#1130,.T.);
#1534=ORIENTED_EDGE('',*,*,#1131,.T.);
#1535=ORIENTED_EDGE('',*,*,#1132,.F.);
#1536=ORIENTED_EDGE('',*,*,#1133,.F.);
#1537=ORIENTED_EDGE('',*,*,#1134,.T.);
#1538=ORIENTED_EDGE('',*,*,#1135,.T.);
#1539=ORIENTED_EDGE('',*,*,#1136,.F.);
#1540=ORIENTED_EDGE('',*,*,#1134,.F.);
#1541=ORIENTED_EDGE('',*,*,#1137,.T.);
#1542=ORIENTED_EDGE('',*,*,#1138,.F.);
#1543=ORIENTED_EDGE('',*,*,#1139,.T.);
#1544=ORIENTED_EDGE('',*,*,#1137,.F.);
#1545=ORIENTED_EDGE('',*,*,#1140,.T.);
#1546=ORIENTED_EDGE('',*,*,#1141,.T.);
#1547=ORIENTED_EDGE('',*,*,#1142,.F.);
#1548=ORIENTED_EDGE('',*,*,#1140,.F.);
#1549=ORIENTED_EDGE('',*,*,#1143,.T.);
#1550=ORIENTED_EDGE('',*,*,#1144,.F.);
#1551=ORIENTED_EDGE('',*,*,#1145,.T.);
#1552=ORIENTED_EDGE('',*,*,#1143,.F.);
#1553=ORIENTED_EDGE('',*,*,#1146,.T.);
#1554=ORIENTED_EDGE('',*,*,#1147,.T.);
#1555=ORIENTED_EDGE('',*,*,#1148,.F.);
#1556=ORIENTED_EDGE('',*,*,#1149,.F.);
#1557=ORIENTED_EDGE('',*,*,#1150,.T.);
#1558=ORIENTED_EDGE('',*,*,#1151,.T.);
#1559=ORIENTED_EDGE('',*,*,#1152,.F.);
#1560=ORIENTED_EDGE('',*,*,#1150,.F.);
#1561=ORIENTED_EDGE('',*,*,#1153,.T.);
#1562=ORIENTED_EDGE('',*,*,#1154,.F.);
#1563=ORIENTED_EDGE('',*,*,#1155,.T.);
#1564=ORIENTED_EDGE('',*,*,#1153,.F.);
#1565=ORIENTED_EDGE('',*,*,#1156,.T.);
#1566=ORIENTED_EDGE('',*,*,#1157,.T.);
#1567=ORIENTED_EDGE('',*,*,#1158,.F.);
#1568=ORIENTED_EDGE('',*,*,#1156,.F.);
#1569=ORIENTED_EDGE('',*,*,#1159,.T.);
#1570=ORIENTED_EDGE('',*,*,#1160,.F.);
#1571=ORIENTED_EDGE('',*,*,#1161,.T.);
#1572=ORIENTED_EDGE('',*,*,#1159,.F.);
#1573=ORIENTED_EDGE('',*,*,#1162,.T.);
#1574=ORIENTED_EDGE('',*,*,#1163,.T.);
#1575=ORIENTED_EDGE('',*,*,#1164,.F.);
#1576=ORIENTED_EDGE('',*,*,#1165,.F.);
#1577=ORIENTED_EDGE('',*,*,#1166,.T.);
#1578=ORIENTED_EDGE('',*,*,#1167,.T.);
#1579=ORIENTED_EDGE('',*,*,#1168,.F.);
#1580=ORIENTED_EDGE('',*,*,#1166,.F.);
#1581=ORIENTED_EDGE('',*,*,#1169,.T.);
#1582=ORIENTED_EDGE('',*,*,#1170,.F.);
#1583=ORIENTED_EDGE('',*,*,#1171,.T.);
#1584=ORIENTED_EDGE('',*,*,#1169,.F.);
#1585=ORIENTED_EDGE('',*,*,#1172,.T.);
#1586=ORIENTED_EDGE('',*,*,#1173,.T.);
#1587=ORIENTED_EDGE('',*,*,#1174,.F.);
#1588=ORIENTED_EDGE('',*,*,#1172,.F.);
#1589=ORIENTED_EDGE('',*,*,#1175,.T.);
#1590=ORIENTED_EDGE('',*,*,#1176,.F.);
#1591=ORIENTED_EDGE('',*,*,#1177,.T.);
#1592=ORIENTED_EDGE('',*,*,#1175,.F.);
#1593=ORIENTED_EDGE('',*,*,#1178,.T.);
#1594=ORIENTED_EDGE('',*,*,#1179,.T.);
#1595=ORIENTED_EDGE('',*,*,#1180,.F.);
#1596=ORIENTED_EDGE('',*,*,#1181,.F.);
#1597=ORIENTED_EDGE('',*,*,#1182,.T.);
#1598=ORIENTED_EDGE('',*,*,#1183,.T.);
#1599=ORIENTED_EDGE('',*,*,#1184,.F.);
#1600=ORIENTED_EDGE('',*,*,#1182,.F.);
#1601=ORIENTED_EDGE('',*,*,#1185,.T.);
#1602=ORIENTED_EDGE('',*,*,#1186,.F.);
#1603=ORIENTED_EDGE('',*,*,#1187,.T.);
#1604=ORIENTED_EDGE('',*,*,#1185,.F.);
#1605=ORIENTED_EDGE('',*,*,#1188,.T.);
#1606=ORIENTED_EDGE('',*,*,#1189,.T.);
#1607=ORIENTED_EDGE('',*,*,#1190,.F.);
#1608=ORIENTED_EDGE('',*,*,#1188,.F.);
#1609=ORIENTED_EDGE('',*,*,#1191,.T.);
#1610=ORIENTED_EDGE('',*,*,#1192,.F.);
#1611=ORIENTED_EDGE('',*,*,#1193,.T.);
#1612=ORIENTED_EDGE('',*,*,#1191,.F.);
#1613=ORIENTED_EDGE('',*,*,#1194,.T.);
#1614=ORIENTED_EDGE('',*,*,#1195,.T.);
#1615=ORIENTED_EDGE('',*,*,#1196,.F.);
#1616=ORIENTED_EDGE('',*,*,#1194,.F.);
#1617=ORIENTED_EDGE('',*,*,#1197,.T.);
#1618=ORIENTED_EDGE('',*,*,#1198,.F.);
#1619=ORIENTED_EDGE('',*,*,#1199,.T.);
#1620=ORIENTED_EDGE('',*,*,#1197,.F.);
#1621=ORIENTED_EDGE('',*,*,#1200,.T.);
#1622=ORIENTED_EDGE('',*,*,#1201,.T.);
#1623=ORIENTED_EDGE('',*,*,#1202,.F.);
#1624=ORIENTED_EDGE('',*,*,#1200,.F.);
#1625=ORIENTED_EDGE('',*,*,#1203,.T.);
#1626=ORIENTED_EDGE('',*,*,#1204,.F.);
#1627=ORIENTED_EDGE('',*,*,#1205,.T.);
#1628=ORIENTED_EDGE('',*,*,#1203,.F.);
#1629=ORIENTED_EDGE('',*,*,#1206,.T.);
#1630=ORIENTED_EDGE('',*,*,#1207,.T.);
#1631=ORIENTED_EDGE('',*,*,#1208,.F.);
#1632=ORIENTED_EDGE('',*,*,#1206,.F.);
#1633=ORIENTED_EDGE('',*,*,#1209,.T.);
#1634=ORIENTED_EDGE('',*,*,#1210,.F.);
#1635=ORIENTED_EDGE('',*,*,#1211,.T.);
#1636=ORIENTED_EDGE('',*,*,#1209,.F.);
#1637=ORIENTED_EDGE('',*,*,#1212,.T.);
#1638=ORIENTED_EDGE('',*,*,#1213,.T.);
#1639=ORIENTED_EDGE('',*,*,#1214,.F.);
#1640=ORIENTED_EDGE('',*,*,#1215,.F.);
#1641=ORIENTED_EDGE('',*,*,#1216,.T.);
#1642=ORIENTED_EDGE('',*,*,#1217,.T.);
#1643=ORIENTED_EDGE('',*,*,#1218,.F.);
#1644=ORIENTED_EDGE('',*,*,#1216,.F.);
#1645=ORIENTED_EDGE('',*,*,#1219,.T.);
#1646=ORIENTED_EDGE('',*,*,#1220,.F.);
#1647=ORIENTED_EDGE('',*,*,#1221,.T.);
#1648=ORIENTED_EDGE('',*,*,#1219,.F.);
#1649=ORIENTED_EDGE('',*,*,#1222,.T.);
#1650=ORIENTED_EDGE('',*,*,#1223,.T.);
#1651=ORIENTED_EDGE('',*,*,#1224,.F.);
#1652=ORIENTED_EDGE('',*,*,#1222,.F.);
#1653=ORIENTED_EDGE('',*,*,#1225,.T.);
#1654=ORIENTED_EDGE('',*,*,#1226,.F.);
#1655=ORIENTED_EDGE('',*,*,#1227,.T.);
#1656=ORIENTED_EDGE('',*,*,#1225,.F.);
#1657=ORIENTED_EDGE('',*,*,#1228,.T.);
#1658=ORIENTED_EDGE('',*,*,#1229,.T.);
#1659=ORIENTED_EDGE('',*,*,#1230,.F.);
#1660=ORIENTED_EDGE('',*,*,#1231,.F.);
#1661=ORIENTED_EDGE('',*,*,#1232,.T.);
#1662=ORIENTED_EDGE('',*,*,#1233,.T.);
#1663=ORIENTED_EDGE('',*,*,#1234,.F.);
#1664=ORIENTED_EDGE('',*,*,#1232,.F.);
#1665=ORIENTED_EDGE('',*,*,#1235,.T.);
#1666=ORIENTED_EDGE('',*,*,#1236,.F.);
#1667=ORIENTED_EDGE('',*,*,#1237,.T.);
#1668=ORIENTED_EDGE('',*,*,#1235,.F.);
#1669=ORIENTED_EDGE('',*,*,#1238,.T.);
#1670=ORIENTED_EDGE('',*,*,#1239,.T.);
#1671=ORIENTED_EDGE('',*,*,#1240,.F.);
#1672=ORIENTED_EDGE('',*,*,#1238,.F.);
#1673=ORIENTED_EDGE('',*,*,#1241,.T.);
#1674=ORIENTED_EDGE('',*,*,#1242,.F.);
#1675=ORIENTED_EDGE('',*,*,#1243,.T.);
#1676=ORIENTED_EDGE('',*,*,#1241,.F.);
#1677=ORIENTED_EDGE('',*,*,#1244,.T.);
#1678=ORIENTED_EDGE('',*,*,#1245,.T.);
#1679=ORIENTED_EDGE('',*,*,#1246,.F.);
#1680=ORIENTED_EDGE('',*,*,#1247,.F.);
#1681=ORIENTED_EDGE('',*,*,#1248,.T.);
#1682=ORIENTED_EDGE('',*,*,#1249,.T.);
#1683=ORIENTED_EDGE('',*,*,#1250,.F.);
#1684=ORIENTED_EDGE('',*,*,#1248,.F.);
#1685=ORIENTED_EDGE('',*,*,#1251,.T.);
#1686=ORIENTED_EDGE('',*,*,#1252,.F.);
#1687=ORIENTED_EDGE('',*,*,#1253,.T.);
#1688=ORIENTED_EDGE('',*,*,#1251,.F.);
#1689=ORIENTED_EDGE('',*,*,#1254,.T.);
#1690=ORIENTED_EDGE('',*,*,#1255,.T.);
#1691=ORIENTED_EDGE('',*,*,#1256,.F.);
#1692=ORIENTED_EDGE('',*,*,#1254,.F.);
#1693=ORIENTED_EDGE('',*,*,#1257,.T.);
#1694=ORIENTED_EDGE('',*,*,#1258,.F.);
#1695=ORIENTED_EDGE('',*,*,#1259,.T.);
#1696=ORIENTED_EDGE('',*,*,#1257,.F.);
#1697=ORIENTED_EDGE('',*,*,#1260,.T.);
#1698=ORIENTED_EDGE('',*,*,#1261,.T.);
#1699=ORIENTED_EDGE('',*,*,#1262,.F.);
#1700=ORIENTED_EDGE('',*,*,#1263,.F.);
#1701=ORIENTED_EDGE('',*,*,#1264,.T.);
#1702=ORIENTED_EDGE('',*,*,#1265,.T.);
#1703=ORIENTED_EDGE('',*,*,#1266,.F.);
#1704=ORIENTED_EDGE('',*,*,#1264,.F.);
#1705=ORIENTED_EDGE('',*,*,#1267,.T.);
#1706=ORIENTED_EDGE('',*,*,#1268,.F.);
#1707=ORIENTED_EDGE('',*,*,#1269,.T.);
#1708=ORIENTED_EDGE('',*,*,#1270,.T.);
#1709=ORIENTED_EDGE('',*,*,#1267,.F.);
#1710=ORIENTED_EDGE('',*,*,#1271,.T.);
#1711=ORIENTED_EDGE('',*,*,#1272,.T.);
#1712=ORIENTED_EDGE('',*,*,#1273,.F.);
#1713=ORIENTED_EDGE('',*,*,#1271,.F.);
#1714=ORIENTED_EDGE('',*,*,#1274,.T.);
#1715=ORIENTED_EDGE('',*,*,#1275,.F.);
#1716=ORIENTED_EDGE('',*,*,#1276,.T.);
#1717=ORIENTED_EDGE('',*,*,#1274,.F.);
#1718=ORIENTED_EDGE('',*,*,#1277,.T.);
#1719=ORIENTED_EDGE('',*,*,#1278,.T.);
#1720=ORIENTED_EDGE('',*,*,#1279,.F.);
#1721=ORIENTED_EDGE('',*,*,#1280,.F.);
#1722=ORIENTED_EDGE('',*,*,#1281,.T.);
#1723=ORIENTED_EDGE('',*,*,#1282,.T.);
#1724=ORIENTED_EDGE('',*,*,#1283,.F.);
#1725=ORIENTED_EDGE('',*,*,#1281,.F.);
#1726=ORIENTED_EDGE('',*,*,#1284,.T.);
#1727=ORIENTED_EDGE('',*,*,#1285,.F.);
#1728=ORIENTED_EDGE('',*,*,#1286,.T.);
#1729=ORIENTED_EDGE('',*,*,#1284,.F.);
#1730=ORIENTED_EDGE('',*,*,#1287,.T.);
#1731=ORIENTED_EDGE('',*,*,#1288,.T.);
#1732=ORIENTED_EDGE('',*,*,#1289,.F.);
#1733=ORIENTED_EDGE('',*,*,#1287,.F.);
#1734=ORIENTED_EDGE('',*,*,#1290,.T.);
#1735=ORIENTED_EDGE('',*,*,#1291,.F.);
#1736=ORIENTED_EDGE('',*,*,#1292,.T.);
#1737=ORIENTED_EDGE('',*,*,#1290,.F.);
#1738=ORIENTED_EDGE('',*,*,#1293,.T.);
#1739=ORIENTED_EDGE('',*,*,#1294,.T.);
#1740=ORIENTED_EDGE('',*,*,#1295,.F.);
#1741=ORIENTED_EDGE('',*,*,#1296,.F.);
#1742=ORIENTED_EDGE('',*,*,#1297,.T.);
#1743=ORIENTED_EDGE('',*,*,#1298,.T.);
#1744=ORIENTED_EDGE('',*,*,#1299,.T.);
#1745=ORIENTED_EDGE('',*,*,#1300,.T.);
#1746=ORIENTED_EDGE('',*,*,#1301,.T.);
#1747=ORIENTED_EDGE('',*,*,#1299,.F.);
#1748=ORIENTED_EDGE('',*,*,#1301,.F.);
#1749=ORIENTED_EDGE('',*,*,#1302,.T.);
#1750=ORIENTED_EDGE('',*,*,#1303,.F.);
#1751=ORIENTED_EDGE('',*,*,#1302,.F.);
#1752=ORIENTED_EDGE('',*,*,#1300,.F.);
#1753=ORIENTED_EDGE('',*,*,#1298,.F.);
#1754=ORIENTED_EDGE('',*,*,#1304,.T.);
#1755=ORIENTED_EDGE('',*,*,#1305,.T.);
#1756=ORIENTED_EDGE('',*,*,#1306,.T.);
#1757=ORIENTED_EDGE('',*,*,#1307,.T.);
#1758=ORIENTED_EDGE('',*,*,#1308,.T.);
#1759=ORIENTED_EDGE('',*,*,#1309,.T.);
#1760=ORIENTED_EDGE('',*,*,#1309,.F.);
#1761=ORIENTED_EDGE('',*,*,#1310,.F.);
#1762=ORIENTED_EDGE('',*,*,#1311,.F.);
#1763=ORIENTED_EDGE('',*,*,#1305,.F.);
#1764=ORIENTED_EDGE('',*,*,#1312,.F.);
#1765=ORIENTED_EDGE('',*,*,#1313,.F.);
#1766=ORIENTED_EDGE('',*,*,#1304,.F.);
#1767=ORIENTED_EDGE('',*,*,#1311,.T.);
#1768=ORIENTED_EDGE('',*,*,#1314,.T.);
#1769=ORIENTED_EDGE('',*,*,#1315,.F.);
#1770=ORIENTED_EDGE('',*,*,#1316,.T.);
#1771=ORIENTED_EDGE('',*,*,#1317,.T.);
#1772=ORIENTED_EDGE('',*,*,#1318,.T.);
#1773=ORIENTED_EDGE('',*,*,#1312,.T.);
#1774=ORIENTED_EDGE('',*,*,#1319,.T.);
#1775=ORIENTED_EDGE('',*,*,#1320,.T.);
#1776=ORIENTED_EDGE('',*,*,#1321,.T.);
#1777=ORIENTED_EDGE('',*,*,#1322,.T.);
#1778=ORIENTED_EDGE('',*,*,#1323,.T.);
#1779=ORIENTED_EDGE('',*,*,#1324,.T.);
#1780=ORIENTED_EDGE('',*,*,#1325,.T.);
#1781=ORIENTED_EDGE('',*,*,#1325,.F.);
#1782=ORIENTED_EDGE('',*,*,#1326,.F.);
#1783=ORIENTED_EDGE('',*,*,#1327,.F.);
#1784=ORIENTED_EDGE('',*,*,#1320,.F.);
#1785=ORIENTED_EDGE('',*,*,#1328,.F.);
#1786=ORIENTED_EDGE('',*,*,#1329,.F.);
#1787=ORIENTED_EDGE('',*,*,#1319,.F.);
#1788=ORIENTED_EDGE('',*,*,#1327,.T.);
#1789=ORIENTED_EDGE('',*,*,#1330,.T.);
#1790=ORIENTED_EDGE('',*,*,#1331,.F.);
#1791=ORIENTED_EDGE('',*,*,#1332,.T.);
#1792=ORIENTED_EDGE('',*,*,#1333,.F.);
#1793=ORIENTED_EDGE('',*,*,#1334,.T.);
#1794=ORIENTED_EDGE('',*,*,#1328,.T.);
#1795=ORIENTED_EDGE('',*,*,#1335,.T.);
#1796=ORIENTED_EDGE('',*,*,#1336,.T.);
#1797=ORIENTED_EDGE('',*,*,#1337,.T.);
#1798=ORIENTED_EDGE('',*,*,#1336,.F.);
#1799=ORIENTED_EDGE('',*,*,#1338,.T.);
#1800=ORIENTED_EDGE('',*,*,#1199,.F.);
#1801=ORIENTED_EDGE('',*,*,#1339,.F.);
#1802=ORIENTED_EDGE('',*,*,#1340,.T.);
#1803=ORIENTED_EDGE('',*,*,#1338,.F.);
#1804=ORIENTED_EDGE('',*,*,#1335,.F.);
#1805=ORIENTED_EDGE('',*,*,#1340,.F.);
#1806=ORIENTED_EDGE('',*,*,#1341,.F.);
#1807=ORIENTED_EDGE('',*,*,#1195,.F.);
#1808=ORIENTED_EDGE('',*,*,#1337,.F.);
#1809=ORIENTED_EDGE('',*,*,#1342,.F.);
#1810=ORIENTED_EDGE('',*,*,#1343,.F.);
#1811=ORIENTED_EDGE('',*,*,#1344,.F.);
#1812=ORIENTED_EDGE('',*,*,#1345,.F.);
#1813=ORIENTED_EDGE('',*,*,#1303,.T.);
#1814=ORIENTED_EDGE('',*,*,#1346,.T.);
#1815=ORIENTED_EDGE('',*,*,#1347,.T.);
#1816=ORIENTED_EDGE('',*,*,#1348,.T.);
#1817=ORIENTED_EDGE('',*,*,#1349,.T.);
#1818=ORIENTED_EDGE('',*,*,#1350,.T.);
#1819=ORIENTED_EDGE('',*,*,#1351,.T.);
#1820=ORIENTED_EDGE('',*,*,#1352,.T.);
#1821=ORIENTED_EDGE('',*,*,#1353,.T.);
#1822=ORIENTED_EDGE('',*,*,#1354,.T.);
#1823=ORIENTED_EDGE('',*,*,#1353,.F.);
#1824=ORIENTED_EDGE('',*,*,#1355,.T.);
#1825=ORIENTED_EDGE('',*,*,#1349,.F.);
#1826=ORIENTED_EDGE('',*,*,#1356,.F.);
#1827=ORIENTED_EDGE('',*,*,#1346,.F.);
#1828=ORIENTED_EDGE('',*,*,#1355,.F.);
#1829=ORIENTED_EDGE('',*,*,#1352,.F.);
#1830=ORIENTED_EDGE('',*,*,#1357,.F.);
#1831=ORIENTED_EDGE('',*,*,#1358,.F.);
#1832=ORIENTED_EDGE('',*,*,#1213,.F.);
#1833=ORIENTED_EDGE('',*,*,#1359,.F.);
#1834=ORIENTED_EDGE('',*,*,#1360,.F.);
#1835=ORIENTED_EDGE('',*,*,#1361,.T.);
#1836=ORIENTED_EDGE('',*,*,#1362,.F.);
#1837=ORIENTED_EDGE('',*,*,#1363,.F.);
#1838=ORIENTED_EDGE('',*,*,#1364,.F.);
#1839=ORIENTED_EDGE('',*,*,#1280,.T.);
#1840=ORIENTED_EDGE('',*,*,#1365,.F.);
#1841=ORIENTED_EDGE('',*,*,#1366,.T.);
#1842=ORIENTED_EDGE('',*,*,#1293,.F.);
#1843=ORIENTED_EDGE('',*,*,#1367,.T.);
#1844=ORIENTED_EDGE('',*,*,#1285,.T.);
#1845=ORIENTED_EDGE('',*,*,#1289,.T.);
#1846=ORIENTED_EDGE('',*,*,#1368,.T.);
#1847=ORIENTED_EDGE('',*,*,#1369,.T.);
#1848=ORIENTED_EDGE('',*,*,#1333,.T.);
#1849=ORIENTED_EDGE('',*,*,#1370,.T.);
#1850=ORIENTED_EDGE('',*,*,#1371,.T.);
#1851=ORIENTED_EDGE('',*,*,#1372,.T.);
#1852=ORIENTED_EDGE('',*,*,#1373,.F.);
#1853=ORIENTED_EDGE('',*,*,#1263,.T.);
#1854=ORIENTED_EDGE('',*,*,#1374,.F.);
#1855=ORIENTED_EDGE('',*,*,#1375,.T.);
#1856=ORIENTED_EDGE('',*,*,#1277,.F.);
#1857=ORIENTED_EDGE('',*,*,#1362,.T.);
#1858=ORIENTED_EDGE('',*,*,#1376,.T.);
#1859=ORIENTED_EDGE('',*,*,#1374,.T.);
#1860=ORIENTED_EDGE('',*,*,#1266,.T.);
#1861=ORIENTED_EDGE('',*,*,#1377,.T.);
#1862=ORIENTED_EDGE('',*,*,#1247,.T.);
#1863=ORIENTED_EDGE('',*,*,#1378,.F.);
#1864=ORIENTED_EDGE('',*,*,#1379,.T.);
#1865=ORIENTED_EDGE('',*,*,#1260,.F.);
#1866=ORIENTED_EDGE('',*,*,#1380,.T.);
#1867=ORIENTED_EDGE('',*,*,#1381,.T.);
#1868=ORIENTED_EDGE('',*,*,#1382,.T.);
#1869=ORIENTED_EDGE('',*,*,#1371,.F.);
#1870=ORIENTED_EDGE('',*,*,#1231,.T.);
#1871=ORIENTED_EDGE('',*,*,#1383,.F.);
#1872=ORIENTED_EDGE('',*,*,#1384,.T.);
#1873=ORIENTED_EDGE('',*,*,#1244,.F.);
#1874=ORIENTED_EDGE('',*,*,#1215,.T.);
#1875=ORIENTED_EDGE('',*,*,#1385,.F.);
#1876=ORIENTED_EDGE('',*,*,#1386,.T.);
#1877=ORIENTED_EDGE('',*,*,#1228,.F.);
#1878=ORIENTED_EDGE('',*,*,#1387,.T.);
#1879=ORIENTED_EDGE('',*,*,#1388,.T.);
#1880=ORIENTED_EDGE('',*,*,#1389,.T.);
#1881=ORIENTED_EDGE('',*,*,#1381,.F.);
#1882=ORIENTED_EDGE('',*,*,#1181,.T.);
#1883=ORIENTED_EDGE('',*,*,#1390,.F.);
#1884=ORIENTED_EDGE('',*,*,#1359,.T.);
#1885=ORIENTED_EDGE('',*,*,#1212,.F.);
#1886=ORIENTED_EDGE('',*,*,#1192,.T.);
#1887=ORIENTED_EDGE('',*,*,#1196,.T.);
#1888=ORIENTED_EDGE('',*,*,#1341,.T.);
#1889=ORIENTED_EDGE('',*,*,#1339,.T.);
#1890=ORIENTED_EDGE('',*,*,#1198,.T.);
#1891=ORIENTED_EDGE('',*,*,#1202,.T.);
#1892=ORIENTED_EDGE('',*,*,#1391,.T.);
#1893=ORIENTED_EDGE('',*,*,#1383,.T.);
#1894=ORIENTED_EDGE('',*,*,#1234,.T.);
#1895=ORIENTED_EDGE('',*,*,#1392,.T.);
#1896=ORIENTED_EDGE('',*,*,#1186,.T.);
#1897=ORIENTED_EDGE('',*,*,#1190,.T.);
#1898=ORIENTED_EDGE('',*,*,#1393,.T.);
#1899=ORIENTED_EDGE('',*,*,#1394,.T.);
#1900=ORIENTED_EDGE('',*,*,#1360,.T.);
#1901=ORIENTED_EDGE('',*,*,#1390,.T.);
#1902=ORIENTED_EDGE('',*,*,#1184,.T.);
#1903=ORIENTED_EDGE('',*,*,#1395,.T.);
#1904=ORIENTED_EDGE('',*,*,#1396,.T.);
#1905=ORIENTED_EDGE('',*,*,#1397,.T.);
#1906=ORIENTED_EDGE('',*,*,#1210,.T.);
#1907=ORIENTED_EDGE('',*,*,#1214,.T.);
#1908=ORIENTED_EDGE('',*,*,#1358,.T.);
#1909=ORIENTED_EDGE('',*,*,#1165,.T.);
#1910=ORIENTED_EDGE('',*,*,#1398,.F.);
#1911=ORIENTED_EDGE('',*,*,#1399,.T.);
#1912=ORIENTED_EDGE('',*,*,#1178,.F.);
#1913=ORIENTED_EDGE('',*,*,#1400,.T.);
#1914=ORIENTED_EDGE('',*,*,#1401,.T.);
#1915=ORIENTED_EDGE('',*,*,#1402,.T.);
#1916=ORIENTED_EDGE('',*,*,#1388,.F.);
#1917=ORIENTED_EDGE('',*,*,#1149,.T.);
#1918=ORIENTED_EDGE('',*,*,#1403,.F.);
#1919=ORIENTED_EDGE('',*,*,#1404,.T.);
#1920=ORIENTED_EDGE('',*,*,#1162,.F.);
#1921=ORIENTED_EDGE('',*,*,#1133,.T.);
#1922=ORIENTED_EDGE('',*,*,#1405,.F.);
#1923=ORIENTED_EDGE('',*,*,#1406,.T.);
#1924=ORIENTED_EDGE('',*,*,#1146,.F.);
#1925=ORIENTED_EDGE('',*,*,#1407,.T.);
#1926=ORIENTED_EDGE('',*,*,#1138,.T.);
#1927=ORIENTED_EDGE('',*,*,#1142,.T.);
#1928=ORIENTED_EDGE('',*,*,#1408,.T.);
#1929=ORIENTED_EDGE('',*,*,#1401,.F.);
#1930=ORIENTED_EDGE('',*,*,#1117,.T.);
#1931=ORIENTED_EDGE('',*,*,#1409,.F.);
#1932=ORIENTED_EDGE('',*,*,#1410,.T.);
#1933=ORIENTED_EDGE('',*,*,#1130,.F.);
#1934=ORIENTED_EDGE('',*,*,#1101,.T.);
#1935=ORIENTED_EDGE('',*,*,#1411,.F.);
#1936=ORIENTED_EDGE('',*,*,#1412,.T.);
#1937=ORIENTED_EDGE('',*,*,#1114,.F.);
#1938=ORIENTED_EDGE('',*,*,#1413,.T.);
#1939=ORIENTED_EDGE('',*,*,#1106,.T.);
#1940=ORIENTED_EDGE('',*,*,#1110,.T.);
#1941=ORIENTED_EDGE('',*,*,#1414,.T.);
#1942=ORIENTED_EDGE('',*,*,#1415,.F.);
#1943=ORIENTED_EDGE('',*,*,#1317,.F.);
#1944=ORIENTED_EDGE('',*,*,#1405,.T.);
#1945=ORIENTED_EDGE('',*,*,#1136,.T.);
#1946=ORIENTED_EDGE('',*,*,#1416,.T.);
#1947=ORIENTED_EDGE('',*,*,#1411,.T.);
#1948=ORIENTED_EDGE('',*,*,#1104,.T.);
#1949=ORIENTED_EDGE('',*,*,#1417,.T.);
#1950=ORIENTED_EDGE('',*,*,#1418,.T.);
#1951=ORIENTED_EDGE('',*,*,#1419,.F.);
#1952=ORIENTED_EDGE('',*,*,#1420,.F.);
#1953=ORIENTED_EDGE('',*,*,#1421,.F.);
#1954=ORIENTED_EDGE('',*,*,#1112,.T.);
#1955=ORIENTED_EDGE('',*,*,#1116,.T.);
#1956=ORIENTED_EDGE('',*,*,#1422,.T.);
#1957=ORIENTED_EDGE('',*,*,#1421,.T.);
#1958=ORIENTED_EDGE('',*,*,#1423,.T.);
#1959=ORIENTED_EDGE('',*,*,#1419,.T.);
#1960=ORIENTED_EDGE('',*,*,#1424,.T.);
#1961=ORIENTED_EDGE('',*,*,#1409,.T.);
#1962=ORIENTED_EDGE('',*,*,#1120,.T.);
#1963=ORIENTED_EDGE('',*,*,#1425,.T.);
#1964=ORIENTED_EDGE('',*,*,#1128,.T.);
#1965=ORIENTED_EDGE('',*,*,#1132,.T.);
#1966=ORIENTED_EDGE('',*,*,#1426,.T.);
#1967=ORIENTED_EDGE('',*,*,#1403,.T.);
#1968=ORIENTED_EDGE('',*,*,#1152,.T.);
#1969=ORIENTED_EDGE('',*,*,#1427,.T.);
#1970=ORIENTED_EDGE('',*,*,#1428,.T.);
#1971=ORIENTED_EDGE('',*,*,#1122,.T.);
#1972=ORIENTED_EDGE('',*,*,#1126,.T.);
#1973=ORIENTED_EDGE('',*,*,#1429,.T.);
#1974=ORIENTED_EDGE('',*,*,#1315,.T.);
#1975=ORIENTED_EDGE('',*,*,#1430,.T.);
#1976=ORIENTED_EDGE('',*,*,#1204,.T.);
#1977=ORIENTED_EDGE('',*,*,#1208,.T.);
#1978=ORIENTED_EDGE('',*,*,#1431,.T.);
#1979=ORIENTED_EDGE('',*,*,#1144,.T.);
#1980=ORIENTED_EDGE('',*,*,#1148,.T.);
#1981=ORIENTED_EDGE('',*,*,#1432,.T.);
#1982=ORIENTED_EDGE('',*,*,#1160,.T.);
#1983=ORIENTED_EDGE('',*,*,#1164,.T.);
#1984=ORIENTED_EDGE('',*,*,#1433,.T.);
#1985=ORIENTED_EDGE('',*,*,#1398,.T.);
#1986=ORIENTED_EDGE('',*,*,#1168,.T.);
#1987=ORIENTED_EDGE('',*,*,#1434,.T.);
#1988=ORIENTED_EDGE('',*,*,#1435,.T.);
#1989=ORIENTED_EDGE('',*,*,#1170,.T.);
#1990=ORIENTED_EDGE('',*,*,#1174,.T.);
#1991=ORIENTED_EDGE('',*,*,#1436,.T.);
#1992=ORIENTED_EDGE('',*,*,#1154,.T.);
#1993=ORIENTED_EDGE('',*,*,#1158,.T.);
#1994=ORIENTED_EDGE('',*,*,#1437,.T.);
#1995=ORIENTED_EDGE('',*,*,#1176,.T.);
#1996=ORIENTED_EDGE('',*,*,#1180,.T.);
#1997=ORIENTED_EDGE('',*,*,#1438,.T.);
#1998=ORIENTED_EDGE('',*,*,#1385,.T.);
#1999=ORIENTED_EDGE('',*,*,#1218,.T.);
#2000=ORIENTED_EDGE('',*,*,#1439,.T.);
#2001=ORIENTED_EDGE('',*,*,#1226,.T.);
#2002=ORIENTED_EDGE('',*,*,#1230,.T.);
#2003=ORIENTED_EDGE('',*,*,#1440,.T.);
#2004=ORIENTED_EDGE('',*,*,#1378,.T.);
#2005=ORIENTED_EDGE('',*,*,#1250,.T.);
#2006=ORIENTED_EDGE('',*,*,#1441,.T.);
#2007=ORIENTED_EDGE('',*,*,#1252,.T.);
#2008=ORIENTED_EDGE('',*,*,#1256,.T.);
#2009=ORIENTED_EDGE('',*,*,#1442,.T.);
#2010=ORIENTED_EDGE('',*,*,#1220,.T.);
#2011=ORIENTED_EDGE('',*,*,#1224,.T.);
#2012=ORIENTED_EDGE('',*,*,#1443,.T.);
#2013=ORIENTED_EDGE('',*,*,#1444,.T.);
#2014=ORIENTED_EDGE('',*,*,#1275,.T.);
#2015=ORIENTED_EDGE('',*,*,#1279,.T.);
#2016=ORIENTED_EDGE('',*,*,#1445,.T.);
#2017=ORIENTED_EDGE('',*,*,#1242,.T.);
#2018=ORIENTED_EDGE('',*,*,#1246,.T.);
#2019=ORIENTED_EDGE('',*,*,#1446,.T.);
#2020=ORIENTED_EDGE('',*,*,#1447,.T.);
#2021=ORIENTED_EDGE('',*,*,#1236,.T.);
#2022=ORIENTED_EDGE('',*,*,#1240,.T.);
#2023=ORIENTED_EDGE('',*,*,#1448,.T.);
#2024=ORIENTED_EDGE('',*,*,#1449,.T.);
#2025=ORIENTED_EDGE('',*,*,#1258,.T.);
#2026=ORIENTED_EDGE('',*,*,#1262,.T.);
#2027=ORIENTED_EDGE('',*,*,#1450,.T.);
#2028=ORIENTED_EDGE('',*,*,#1365,.T.);
#2029=ORIENTED_EDGE('',*,*,#1283,.T.);
#2030=ORIENTED_EDGE('',*,*,#1451,.T.);
#2031=ORIENTED_EDGE('',*,*,#1452,.T.);
#2032=ORIENTED_EDGE('',*,*,#1453,.T.);
#2033=ORIENTED_EDGE('',*,*,#1268,.T.);
#2034=ORIENTED_EDGE('',*,*,#1273,.T.);
#2035=ORIENTED_EDGE('',*,*,#1454,.T.);
#2036=ORIENTED_EDGE('',*,*,#1331,.T.);
#2037=ORIENTED_EDGE('',*,*,#1455,.T.);
#2038=ORIENTED_EDGE('',*,*,#1456,.T.);
#2039=ORIENTED_EDGE('',*,*,#1449,.F.);
#2040=ORIENTED_EDGE('',*,*,#1457,.T.);
#2041=ORIENTED_EDGE('',*,*,#1373,.T.);
#2042=ORIENTED_EDGE('',*,*,#1291,.T.);
#2043=ORIENTED_EDGE('',*,*,#1295,.T.);
#2044=ORIENTED_EDGE('',*,*,#1458,.T.);
#2045=ORIENTED_EDGE('',*,*,#1364,.T.);
#2046=ORIENTED_EDGE('',*,*,#1459,.T.);
#2047=ORIENTED_EDGE('',*,*,#1395,.F.);
#2048=ORIENTED_EDGE('',*,*,#1183,.F.);
#2049=ORIENTED_EDGE('',*,*,#1187,.F.);
#2050=ORIENTED_EDGE('',*,*,#1392,.F.);
#2051=ORIENTED_EDGE('',*,*,#1233,.F.);
#2052=ORIENTED_EDGE('',*,*,#1237,.F.);
#2053=ORIENTED_EDGE('',*,*,#1447,.F.);
#2054=ORIENTED_EDGE('',*,*,#1460,.F.);
#2055=ORIENTED_EDGE('',*,*,#1461,.T.);
#2056=ORIENTED_EDGE('',*,*,#1456,.F.);
#2057=ORIENTED_EDGE('',*,*,#1462,.T.);
#2058=ORIENTED_EDGE('',*,*,#1347,.F.);
#2059=ORIENTED_EDGE('',*,*,#1356,.T.);
#2060=ORIENTED_EDGE('',*,*,#1394,.F.);
#2061=ORIENTED_EDGE('',*,*,#1460,.T.);
#2062=ORIENTED_EDGE('',*,*,#1348,.F.);
#2063=ORIENTED_EDGE('',*,*,#1462,.F.);
#2064=ORIENTED_EDGE('',*,*,#1372,.F.);
#2065=ORIENTED_EDGE('',*,*,#1463,.T.);
#2066=ORIENTED_EDGE('',*,*,#1354,.F.);
#2067=ORIENTED_EDGE('',*,*,#1463,.F.);
#2068=ORIENTED_EDGE('',*,*,#1382,.F.);
#2069=ORIENTED_EDGE('',*,*,#1464,.F.);
#2070=ORIENTED_EDGE('',*,*,#1350,.F.);
#2071=ORIENTED_EDGE('',*,*,#1464,.T.);
#2072=ORIENTED_EDGE('',*,*,#1389,.F.);
#2073=ORIENTED_EDGE('',*,*,#1465,.F.);
#2074=ORIENTED_EDGE('',*,*,#1402,.F.);
#2075=ORIENTED_EDGE('',*,*,#1466,.T.);
#2076=ORIENTED_EDGE('',*,*,#1396,.F.);
#2077=ORIENTED_EDGE('',*,*,#1357,.T.);
#2078=ORIENTED_EDGE('',*,*,#1351,.F.);
#2079=ORIENTED_EDGE('',*,*,#1465,.T.);
#2080=ORIENTED_EDGE('',*,*,#1414,.F.);
#2081=ORIENTED_EDGE('',*,*,#1109,.F.);
#2082=ORIENTED_EDGE('',*,*,#1113,.F.);
#2083=ORIENTED_EDGE('',*,*,#1423,.F.);
#2084=ORIENTED_EDGE('',*,*,#1467,.F.);
#2085=ORIENTED_EDGE('',*,*,#1468,.T.);
#2086=ORIENTED_EDGE('',*,*,#1469,.T.);
#2087=ORIENTED_EDGE('',*,*,#1470,.F.);
#2088=ORIENTED_EDGE('',*,*,#1306,.F.);
#2089=ORIENTED_EDGE('',*,*,#1313,.T.);
#2090=ORIENTED_EDGE('',*,*,#1318,.F.);
#2091=ORIENTED_EDGE('',*,*,#1415,.T.);
#2092=ORIENTED_EDGE('',*,*,#1368,.F.);
#2093=ORIENTED_EDGE('',*,*,#1288,.F.);
#2094=ORIENTED_EDGE('',*,*,#1292,.F.);
#2095=ORIENTED_EDGE('',*,*,#1459,.F.);
#2096=ORIENTED_EDGE('',*,*,#1471,.F.);
#2097=ORIENTED_EDGE('',*,*,#1321,.F.);
#2098=ORIENTED_EDGE('',*,*,#1329,.T.);
#2099=ORIENTED_EDGE('',*,*,#1334,.F.);
#2100=ORIENTED_EDGE('',*,*,#1369,.F.);
#2101=ORIENTED_EDGE('',*,*,#1227,.F.);
#2102=ORIENTED_EDGE('',*,*,#1441,.F.);
#2103=ORIENTED_EDGE('',*,*,#1249,.F.);
#2104=ORIENTED_EDGE('',*,*,#1253,.F.);
#2105=ORIENTED_EDGE('',*,*,#1444,.F.);
#2106=ORIENTED_EDGE('',*,*,#1472,.T.);
#2107=ORIENTED_EDGE('',*,*,#1473,.T.);
#2108=ORIENTED_EDGE('',*,*,#1472,.F.);
#2109=ORIENTED_EDGE('',*,*,#1443,.F.);
#2110=ORIENTED_EDGE('',*,*,#1223,.F.);
#2111=ORIENTED_EDGE('',*,*,#1161,.F.);
#2112=ORIENTED_EDGE('',*,*,#1435,.F.);
#2113=ORIENTED_EDGE('',*,*,#1474,.T.);
#2114=ORIENTED_EDGE('',*,*,#1475,.T.);
#2115=ORIENTED_EDGE('',*,*,#1474,.F.);
#2116=ORIENTED_EDGE('',*,*,#1434,.F.);
#2117=ORIENTED_EDGE('',*,*,#1167,.F.);
#2118=ORIENTED_EDGE('',*,*,#1171,.F.);
#2119=ORIENTED_EDGE('',*,*,#1437,.F.);
#2120=ORIENTED_EDGE('',*,*,#1157,.F.);
#2121=ORIENTED_EDGE('',*,*,#1107,.F.);
#2122=ORIENTED_EDGE('',*,*,#1413,.F.);
#2123=ORIENTED_EDGE('',*,*,#1316,.F.);
#2124=ORIENTED_EDGE('',*,*,#1429,.F.);
#2125=ORIENTED_EDGE('',*,*,#1125,.F.);
#2126=ORIENTED_EDGE('',*,*,#1129,.F.);
#2127=ORIENTED_EDGE('',*,*,#1427,.F.);
#2128=ORIENTED_EDGE('',*,*,#1151,.F.);
#2129=ORIENTED_EDGE('',*,*,#1155,.F.);
#2130=ORIENTED_EDGE('',*,*,#1436,.F.);
#2131=ORIENTED_EDGE('',*,*,#1173,.F.);
#2132=ORIENTED_EDGE('',*,*,#1177,.F.);
#2133=ORIENTED_EDGE('',*,*,#1439,.F.);
#2134=ORIENTED_EDGE('',*,*,#1217,.F.);
#2135=ORIENTED_EDGE('',*,*,#1221,.F.);
#2136=ORIENTED_EDGE('',*,*,#1442,.F.);
#2137=ORIENTED_EDGE('',*,*,#1255,.F.);
#2138=ORIENTED_EDGE('',*,*,#1259,.F.);
#2139=ORIENTED_EDGE('',*,*,#1451,.F.);
#2140=ORIENTED_EDGE('',*,*,#1282,.F.);
#2141=ORIENTED_EDGE('',*,*,#1286,.F.);
#2142=ORIENTED_EDGE('',*,*,#1367,.F.);
#2143=ORIENTED_EDGE('',*,*,#1332,.F.);
#2144=ORIENTED_EDGE('',*,*,#1454,.F.);
#2145=ORIENTED_EDGE('',*,*,#1272,.F.);
#2146=ORIENTED_EDGE('',*,*,#1276,.F.);
#2147=ORIENTED_EDGE('',*,*,#1446,.F.);
#2148=ORIENTED_EDGE('',*,*,#1245,.F.);
#2149=ORIENTED_EDGE('',*,*,#1384,.F.);
#2150=ORIENTED_EDGE('',*,*,#1393,.F.);
#2151=ORIENTED_EDGE('',*,*,#1189,.F.);
#2152=ORIENTED_EDGE('',*,*,#1193,.F.);
#2153=ORIENTED_EDGE('',*,*,#1391,.F.);
#2154=ORIENTED_EDGE('',*,*,#1201,.F.);
#2155=ORIENTED_EDGE('',*,*,#1205,.F.);
#2156=ORIENTED_EDGE('',*,*,#1432,.F.);
#2157=ORIENTED_EDGE('',*,*,#1147,.F.);
#2158=ORIENTED_EDGE('',*,*,#1406,.F.);
#2159=ORIENTED_EDGE('',*,*,#1417,.F.);
#2160=ORIENTED_EDGE('',*,*,#1103,.F.);
#2161=ORIENTED_EDGE('',*,*,#1476,.F.);
#2162=ORIENTED_EDGE('',*,*,#1377,.F.);
#2163=ORIENTED_EDGE('',*,*,#1265,.F.);
#2164=ORIENTED_EDGE('',*,*,#1270,.F.);
#2165=ORIENTED_EDGE('',*,*,#1269,.F.);
#2166=ORIENTED_EDGE('',*,*,#1453,.F.);
#2167=ORIENTED_EDGE('',*,*,#1452,.F.);
#2168=ORIENTED_EDGE('',*,*,#1455,.F.);
#2169=ORIENTED_EDGE('',*,*,#1330,.F.);
#2170=ORIENTED_EDGE('',*,*,#1326,.T.);
#2171=ORIENTED_EDGE('',*,*,#1324,.F.);
#2172=ORIENTED_EDGE('',*,*,#1477,.F.);
#2173=ORIENTED_EDGE('',*,*,#1297,.F.);
#2174=ORIENTED_EDGE('',*,*,#1478,.T.);
#2175=ORIENTED_EDGE('',*,*,#1428,.F.);
#2176=ORIENTED_EDGE('',*,*,#1430,.F.);
#2177=ORIENTED_EDGE('',*,*,#1314,.F.);
#2178=ORIENTED_EDGE('',*,*,#1310,.T.);
#2179=ORIENTED_EDGE('',*,*,#1308,.F.);
#2180=ORIENTED_EDGE('',*,*,#1479,.F.);
#2181=ORIENTED_EDGE('',*,*,#1425,.F.);
#2182=ORIENTED_EDGE('',*,*,#1119,.F.);
#2183=ORIENTED_EDGE('',*,*,#1123,.F.);
#2184=ORIENTED_EDGE('',*,*,#1461,.F.);
#2185=ORIENTED_EDGE('',*,*,#1480,.T.);
#2186=ORIENTED_EDGE('',*,*,#1478,.F.);
#2187=ORIENTED_EDGE('',*,*,#1480,.F.);
#2188=ORIENTED_EDGE('',*,*,#1481,.F.);
#2189=ORIENTED_EDGE('',*,*,#1482,.T.);
#2190=ORIENTED_EDGE('',*,*,#1468,.F.);
#2191=ORIENTED_EDGE('',*,*,#1483,.T.);
#2192=ORIENTED_EDGE('',*,*,#1469,.F.);
#2193=ORIENTED_EDGE('',*,*,#1482,.F.);
#2194=ORIENTED_EDGE('',*,*,#1361,.F.);
#2195=ORIENTED_EDGE('',*,*,#1458,.F.);
#2196=ORIENTED_EDGE('',*,*,#1294,.F.);
#2197=ORIENTED_EDGE('',*,*,#1366,.F.);
#2198=ORIENTED_EDGE('',*,*,#1450,.F.);
#2199=ORIENTED_EDGE('',*,*,#1261,.F.);
#2200=ORIENTED_EDGE('',*,*,#1379,.F.);
#2201=ORIENTED_EDGE('',*,*,#1440,.F.);
#2202=ORIENTED_EDGE('',*,*,#1229,.F.);
#2203=ORIENTED_EDGE('',*,*,#1386,.F.);
#2204=ORIENTED_EDGE('',*,*,#1438,.F.);
#2205=ORIENTED_EDGE('',*,*,#1179,.F.);
#2206=ORIENTED_EDGE('',*,*,#1399,.F.);
#2207=ORIENTED_EDGE('',*,*,#1433,.F.);
#2208=ORIENTED_EDGE('',*,*,#1163,.F.);
#2209=ORIENTED_EDGE('',*,*,#1404,.F.);
#2210=ORIENTED_EDGE('',*,*,#1426,.F.);
#2211=ORIENTED_EDGE('',*,*,#1131,.F.);
#2212=ORIENTED_EDGE('',*,*,#1410,.F.);
#2213=ORIENTED_EDGE('',*,*,#1424,.F.);
#2214=ORIENTED_EDGE('',*,*,#1418,.F.);
#2215=ORIENTED_EDGE('',*,*,#1422,.F.);
#2216=ORIENTED_EDGE('',*,*,#1115,.F.);
#2217=ORIENTED_EDGE('',*,*,#1412,.F.);
#2218=ORIENTED_EDGE('',*,*,#1416,.F.);
#2219=ORIENTED_EDGE('',*,*,#1135,.F.);
#2220=ORIENTED_EDGE('',*,*,#1139,.F.);
#2221=ORIENTED_EDGE('',*,*,#1407,.F.);
#2222=ORIENTED_EDGE('',*,*,#1400,.F.);
#2223=ORIENTED_EDGE('',*,*,#1387,.F.);
#2224=ORIENTED_EDGE('',*,*,#1380,.F.);
#2225=ORIENTED_EDGE('',*,*,#1370,.F.);
#2226=ORIENTED_EDGE('',*,*,#1457,.F.);
#2227=ORIENTED_EDGE('',*,*,#1448,.F.);
#2228=ORIENTED_EDGE('',*,*,#1239,.F.);
#2229=ORIENTED_EDGE('',*,*,#1243,.F.);
#2230=ORIENTED_EDGE('',*,*,#1445,.F.);
#2231=ORIENTED_EDGE('',*,*,#1278,.F.);
#2232=ORIENTED_EDGE('',*,*,#1375,.F.);
#2233=ORIENTED_EDGE('',*,*,#1376,.F.);
#2234=ORIENTED_EDGE('',*,*,#1397,.F.);
#2235=ORIENTED_EDGE('',*,*,#1466,.F.);
#2236=ORIENTED_EDGE('',*,*,#1408,.F.);
#2237=ORIENTED_EDGE('',*,*,#1141,.F.);
#2238=ORIENTED_EDGE('',*,*,#1145,.F.);
#2239=ORIENTED_EDGE('',*,*,#1431,.F.);
#2240=ORIENTED_EDGE('',*,*,#1207,.F.);
#2241=ORIENTED_EDGE('',*,*,#1211,.F.);
#2242=ORIENTED_EDGE('',*,*,#1481,.T.);
#2243=ORIENTED_EDGE('',*,*,#1475,.F.);
#2244=ORIENTED_EDGE('',*,*,#1484,.F.);
#2245=ORIENTED_EDGE('',*,*,#1473,.F.);
#2246=ORIENTED_EDGE('',*,*,#1485,.F.);
#2247=ORIENTED_EDGE('',*,*,#1470,.T.);
#2248=ORIENTED_EDGE('',*,*,#1483,.F.);
#2249=ORIENTED_EDGE('',*,*,#1467,.T.);
#2250=ORIENTED_EDGE('',*,*,#1420,.T.);
#2251=ORIENTED_EDGE('',*,*,#1479,.T.);
#2252=ORIENTED_EDGE('',*,*,#1307,.F.);
#2253=ORIENTED_EDGE('',*,*,#1486,.T.);
#2254=ORIENTED_EDGE('',*,*,#1487,.T.);
#2255=ORIENTED_EDGE('',*,*,#1486,.F.);
#2256=ORIENTED_EDGE('',*,*,#1487,.F.);
#2257=ORIENTED_EDGE('',*,*,#1488,.F.);
#2258=ORIENTED_EDGE('',*,*,#1296,.T.);
#2259=ORIENTED_EDGE('',*,*,#1477,.T.);
#2260=ORIENTED_EDGE('',*,*,#1323,.F.);
#2261=ORIENTED_EDGE('',*,*,#1489,.T.);
#2262=ORIENTED_EDGE('',*,*,#1490,.T.);
#2263=ORIENTED_EDGE('',*,*,#1489,.F.);
#2264=ORIENTED_EDGE('',*,*,#1322,.F.);
#2265=ORIENTED_EDGE('',*,*,#1471,.T.);
#2266=ORIENTED_EDGE('',*,*,#1363,.T.);
#2267=ORIENTED_EDGE('',*,*,#1476,.T.);
#2268=ORIENTED_EDGE('',*,*,#1490,.F.);
#2269=ORIENTED_EDGE('',*,*,#1491,.F.);
#2270=ORIENTED_EDGE('',*,*,#1484,.T.);
#2271=ORIENTED_EDGE('',*,*,#1492,.T.);
#2272=ORIENTED_EDGE('',*,*,#1342,.T.);
#2273=ORIENTED_EDGE('',*,*,#1492,.F.);
#2274=ORIENTED_EDGE('',*,*,#1485,.T.);
#2275=ORIENTED_EDGE('',*,*,#1493,.T.);
#2276=ORIENTED_EDGE('',*,*,#1343,.T.);
#2277=ORIENTED_EDGE('',*,*,#1493,.F.);
#2278=ORIENTED_EDGE('',*,*,#1488,.T.);
#2279=ORIENTED_EDGE('',*,*,#1494,.T.);
#2280=ORIENTED_EDGE('',*,*,#1344,.T.);
#2281=ORIENTED_EDGE('',*,*,#1494,.F.);
#2282=ORIENTED_EDGE('',*,*,#1491,.T.);
#2283=ORIENTED_EDGE('',*,*,#1495,.T.);
#2284=ORIENTED_EDGE('',*,*,#1345,.T.);
#2285=ORIENTED_EDGE('',*,*,#1495,.F.);
#2286=B_SPLINE_SURFACE_WITH_KNOTS('',3,3,((#3235,#3236,#3237,#3238,#3239,
#3240,#3241,#3242,#3243),(#3244,#3245,#3246,#3247,#3248,#3249,#3250,#3251,
#3252),(#3253,#3254,#3255,#3256,#3257,#3258,#3259,#3260,#3261),(#3262,#3263,
#3264,#3265,#3266,#3267,#3268,#3269,#3270),(#3271,#3272,#3273,#3274,#3275,
#3276,#3277,#3278,#3279),(#3280,#3281,#3282,#3283,#3284,#3285,#3286,#3287,
#3288)),.UNSPECIFIED.,.F.,.F.,.F.,(4,1,1,4),(4,1,1,1,1,1,4),(0.,0.333333333333333,
0.666666666666667,1.),(0.,0.166666666666667,0.333333333333333,0.5,0.666666666666667,
0.833333333333333,1.),.UNSPECIFIED.);
#2287=B_SPLINE_SURFACE_WITH_KNOTS('',3,3,((#3328,#3329,#3330,#3331,#3332,
#3333),(#3334,#3335,#3336,#3337,#3338,#3339),(#3340,#3341,#3342,#3343,#3344,
#3345),(#3346,#3347,#3348,#3349,#3350,#3351),(#3352,#3353,#3354,#3355,#3356,
#3357),(#3358,#3359,#3360,#3361,#3362,#3363),(#3364,#3365,#3366,#3367,#3368,
#3369),(#3370,#3371,#3372,#3373,#3374,#3375),(#3376,#3377,#3378,#3379,#3380,
#3381)),.UNSPECIFIED.,.F.,.F.,.F.,(4,1,1,1,1,1,4),(4,1,1,4),(0.,0.166666666666667,
0.333333333333333,0.5,0.666666666666667,0.833333333333333,1.),(0.,0.333333333333333,
0.666666666666667,1.),.UNSPECIFIED.);
#2288=B_SPLINE_SURFACE_WITH_KNOTS('',3,3,((#3413,#3414,#3415,#3416,#3417,
#3418,#3419,#3420,#3421),(#3422,#3423,#3424,#3425,#3426,#3427,#3428,#3429,
#3430),(#3431,#3432,#3433,#3434,#3435,#3436,#3437,#3438,#3439),(#3440,#3441,
#3442,#3443,#3444,#3445,#3446,#3447,#3448),(#3449,#3450,#3451,#3452,#3453,
#3454,#3455,#3456,#3457),(#3458,#3459,#3460,#3461,#3462,#3463,#3464,#3465,
#3466)),.UNSPECIFIED.,.F.,.F.,.F.,(4,1,1,4),(4,1,1,1,1,1,4),(0.,0.333333333333333,
0.666666666666667,1.),(0.,0.166666666666667,0.333333333333333,0.5,0.666666666666667,
0.833333333333333,1.),.UNSPECIFIED.);
#2289=B_SPLINE_SURFACE_WITH_KNOTS('',3,3,((#3507,#3508,#3509,#3510,#3511,
#3512),(#3513,#3514,#3515,#3516,#3517,#3518),(#3519,#3520,#3521,#3522,#3523,
#3524),(#3525,#3526,#3527,#3528,#3529,#3530),(#3531,#3532,#3533,#3534,#3535,
#3536),(#3537,#3538,#3539,#3540,#3541,#3542),(#3543,#3544,#3545,#3546,#3547,
#3548),(#3549,#3550,#3551,#3552,#3553,#3554),(#3555,#3556,#3557,#3558,#3559,
#3560)),.UNSPECIFIED.,.F.,.F.,.F.,(4,1,1,1,1,1,4),(4,1,1,4),(0.,0.166666666666667,
0.333333333333333,0.5,0.666666666666667,0.833333333333333,1.),(0.,0.333333333333333,
0.666666666666667,1.),.UNSPECIFIED.);
#2290=B_SPLINE_SURFACE_WITH_KNOTS('',3,3,((#3601,#3602,#3603,#3604,#3605,
#3606,#3607,#3608,#3609),(#3610,#3611,#3612,#3613,#3614,#3615,#3616,#3617,
#3618),(#3619,#3620,#3621,#3622,#3623,#3624,#3625,#3626,#3627),(#3628,#3629,
#3630,#3631,#3632,#3633,#3634,#3635,#3636),(#3637,#3638,#3639,#3640,#3641,
#3642,#3643,#3644,#3645),(#3646,#3647,#3648,#3649,#3650,#3651,#3652,#3653,
#3654)),.UNSPECIFIED.,.F.,.F.,.F.,(4,1,1,4),(4,1,1,1,1,1,4),(0.,0.333333333333333,
0.666666666666667,1.),(0.,0.166666666666667,0.333333333333333,0.5,0.666666666666667,
0.833333333333333,1.),.UNSPECIFIED.);
#2291=B_SPLINE_SURFACE_WITH_KNOTS('',3,3,((#3686,#3687,#3688,#3689,#3690,
#3691,#3692,#3693),(#3694,#3695,#3696,#3697,#3698,#3699,#3700,#3701),(#3702,
#3703,#3704,#3705,#3706,#3707,#3708,#3709),(#3710,#3711,#3712,#3713,#3714,
#3715,#3716,#3717),(#3718,#3719,#3720,#3721,#3722,#3723,#3724,#3725),(#3726,
#3727,#3728,#3729,#3730,#3731,#3732,#3733)),.UNSPECIFIED.,.F.,.F.,.F.,(4,
1,1,4),(4,1,1,1,1,4),(0.,0.333333333333333,0.666666666666667,1.),(0.,0.2,
0.4,0.6,0.8,1.),.UNSPECIFIED.);
#2292=B_SPLINE_SURFACE_WITH_KNOTS('',3,3,((#3781,#3782,#3783,#3784,#3785,
#3786),(#3787,#3788,#3789,#3790,#3791,#3792),(#3793,#3794,#3795,#3796,#3797,
#3798),(#3799,#3800,#3801,#3802,#3803,#3804),(#3805,#3806,#3807,#3808,#3809,
#3810),(#3811,#3812,#3813,#3814,#3815,#3816),(#3817,#3818,#3819,#3820,#3821,
#3822),(#3823,#3824,#3825,#3826,#3827,#3828)),.UNSPECIFIED.,.F.,.F.,.F.,
(4,1,1,1,1,4),(4,1,1,4),(0.,0.2,0.4,0.6,0.8,1.),(0.,0.333333333333333,0.666666666666667,
1.),.UNSPECIFIED.);
#2293=B_SPLINE_SURFACE_WITH_KNOTS('',3,3,((#3868,#3869,#3870,#3871,#3872,
#3873,#3874,#3875),(#3876,#3877,#3878,#3879,#3880,#3881,#3882,#3883),(#3884,
#3885,#3886,#3887,#3888,#3889,#3890,#3891),(#3892,#3893,#3894,#3895,#3896,
#3897,#3898,#3899),(#3900,#3901,#3902,#3903,#3904,#3905,#3906,#3907),(#3908,
#3909,#3910,#3911,#3912,#3913,#3914,#3915)),.UNSPECIFIED.,.F.,.F.,.F.,(4,
1,1,4),(4,1,1,1,1,4),(0.,0.333333333333333,0.666666666666667,1.),(0.,0.2,
0.4,0.6,0.8,1.),.UNSPECIFIED.);
#2294=B_SPLINE_SURFACE_WITH_KNOTS('',3,3,((#3947,#3948,#3949,#3950,#3951,
#3952),(#3953,#3954,#3955,#3956,#3957,#3958),(#3959,#3960,#3961,#3962,#3963,
#3964),(#3965,#3966,#3967,#3968,#3969,#3970),(#3971,#3972,#3973,#3974,#3975,
#3976),(#3977,#3978,#3979,#3980,#3981,#3982),(#3983,#3984,#3985,#3986,#3987,
#3988),(#3989,#3990,#3991,#3992,#3993,#3994)),.UNSPECIFIED.,.F.,.F.,.F.,
(4,1,1,1,1,4),(4,1,1,4),(0.,0.2,0.4,0.6,0.8,1.),(0.,0.333333333333333,0.666666666666667,
1.),.UNSPECIFIED.);
#2295=B_SPLINE_SURFACE_WITH_KNOTS('',3,3,((#4028,#4029,#4030,#4031,#4032,
#4033,#4034,#4035),(#4036,#4037,#4038,#4039,#4040,#4041,#4042,#4043),(#4044,
#4045,#4046,#4047,#4048,#4049,#4050,#4051),(#4052,#4053,#4054,#4055,#4056,
#4057,#4058,#4059),(#4060,#4061,#4062,#4063,#4064,#4065,#4066,#4067),(#4068,
#4069,#4070,#4071,#4072,#4073,#4074,#4075)),.UNSPECIFIED.,.F.,.F.,.F.,(4,
1,1,4),(4,1,1,1,1,4),(0.,0.333333333333333,0.666666666666667,1.),(0.,0.2,
0.4,0.6,0.8,1.),.UNSPECIFIED.);
#2296=B_SPLINE_SURFACE_WITH_KNOTS('',3,3,((#4110,#4111,#4112,#4113,#4114,
#4115,#4116,#4117),(#4118,#4119,#4120,#4121,#4122,#4123,#4124,#4125),(#4126,
#4127,#4128,#4129,#4130,#4131,#4132,#4133),(#4134,#4135,#4136,#4137,#4138,
#4139,#4140,#4141),(#4142,#4143,#4144,#4145,#4146,#4147,#4148,#4149),(#4150,
#4151,#4152,#4153,#4154,#4155,#4156,#4157)),.UNSPECIFIED.,.F.,.F.,.F.,(4,
1,1,4),(4,1,1,1,1,4),(0.,0.333333333333333,0.666666666666667,1.),(0.,0.2,
0.4,0.6,0.8,1.),.UNSPECIFIED.);
#2297=B_SPLINE_SURFACE_WITH_KNOTS('',3,3,((#4193,#4194,#4195,#4196,#4197,
#4198),(#4199,#4200,#4201,#4202,#4203,#4204),(#4205,#4206,#4207,#4208,#4209,
#4210),(#4211,#4212,#4213,#4214,#4215,#4216),(#4217,#4218,#4219,#4220,#4221,
#4222),(#4223,#4224,#4225,#4226,#4227,#4228),(#4229,#4230,#4231,#4232,#4233,
#4234),(#4235,#4236,#4237,#4238,#4239,#4240)),.UNSPECIFIED.,.F.,.F.,.F.,
(4,1,1,1,1,4),(4,1,1,4),(0.,0.2,0.4,0.6,0.8,1.),(0.,0.333333333333333,0.666666666666667,
1.),.UNSPECIFIED.);
#2298=B_SPLINE_SURFACE_WITH_KNOTS('',3,3,((#4268,#4269,#4270,#4271,#4272,
#4273,#4274,#4275),(#4276,#4277,#4278,#4279,#4280,#4281,#4282,#4283),(#4284,
#4285,#4286,#4287,#4288,#4289,#4290,#4291),(#4292,#4293,#4294,#4295,#4296,
#4297,#4298,#4299),(#4300,#4301,#4302,#4303,#4304,#4305,#4306,#4307),(#4308,
#4309,#4310,#4311,#4312,#4313,#4314,#4315)),.UNSPECIFIED.,.F.,.F.,.F.,(4,
1,1,4),(4,1,1,1,1,4),(0.,0.333333333333333,0.666666666666667,1.),(0.,0.2,
0.4,0.6,0.8,1.),.UNSPECIFIED.);
#2299=B_SPLINE_SURFACE_WITH_KNOTS('',3,3,((#4356,#4357,#4358,#4359,#4360,
#4361),(#4362,#4363,#4364,#4365,#4366,#4367),(#4368,#4369,#4370,#4371,#4372,
#4373),(#4374,#4375,#4376,#4377,#4378,#4379),(#4380,#4381,#4382,#4383,#4384,
#4385),(#4386,#4387,#4388,#4389,#4390,#4391),(#4392,#4393,#4394,#4395,#4396,
#4397),(#4398,#4399,#4400,#4401,#4402,#4403)),.UNSPECIFIED.,.F.,.F.,.F.,
(4,1,1,1,1,4),(4,1,1,4),(0.,0.2,0.4,0.6,0.8,1.),(0.,0.333333333333333,0.666666666666667,
1.),.UNSPECIFIED.);
#2300=B_SPLINE_SURFACE_WITH_KNOTS('',3,3,((#4443,#4444,#4445,#4446,#4447,
#4448,#4449,#4450),(#4451,#4452,#4453,#4454,#4455,#4456,#4457,#4458),(#4459,
#4460,#4461,#4462,#4463,#4464,#4465,#4466),(#4467,#4468,#4469,#4470,#4471,
#4472,#4473,#4474),(#4475,#4476,#4477,#4478,#4479,#4480,#4481,#4482),(#4483,
#4484,#4485,#4486,#4487,#4488,#4489,#4490)),.UNSPECIFIED.,.F.,.F.,.F.,(4,
1,1,4),(4,1,1,1,1,4),(0.,0.333333333333333,0.666666666666667,1.),(0.,0.2,
0.4,0.6,0.8,1.),.UNSPECIFIED.);
#2301=B_SPLINE_SURFACE_WITH_KNOTS('',3,3,((#4522,#4523,#4524,#4525,#4526,
#4527,#4528,#4529,#4530),(#4531,#4532,#4533,#4534,#4535,#4536,#4537,#4538,
#4539),(#4540,#4541,#4542,#4543,#4544,#4545,#4546,#4547,#4548),(#4549,#4550,
#4551,#4552,#4553,#4554,#4555,#4556,#4557),(#4558,#4559,#4560,#4561,#4562,
#4563,#4564,#4565,#4566),(#4567,#4568,#4569,#4570,#4571,#4572,#4573,#4574,
#4575)),.UNSPECIFIED.,.F.,.F.,.F.,(4,1,1,4),(4,1,1,1,1,1,4),(0.,0.333333333333333,
0.666666666666667,1.),(0.,0.166666666666667,0.333333333333333,0.5,0.666666666666667,
0.833333333333333,1.),.UNSPECIFIED.);
#2302=B_SPLINE_SURFACE_WITH_KNOTS('',3,3,((#4621,#4622,#4623,#4624,#4625,
#4626),(#4627,#4628,#4629,#4630,#4631,#4632),(#4633,#4634,#4635,#4636,#4637,
#4638),(#4639,#4640,#4641,#4642,#4643,#4644),(#4645,#4646,#4647,#4648,#4649,
#4650),(#4651,#4652,#4653,#4654,#4655,#4656),(#4657,#4658,#4659,#4660,#4661,
#4662),(#4663,#4664,#4665,#4666,#4667,#4668),(#4669,#4670,#4671,#4672,#4673,
#4674)),.UNSPECIFIED.,.F.,.F.,.F.,(4,1,1,1,1,1,4),(4,1,1,4),(0.,0.166666666666667,
0.333333333333333,0.5,0.666666666666667,0.833333333333333,1.),(0.,0.333333333333333,
0.666666666666667,1.),.UNSPECIFIED.);
#2303=B_SPLINE_SURFACE_WITH_KNOTS('',3,3,((#4712,#4713,#4714,#4715,#4716,
#4717,#4718,#4719,#4720),(#4721,#4722,#4723,#4724,#4725,#4726,#4727,#4728,
#4729),(#4730,#4731,#4732,#4733,#4734,#4735,#4736,#4737,#4738),(#4739,#4740,
#4741,#4742,#4743,#4744,#4745,#4746,#4747),(#4748,#4749,#4750,#4751,#4752,
#4753,#4754,#4755,#4756),(#4757,#4758,#4759,#4760,#4761,#4762,#4763,#4764,
#4765)),.UNSPECIFIED.,.F.,.F.,.F.,(4,1,1,4),(4,1,1,1,1,1,4),(0.,0.333333333333333,
0.666666666666667,1.),(0.,0.166666666666667,0.333333333333333,0.5,0.666666666666667,
0.833333333333333,1.),.UNSPECIFIED.);
#2304=B_SPLINE_SURFACE_WITH_KNOTS('',3,3,((#4800,#4801,#4802,#4803,#4804,
#4805),(#4806,#4807,#4808,#4809,#4810,#4811),(#4812,#4813,#4814,#4815,#4816,
#4817),(#4818,#4819,#4820,#4821,#4822,#4823),(#4824,#4825,#4826,#4827,#4828,
#4829),(#4830,#4831,#4832,#4833,#4834,#4835),(#4836,#4837,#4838,#4839,#4840,
#4841),(#4842,#4843,#4844,#4845,#4846,#4847),(#4848,#4849,#4850,#4851,#4852,
#4853)),.UNSPECIFIED.,.F.,.F.,.F.,(4,1,1,1,1,1,4),(4,1,1,4),(0.,0.166666666666667,
0.333333333333333,0.5,0.666666666666667,0.833333333333333,1.),(0.,0.333333333333333,
0.666666666666667,1.),.UNSPECIFIED.);
#2305=B_SPLINE_SURFACE_WITH_KNOTS('',3,3,((#4894,#4895,#4896,#4897,#4898,
#4899,#4900,#4901,#4902),(#4903,#4904,#4905,#4906,#4907,#4908,#4909,#4910,
#4911),(#4912,#4913,#4914,#4915,#4916,#4917,#4918,#4919,#4920),(#4921,#4922,
#4923,#4924,#4925,#4926,#4927,#4928,#4929),(#4930,#4931,#4932,#4933,#4934,
#4935,#4936,#4937,#4938),(#4939,#4940,#4941,#4942,#4943,#4944,#4945,#4946,
#4947)),.UNSPECIFIED.,.F.,.F.,.F.,(4,1,1,4),(4,1,1,1,1,1,4),(0.,0.333333333333333,
0.666666666666667,1.),(0.,0.166666666666667,0.333333333333333,0.5,0.666666666666667,
0.833333333333333,1.),.UNSPECIFIED.);
#2306=B_SPLINE_SURFACE_WITH_KNOTS('',3,3,((#4979,#4980,#4981,#4982,#4983,
#4984,#4985,#4986),(#4987,#4988,#4989,#4990,#4991,#4992,#4993,#4994),(#4995,
#4996,#4997,#4998,#4999,#5000,#5001,#5002),(#5003,#5004,#5005,#5006,#5007,
#5008,#5009,#5010),(#5011,#5012,#5013,#5014,#5015,#5016,#5017,#5018),(#5019,
#5020,#5021,#5022,#5023,#5024,#5025,#5026)),.UNSPECIFIED.,.F.,.F.,.F.,(4,
1,1,4),(4,1,1,1,1,4),(0.,0.333333333333333,0.666666666666667,1.),(0.,0.2,
0.4,0.6,0.8,1.),.UNSPECIFIED.);
#2307=B_SPLINE_SURFACE_WITH_KNOTS('',3,3,((#5071,#5072,#5073,#5074,#5075,
#5076),(#5077,#5078,#5079,#5080,#5081,#5082),(#5083,#5084,#5085,#5086,#5087,
#5088),(#5089,#5090,#5091,#5092,#5093,#5094),(#5095,#5096,#5097,#5098,#5099,
#5100),(#5101,#5102,#5103,#5104,#5105,#5106),(#5107,#5108,#5109,#5110,#5111,
#5112),(#5113,#5114,#5115,#5116,#5117,#5118)),.UNSPECIFIED.,.F.,.F.,.F.,
(4,1,1,1,1,4),(4,1,1,4),(0.,0.2,0.4,0.6,0.8,1.),(0.,0.333333333333333,0.666666666666667,
1.),.UNSPECIFIED.);
#2308=B_SPLINE_SURFACE_WITH_KNOTS('',3,3,((#5158,#5159,#5160,#5161,#5162,
#5163,#5164,#5165),(#5166,#5167,#5168,#5169,#5170,#5171,#5172,#5173),(#5174,
#5175,#5176,#5177,#5178,#5179,#5180,#5181),(#5182,#5183,#5184,#5185,#5186,
#5187,#5188,#5189),(#5190,#5191,#5192,#5193,#5194,#5195,#5196,#5197),(#5198,
#5199,#5200,#5201,#5202,#5203,#5204,#5205)),.UNSPECIFIED.,.F.,.F.,.F.,(4,
1,1,4),(4,1,1,1,1,4),(0.,0.333333333333333,0.666666666666667,1.),(0.,0.2,
0.4,0.6,0.8,1.),.UNSPECIFIED.);
#2309=B_SPLINE_SURFACE_WITH_KNOTS('',3,3,((#5243,#5244,#5245,#5246,#5247,
#5248),(#5249,#5250,#5251,#5252,#5253,#5254),(#5255,#5256,#5257,#5258,#5259,
#5260),(#5261,#5262,#5263,#5264,#5265,#5266),(#5267,#5268,#5269,#5270,#5271,
#5272),(#5273,#5274,#5275,#5276,#5277,#5278),(#5279,#5280,#5281,#5282,#5283,
#5284),(#5285,#5286,#5287,#5288,#5289,#5290)),.UNSPECIFIED.,.F.,.F.,.F.,
(4,1,1,1,1,4),(4,1,1,4),(0.,0.2,0.4,0.6,0.8,1.),(0.,0.333333333333333,0.666666666666667,
1.),.UNSPECIFIED.);
#2310=B_SPLINE_SURFACE_WITH_KNOTS('',3,3,((#5327,#5328,#5329,#5330,#5331,
#5332,#5333,#5334),(#5335,#5336,#5337,#5338,#5339,#5340,#5341,#5342),(#5343,
#5344,#5345,#5346,#5347,#5348,#5349,#5350),(#5351,#5352,#5353,#5354,#5355,
#5356,#5357,#5358),(#5359,#5360,#5361,#5362,#5363,#5364,#5365,#5366),(#5367,
#5368,#5369,#5370,#5371,#5372,#5373,#5374)),.UNSPECIFIED.,.F.,.F.,.F.,(4,
1,1,4),(4,1,1,1,1,4),(0.,0.333333333333333,0.666666666666667,1.),(0.,0.2,
0.4,0.6,0.8,1.),.UNSPECIFIED.);
#2311=B_SPLINE_SURFACE_WITH_KNOTS('',3,3,((#5406,#5407,#5408,#5409,#5410,
#5411,#5412,#5413,#5414,#5415),(#5416,#5417,#5418,#5419,#5420,#5421,#5422,
#5423,#5424,#5425),(#5426,#5427,#5428,#5429,#5430,#5431,#5432,#5433,#5434,
#5435),(#5436,#5437,#5438,#5439,#5440,#5441,#5442,#5443,#5444,#5445),(#5446,
#5447,#5448,#5449,#5450,#5451,#5452,#5453,#5454,#5455),(#5456,#5457,#5458,
#5459,#5460,#5461,#5462,#5463,#5464,#5465),(#5466,#5467,#5468,#5469,#5470,
#5471,#5472,#5473,#5474,#5475)),.UNSPECIFIED.,.F.,.F.,.F.,(4,1,1,1,4),(4,
1,1,1,1,1,1,4),(0.,0.25,0.5,0.75,1.),(0.,0.142857142857143,0.285714285714286,
0.428571428571429,0.571428571428571,0.714285714285714,0.857142857142857,
1.),.UNSPECIFIED.);
#2312=B_SPLINE_SURFACE_WITH_KNOTS('',3,3,((#5511,#5512,#5513,#5514,#5515,
#5516,#5517),(#5518,#5519,#5520,#5521,#5522,#5523,#5524),(#5525,#5526,#5527,
#5528,#5529,#5530,#5531),(#5532,#5533,#5534,#5535,#5536,#5537,#5538),(#5539,
#5540,#5541,#5542,#5543,#5544,#5545),(#5546,#5547,#5548,#5549,#5550,#5551,
#5552),(#5553,#5554,#5555,#5556,#5557,#5558,#5559),(#5560,#5561,#5562,#5563,
#5564,#5565,#5566),(#5567,#5568,#5569,#5570,#5571,#5572,#5573),(#5574,#5575,
#5576,#5577,#5578,#5579,#5580)),.UNSPECIFIED.,.F.,.F.,.F.,(4,1,1,1,1,1,
1,4),(4,1,1,1,4),(0.,0.142857142857143,0.285714285714286,0.428571428571429,
0.571428571428571,0.714285714285714,0.857142857142857,1.),(0.,0.25,0.5,
0.75,1.),.UNSPECIFIED.);
#2313=B_SPLINE_SURFACE_WITH_KNOTS('',3,3,((#5607,#5608,#5609,#5610,#5611,
#5612,#5613,#5614,#5615,#5616),(#5617,#5618,#5619,#5620,#5621,#5622,#5623,
#5624,#5625,#5626),(#5627,#5628,#5629,#5630,#5631,#5632,#5633,#5634,#5635,
#5636),(#5637,#5638,#5639,#5640,#5641,#5642,#5643,#5644,#5645,#5646),(#5647,
#5648,#5649,#5650,#5651,#5652,#5653,#5654,#5655,#5656),(#5657,#5658,#5659,
#5660,#5661,#5662,#5663,#5664,#5665,#5666),(#5667,#5668,#5669,#5670,#5671,
#5672,#5673,#5674,#5675,#5676)),.UNSPECIFIED.,.F.,.F.,.F.,(4,1,1,1,4),(4,
1,1,1,1,1,1,4),(0.,0.25,0.5,0.75,1.),(0.,0.142857142857143,0.285714285714286,
0.428571428571429,0.571428571428571,0.714285714285714,0.857142857142857,
1.),.UNSPECIFIED.);
#2314=B_SPLINE_SURFACE_WITH_KNOTS('',3,3,((#5709,#5710,#5711,#5712,#5713,
#5714,#5715),(#5716,#5717,#5718,#5719,#5720,#5721,#5722),(#5723,#5724,#5725,
#5726,#5727,#5728,#5729),(#5730,#5731,#5732,#5733,#5734,#5735,#5736),(#5737,
#5738,#5739,#5740,#5741,#5742,#5743),(#5744,#5745,#5746,#5747,#5748,#5749,
#5750),(#5751,#5752,#5753,#5754,#5755,#5756,#5757),(#5758,#5759,#5760,#5761,
#5762,#5763,#5764),(#5765,#5766,#5767,#5768,#5769,#5770,#5771),(#5772,#5773,
#5774,#5775,#5776,#5777,#5778)),.UNSPECIFIED.,.F.,.F.,.F.,(4,1,1,1,1,1,
1,4),(4,1,1,1,4),(0.,0.142857142857143,0.285714285714286,0.428571428571429,
0.571428571428571,0.714285714285714,0.857142857142857,1.),(0.,0.25,0.5,
0.75,1.),.UNSPECIFIED.);
#2315=B_SPLINE_SURFACE_WITH_KNOTS('',3,3,((#5811,#5812,#5813,#5814,#5815,
#5816,#5817,#5818,#5819,#5820),(#5821,#5822,#5823,#5824,#5825,#5826,#5827,
#5828,#5829,#5830),(#5831,#5832,#5833,#5834,#5835,#5836,#5837,#5838,#5839,
#5840),(#5841,#5842,#5843,#5844,#5845,#5846,#5847,#5848,#5849,#5850),(#5851,
#5852,#5853,#5854,#5855,#5856,#5857,#5858,#5859,#5860),(#5861,#5862,#5863,
#5864,#5865,#5866,#5867,#5868,#5869,#5870),(#5871,#5872,#5873,#5874,#5875,
#5876,#5877,#5878,#5879,#5880)),.UNSPECIFIED.,.F.,.F.,.F.,(4,1,1,1,4),(4,
1,1,1,1,1,1,4),(0.,0.25,0.5,0.75,1.),(0.,0.142857142857143,0.285714285714286,
0.428571428571429,0.571428571428571,0.714285714285714,0.857142857142857,
1.),.UNSPECIFIED.);
#2316=B_SPLINE_SURFACE_WITH_KNOTS('',3,3,((#5922,#5923,#5924,#5925,#5926,
#5927,#5928),(#5929,#5930,#5931,#5932,#5933,#5934,#5935),(#5936,#5937,#5938,
#5939,#5940,#5941,#5942),(#5943,#5944,#5945,#5946,#5947,#5948,#5949),(#5950,
#5951,#5952,#5953,#5954,#5955,#5956),(#5957,#5958,#5959,#5960,#5961,#5962,
#5963),(#5964,#5965,#5966,#5967,#5968,#5969,#5970),(#5971,#5972,#5973,#5974,
#5975,#5976,#5977),(#5978,#5979,#5980,#5981,#5982,#5983,#5984),(#5985,#5986,
#5987,#5988,#5989,#5990,#5991)),.UNSPECIFIED.,.F.,.F.,.F.,(4,1,1,1,1,1,
1,4),(4,1,1,1,4),(0.,0.142857142857143,0.285714285714286,0.428571428571429,
0.571428571428571,0.714285714285714,0.857142857142857,1.),(0.,0.25,0.5,
0.75,1.),.UNSPECIFIED.);
#2317=B_SPLINE_SURFACE_WITH_KNOTS('',3,3,((#6036,#6037,#6038,#6039,#6040,
#6041,#6042,#6043,#6044,#6045),(#6046,#6047,#6048,#6049,#6050,#6051,#6052,
#6053,#6054,#6055),(#6056,#6057,#6058,#6059,#6060,#6061,#6062,#6063,#6064,
#6065),(#6066,#6067,#6068,#6069,#6070,#6071,#6072,#6073,#6074,#6075),(#6076,
#6077,#6078,#6079,#6080,#6081,#6082,#6083,#6084,#6085),(#6086,#6087,#6088,
#6089,#6090,#6091,#6092,#6093,#6094,#6095),(#6096,#6097,#6098,#6099,#6100,
#6101,#6102,#6103,#6104,#6105)),.UNSPECIFIED.,.F.,.F.,.F.,(4,1,1,1,4),(4,
1,1,1,1,1,1,4),(0.,0.25,0.5,0.75,1.),(0.,0.142857142857143,0.285714285714286,
0.428571428571429,0.571428571428571,0.714285714285714,0.857142857142857,
1.),.UNSPECIFIED.);
#2318=B_SPLINE_SURFACE_WITH_KNOTS('',3,3,((#6135,#6136,#6137,#6138,#6139,
#6140,#6141),(#6142,#6143,#6144,#6145,#6146,#6147,#6148),(#6149,#6150,#6151,
#6152,#6153,#6154,#6155),(#6156,#6157,#6158,#6159,#6160,#6161,#6162),(#6163,
#6164,#6165,#6166,#6167,#6168,#6169),(#6170,#6171,#6172,#6173,#6174,#6175,
#6176),(#6177,#6178,#6179,#6180,#6181,#6182,#6183),(#6184,#6185,#6186,#6187,
#6188,#6189,#6190),(#6191,#6192,#6193,#6194,#6195,#6196,#6197),(#6198,#6199,
#6200,#6201,#6202,#6203,#6204)),.UNSPECIFIED.,.F.,.F.,.F.,(4,1,1,1,1,1,
1,4),(4,1,1,1,4),(0.,0.142857142857143,0.285714285714286,0.428571428571429,
0.571428571428571,0.714285714285714,0.857142857142857,1.),(0.,0.25,0.5,
0.75,1.),.UNSPECIFIED.);
#2319=B_SPLINE_SURFACE_WITH_KNOTS('',3,3,((#6240,#6241,#6242,#6243,#6244,
#6245,#6246,#6247,#6248,#6249),(#6250,#6251,#6252,#6253,#6254,#6255,#6256,
#6257,#6258,#6259),(#6260,#6261,#6262,#6263,#6264,#6265,#6266,#6267,#6268,
#6269),(#6270,#6271,#6272,#6273,#6274,#6275,#6276,#6277,#6278,#6279),(#6280,
#6281,#6282,#6283,#6284,#6285,#6286,#6287,#6288,#6289),(#6290,#6291,#6292,
#6293,#6294,#6295,#6296,#6297,#6298,#6299),(#6300,#6301,#6302,#6303,#6304,
#6305,#6306,#6307,#6308,#6309)),.UNSPECIFIED.,.F.,.F.,.F.,(4,1,1,1,4),(4,
1,1,1,1,1,1,4),(0.,0.25,0.5,0.75,1.),(0.,0.142857142857143,0.285714285714286,
0.428571428571429,0.571428571428571,0.714285714285714,0.857142857142857,
1.),.UNSPECIFIED.);
#2320=B_SPLINE_SURFACE_WITH_KNOTS('',3,3,((#6333,#6334,#6335,#6336,#6337,
#6338,#6339),(#6340,#6341,#6342,#6343,#6344,#6345,#6346),(#6347,#6348,#6349,
#6350,#6351,#6352,#6353),(#6354,#6355,#6356,#6357,#6358,#6359,#6360),(#6361,
#6362,#6363,#6364,#6365,#6366,#6367),(#6368,#6369,#6370,#6371,#6372,#6373,
#6374),(#6375,#6376,#6377,#6378,#6379,#6380,#6381),(#6382,#6383,#6384,#6385,
#6386,#6387,#6388),(#6389,#6390,#6391,#6392,#6393,#6394,#6395)),
 .UNSPECIFIED.,.F.,.F.,.F.,(4,1,1,1,1,1,4),(4,1,1,1,4),(0.,0.166666666666667,
0.333333333333333,0.5,0.666666666666667,0.833333333333333,1.),(0.,0.25,
0.5,0.75,1.),.UNSPECIFIED.);
#2321=B_SPLINE_SURFACE_WITH_KNOTS('',3,3,((#6421,#6422,#6423,#6424,#6425,
#6426,#6427,#6428,#6429),(#6430,#6431,#6432,#6433,#6434,#6435,#6436,#6437,
#6438),(#6439,#6440,#6441,#6442,#6443,#6444,#6445,#6446,#6447),(#6448,#6449,
#6450,#6451,#6452,#6453,#6454,#6455,#6456),(#6457,#6458,#6459,#6460,#6461,
#6462,#6463,#6464,#6465),(#6466,#6467,#6468,#6469,#6470,#6471,#6472,#6473,
#6474),(#6475,#6476,#6477,#6478,#6479,#6480,#6481,#6482,#6483)),
 .UNSPECIFIED.,.F.,.F.,.F.,(4,1,1,1,4),(4,1,1,1,1,1,4),(0.,0.25,0.5,0.75,
1.),(0.,0.166666666666667,0.333333333333333,0.5,0.666666666666667,0.833333333333333,
1.),.UNSPECIFIED.);
#2322=B_SPLINE_SURFACE_WITH_KNOTS('',3,3,((#6516,#6517,#6518,#6519,#6520,
#6521,#6522,#6523,#6524),(#6525,#6526,#6527,#6528,#6529,#6530,#6531,#6532,
#6533),(#6534,#6535,#6536,#6537,#6538,#6539,#6540,#6541,#6542),(#6543,#6544,
#6545,#6546,#6547,#6548,#6549,#6550,#6551),(#6552,#6553,#6554,#6555,#6556,
#6557,#6558,#6559,#6560),(#6561,#6562,#6563,#6564,#6565,#6566,#6567,#6568,
#6569)),.UNSPECIFIED.,.F.,.F.,.F.,(4,1,1,4),(4,1,1,1,1,1,4),(0.,0.333333333333333,
0.666666666666667,1.),(0.,0.166666666666667,0.333333333333333,0.5,0.666666666666667,
0.833333333333333,1.),.UNSPECIFIED.);
#2323=B_SPLINE_SURFACE_WITH_KNOTS('',3,3,((#6615,#6616,#6617,#6618,#6619,
#6620),(#6621,#6622,#6623,#6624,#6625,#6626),(#6627,#6628,#6629,#6630,#6631,
#6632),(#6633,#6634,#6635,#6636,#6637,#6638),(#6639,#6640,#6641,#6642,#6643,
#6644),(#6645,#6646,#6647,#6648,#6649,#6650),(#6651,#6652,#6653,#6654,#6655,
#6656),(#6657,#6658,#6659,#6660,#6661,#6662),(#6663,#6664,#6665,#6666,#6667,
#6668)),.UNSPECIFIED.,.F.,.F.,.F.,(4,1,1,1,1,1,4),(4,1,1,4),(0.,0.166666666666667,
0.333333333333333,0.5,0.666666666666667,0.833333333333333,1.),(0.,0.333333333333333,
0.666666666666667,1.),.UNSPECIFIED.);
#2324=B_SPLINE_SURFACE_WITH_KNOTS('',3,3,((#6706,#6707,#6708,#6709,#6710,
#6711,#6712,#6713,#6714),(#6715,#6716,#6717,#6718,#6719,#6720,#6721,#6722,
#6723),(#6724,#6725,#6726,#6727,#6728,#6729,#6730,#6731,#6732),(#6733,#6734,
#6735,#6736,#6737,#6738,#6739,#6740,#6741),(#6742,#6743,#6744,#6745,#6746,
#6747,#6748,#6749,#6750),(#6751,#6752,#6753,#6754,#6755,#6756,#6757,#6758,
#6759)),.UNSPECIFIED.,.F.,.F.,.F.,(4,1,1,4),(4,1,1,1,1,1,4),(0.,0.333333333333333,
0.666666666666667,1.),(0.,0.166666666666667,0.333333333333333,0.5,0.666666666666667,
0.833333333333333,1.),.UNSPECIFIED.);
#2325=B_SPLINE_SURFACE_WITH_KNOTS('',3,3,((#6794,#6795,#6796,#6797,#6798,
#6799),(#6800,#6801,#6802,#6803,#6804,#6805),(#6806,#6807,#6808,#6809,#6810,
#6811),(#6812,#6813,#6814,#6815,#6816,#6817),(#6818,#6819,#6820,#6821,#6822,
#6823),(#6824,#6825,#6826,#6827,#6828,#6829),(#6830,#6831,#6832,#6833,#6834,
#6835),(#6836,#6837,#6838,#6839,#6840,#6841),(#6842,#6843,#6844,#6845,#6846,
#6847)),.UNSPECIFIED.,.F.,.F.,.F.,(4,1,1,1,1,1,4),(4,1,1,4),(0.,0.166666666666667,
0.333333333333333,0.5,0.666666666666667,0.833333333333333,1.),(0.,0.333333333333333,
0.666666666666667,1.),.UNSPECIFIED.);
#2326=B_SPLINE_SURFACE_WITH_KNOTS('',3,3,((#6888,#6889,#6890,#6891,#6892,
#6893,#6894,#6895,#6896),(#6897,#6898,#6899,#6900,#6901,#6902,#6903,#6904,
#6905),(#6906,#6907,#6908,#6909,#6910,#6911,#6912,#6913,#6914),(#6915,#6916,
#6917,#6918,#6919,#6920,#6921,#6922,#6923),(#6924,#6925,#6926,#6927,#6928,
#6929,#6930,#6931,#6932),(#6933,#6934,#6935,#6936,#6937,#6938,#6939,#6940,
#6941)),.UNSPECIFIED.,.F.,.F.,.F.,(4,1,1,4),(4,1,1,1,1,1,4),(0.,0.333333333333333,
0.666666666666667,1.),(0.,0.166666666666667,0.333333333333333,0.5,0.666666666666667,
0.833333333333333,1.),.UNSPECIFIED.);
#2327=B_SPLINE_SURFACE_WITH_KNOTS('',3,3,((#6973,#6974,#6975,#6976,#6977,
#6978,#6979,#6980,#6981),(#6982,#6983,#6984,#6985,#6986,#6987,#6988,#6989,
#6990),(#6991,#6992,#6993,#6994,#6995,#6996,#6997,#6998,#6999),(#7000,#7001,
#7002,#7003,#7004,#7005,#7006,#7007,#7008),(#7009,#7010,#7011,#7012,#7013,
#7014,#7015,#7016,#7017),(#7018,#7019,#7020,#7021,#7022,#7023,#7024,#7025,
#7026)),.UNSPECIFIED.,.F.,.F.,.F.,(4,1,1,4),(4,1,1,1,1,1,4),(0.,0.333333333333333,
0.666666666666667,1.),(0.,0.166666666666667,0.333333333333333,0.5,0.666666666666667,
0.833333333333333,1.),.UNSPECIFIED.);
#2328=B_SPLINE_SURFACE_WITH_KNOTS('',3,3,((#7075,#7076,#7077,#7078,#7079,
#7080),(#7081,#7082,#7083,#7084,#7085,#7086),(#7087,#7088,#7089,#7090,#7091,
#7092),(#7093,#7094,#7095,#7096,#7097,#7098),(#7099,#7100,#7101,#7102,#7103,
#7104),(#7105,#7106,#7107,#7108,#7109,#7110),(#7111,#7112,#7113,#7114,#7115,
#7116),(#7117,#7118,#7119,#7120,#7121,#7122),(#7123,#7124,#7125,#7126,#7127,
#7128)),.UNSPECIFIED.,.F.,.F.,.F.,(4,1,1,1,1,1,4),(4,1,1,4),(0.,0.166666666666667,
0.333333333333333,0.5,0.666666666666667,0.833333333333333,1.),(0.,0.333333333333333,
0.666666666666667,1.),.UNSPECIFIED.);
#2329=B_SPLINE_SURFACE_WITH_KNOTS('',3,3,((#7169,#7170,#7171,#7172,#7173,
#7174,#7175,#7176,#7177),(#7178,#7179,#7180,#7181,#7182,#7183,#7184,#7185,
#7186),(#7187,#7188,#7189,#7190,#7191,#7192,#7193,#7194,#7195),(#7196,#7197,
#7198,#7199,#7200,#7201,#7202,#7203,#7204),(#7205,#7206,#7207,#7208,#7209,
#7210,#7211,#7212,#7213),(#7214,#7215,#7216,#7217,#7218,#7219,#7220,#7221,
#7222)),.UNSPECIFIED.,.F.,.F.,.F.,(4,1,1,4),(4,1,1,1,1,1,4),(0.,0.333333333333333,
0.666666666666667,1.),(0.,0.166666666666667,0.333333333333333,0.5,0.666666666666667,
0.833333333333333,1.),.UNSPECIFIED.);
#2330=B_SPLINE_SURFACE_WITH_KNOTS('',3,3,((#7251,#7252,#7253,#7254,#7255,
#7256),(#7257,#7258,#7259,#7260,#7261,#7262),(#7263,#7264,#7265,#7266,#7267,
#7268),(#7269,#7270,#7271,#7272,#7273,#7274),(#7275,#7276,#7277,#7278,#7279,
#7280),(#7281,#7282,#7283,#7284,#7285,#7286),(#7287,#7288,#7289,#7290,#7291,
#7292),(#7293,#7294,#7295,#7296,#7297,#7298)),.UNSPECIFIED.,.F.,.F.,.F.,
(4,1,1,1,1,4),(4,1,1,4),(0.,0.2,0.4,0.6,0.8,1.),(0.,0.333333333333333,0.666666666666667,
1.),.UNSPECIFIED.);
#2331=B_SPLINE_SURFACE_WITH_KNOTS('',3,3,((#7326,#7327,#7328,#7329,#7330,
#7331,#7332,#7333),(#7334,#7335,#7336,#7337,#7338,#7339,#7340,#7341),(#7342,
#7343,#7344,#7345,#7346,#7347,#7348,#7349),(#7350,#7351,#7352,#7353,#7354,
#7355,#7356,#7357),(#7358,#7359,#7360,#7361,#7362,#7363,#7364,#7365),(#7366,
#7367,#7368,#7369,#7370,#7371,#7372,#7373)),.UNSPECIFIED.,.F.,.F.,.F.,(4,
1,1,4),(4,1,1,1,1,4),(0.,0.333333333333333,0.666666666666667,1.),(0.,0.2,
0.4,0.6,0.8,1.),.UNSPECIFIED.);
#2332=B_SPLINE_SURFACE_WITH_KNOTS('',3,3,((#7405,#7406,#7407,#7408,#7409,
#7410,#7411,#7412),(#7413,#7414,#7415,#7416,#7417,#7418,#7419,#7420),(#7421,
#7422,#7423,#7424,#7425,#7426,#7427,#7428),(#7429,#7430,#7431,#7432,#7433,
#7434,#7435,#7436),(#7437,#7438,#7439,#7440,#7441,#7442,#7443,#7444),(#7445,
#7446,#7447,#7448,#7449,#7450,#7451,#7452)),.UNSPECIFIED.,.F.,.F.,.F.,(4,
1,1,4),(4,1,1,1,1,4),(0.,0.333333333333333,0.666666666666667,1.),(0.,0.2,
0.4,0.6,0.8,1.),.UNSPECIFIED.);
#2333=B_SPLINE_SURFACE_WITH_KNOTS('',3,3,((#7497,#7498,#7499,#7500,#7501,
#7502),(#7503,#7504,#7505,#7506,#7507,#7508),(#7509,#7510,#7511,#7512,#7513,
#7514),(#7515,#7516,#7517,#7518,#7519,#7520),(#7521,#7522,#7523,#7524,#7525,
#7526),(#7527,#7528,#7529,#7530,#7531,#7532),(#7533,#7534,#7535,#7536,#7537,
#7538),(#7539,#7540,#7541,#7542,#7543,#7544)),.UNSPECIFIED.,.F.,.F.,.F.,
(4,1,1,1,1,4),(4,1,1,4),(0.,0.2,0.4,0.6,0.8,1.),(0.,0.333333333333333,0.666666666666667,
1.),.UNSPECIFIED.);
#2334=B_SPLINE_SURFACE_WITH_KNOTS('',3,3,((#7584,#7585,#7586,#7587,#7588,
#7589,#7590,#7591),(#7592,#7593,#7594,#7595,#7596,#7597,#7598,#7599),(#7600,
#7601,#7602,#7603,#7604,#7605,#7606,#7607),(#7608,#7609,#7610,#7611,#7612,
#7613,#7614,#7615),(#7616,#7617,#7618,#7619,#7620,#7621,#7622,#7623),(#7624,
#7625,#7626,#7627,#7628,#7629,#7630,#7631)),.UNSPECIFIED.,.F.,.F.,.F.,(4,
1,1,4),(4,1,1,1,1,4),(0.,0.333333333333333,0.666666666666667,1.),(0.,0.2,
0.4,0.6,0.8,1.),.UNSPECIFIED.);
#2335=B_SPLINE_SURFACE_WITH_KNOTS('',3,3,((#7669,#7670,#7671,#7672,#7673,
#7674),(#7675,#7676,#7677,#7678,#7679,#7680),(#7681,#7682,#7683,#7684,#7685,
#7686),(#7687,#7688,#7689,#7690,#7691,#7692),(#7693,#7694,#7695,#7696,#7697,
#7698),(#7699,#7700,#7701,#7702,#7703,#7704),(#7705,#7706,#7707,#7708,#7709,
#7710),(#7711,#7712,#7713,#7714,#7715,#7716)),.UNSPECIFIED.,.F.,.F.,.F.,
(4,1,1,1,1,4),(4,1,1,4),(0.,0.2,0.4,0.6,0.8,1.),(0.,0.333333333333333,0.666666666666667,
1.),.UNSPECIFIED.);
#2336=B_SPLINE_SURFACE_WITH_KNOTS('',3,3,((#7753,#7754,#7755,#7756,#7757,
#7758,#7759,#7760),(#7761,#7762,#7763,#7764,#7765,#7766,#7767,#7768),(#7769,
#7770,#7771,#7772,#7773,#7774,#7775,#7776),(#7777,#7778,#7779,#7780,#7781,
#7782,#7783,#7784),(#7785,#7786,#7787,#7788,#7789,#7790,#7791,#7792),(#7793,
#7794,#7795,#7796,#7797,#7798,#7799,#7800)),.UNSPECIFIED.,.F.,.F.,.F.,(4,
1,1,4),(4,1,1,1,1,4),(0.,0.333333333333333,0.666666666666667,1.),(0.,0.2,
0.4,0.6,0.8,1.),.UNSPECIFIED.);
#2337=B_SPLINE_SURFACE_WITH_KNOTS('',3,3,((#7832,#7833,#7834,#7835,#7836,
#7837,#7838,#7839),(#7840,#7841,#7842,#7843,#7844,#7845,#7846,#7847),(#7848,
#7849,#7850,#7851,#7852,#7853,#7854,#7855),(#7856,#7857,#7858,#7859,#7860,
#7861,#7862,#7863),(#7864,#7865,#7866,#7867,#7868,#7869,#7870,#7871),(#7872,
#7873,#7874,#7875,#7876,#7877,#7878,#7879)),.UNSPECIFIED.,.F.,.F.,.F.,(4,
1,1,4),(4,1,1,1,1,4),(0.,0.333333333333333,0.666666666666667,1.),(0.,0.2,
0.4,0.6,0.8,1.),.UNSPECIFIED.);
#2338=B_SPLINE_SURFACE_WITH_KNOTS('',3,3,((#7927,#7928,#7929,#7930,#7931,
#7932),(#7933,#7934,#7935,#7936,#7937,#7938),(#7939,#7940,#7941,#7942,#7943,
#7944),(#7945,#7946,#7947,#7948,#7949,#7950),(#7951,#7952,#7953,#7954,#7955,
#7956),(#7957,#7958,#7959,#7960,#7961,#7962),(#7963,#7964,#7965,#7966,#7967,
#7968),(#7969,#7970,#7971,#7972,#7973,#7974)),.UNSPECIFIED.,.F.,.F.,.F.,
(4,1,1,1,1,4),(4,1,1,4),(0.,0.2,0.4,0.6,0.8,1.),(0.,0.333333333333333,0.666666666666667,
1.),.UNSPECIFIED.);
#2339=B_SPLINE_SURFACE_WITH_KNOTS('',3,3,((#8016,#8017,#8018,#8019,#8020,
#8021,#8022,#8023),(#8024,#8025,#8026,#8027,#8028,#8029,#8030,#8031),(#8032,
#8033,#8034,#8035,#8036,#8037,#8038,#8039),(#8040,#8041,#8042,#8043,#8044,
#8045,#8046,#8047),(#8048,#8049,#8050,#8051,#8052,#8053,#8054,#8055),(#8056,
#8057,#8058,#8059,#8060,#8061,#8062,#8063)),.UNSPECIFIED.,.F.,.F.,.F.,(4,
1,1,4),(4,1,1,1,1,4),(0.,0.333333333333333,0.666666666666667,1.),(0.,0.2,
0.4,0.6,0.8,1.),.UNSPECIFIED.);
#2340=B_SPLINE_SURFACE_WITH_KNOTS('',3,3,((#8095,#8096,#8097,#8098,#8099,
#8100),(#8101,#8102,#8103,#8104,#8105,#8106),(#8107,#8108,#8109,#8110,#8111,
#8112),(#8113,#8114,#8115,#8116,#8117,#8118),(#8119,#8120,#8121,#8122,#8123,
#8124),(#8125,#8126,#8127,#8128,#8129,#8130),(#8131,#8132,#8133,#8134,#8135,
#8136),(#8137,#8138,#8139,#8140,#8141,#8142)),.UNSPECIFIED.,.F.,.F.,.F.,
(4,1,1,1,1,4),(4,1,1,4),(0.,0.2,0.4,0.6,0.8,1.),(0.,0.333333333333333,0.666666666666667,
1.),.UNSPECIFIED.);
#2341=B_SPLINE_SURFACE_WITH_KNOTS('',3,3,((#8176,#8177,#8178,#8179,#8180,
#8181,#8182,#8183),(#8184,#8185,#8186,#8187,#8188,#8189,#8190,#8191),(#8192,
#8193,#8194,#8195,#8196,#8197,#8198,#8199),(#8200,#8201,#8202,#8203,#8204,
#8205,#8206,#8207),(#8208,#8209,#8210,#8211,#8212,#8213,#8214,#8215),(#8216,
#8217,#8218,#8219,#8220,#8221,#8222,#8223)),.UNSPECIFIED.,.F.,.F.,.F.,(4,
1,1,4),(4,1,1,1,1,4),(0.,0.333333333333333,0.666666666666667,1.),(0.,0.2,
0.4,0.6,0.8,1.),.UNSPECIFIED.);
#2342=B_SPLINE_SURFACE_WITH_KNOTS('',3,3,((#8258,#8259,#8260,#8261,#8262,
#8263,#8264,#8265,#8266),(#8267,#8268,#8269,#8270,#8271,#8272,#8273,#8274,
#8275),(#8276,#8277,#8278,#8279,#8280,#8281,#8282,#8283,#8284),(#8285,#8286,
#8287,#8288,#8289,#8290,#8291,#8292,#8293),(#8294,#8295,#8296,#8297,#8298,
#8299,#8300,#8301,#8302),(#8303,#8304,#8305,#8306,#8307,#8308,#8309,#8310,
#8311)),.UNSPECIFIED.,.F.,.F.,.F.,(4,1,1,4),(4,1,1,1,1,1,4),(0.,0.333333333333333,
0.666666666666667,1.),(0.,0.166666666666667,0.333333333333333,0.5,0.666666666666667,
0.833333333333333,1.),.UNSPECIFIED.);
#2343=B_SPLINE_SURFACE_WITH_KNOTS('',3,3,((#8351,#8352,#8353,#8354,#8355,
#8356),(#8357,#8358,#8359,#8360,#8361,#8362),(#8363,#8364,#8365,#8366,#8367,
#8368),(#8369,#8370,#8371,#8372,#8373,#8374),(#8375,#8376,#8377,#8378,#8379,
#8380),(#8381,#8382,#8383,#8384,#8385,#8386),(#8387,#8388,#8389,#8390,#8391,
#8392),(#8393,#8394,#8395,#8396,#8397,#8398),(#8399,#8400,#8401,#8402,#8403,
#8404)),.UNSPECIFIED.,.F.,.F.,.F.,(4,1,1,1,1,1,4),(4,1,1,4),(0.,0.166666666666667,
0.333333333333333,0.5,0.666666666666667,0.833333333333333,1.),(0.,0.333333333333333,
0.666666666666667,1.),.UNSPECIFIED.);
#2344=B_SPLINE_SURFACE_WITH_KNOTS('',3,3,((#8436,#8437,#8438,#8439,#8440,
#8441,#8442,#8443,#8444),(#8445,#8446,#8447,#8448,#8449,#8450,#8451,#8452,
#8453),(#8454,#8455,#8456,#8457,#8458,#8459,#8460,#8461,#8462),(#8463,#8464,
#8465,#8466,#8467,#8468,#8469,#8470,#8471),(#8472,#8473,#8474,#8475,#8476,
#8477,#8478,#8479,#8480),(#8481,#8482,#8483,#8484,#8485,#8486,#8487,#8488,
#8489)),.UNSPECIFIED.,.F.,.F.,.F.,(4,1,1,4),(4,1,1,1,1,1,4),(0.,0.333333333333333,
0.666666666666667,1.),(0.,0.166666666666667,0.333333333333333,0.5,0.666666666666667,
0.833333333333333,1.),.UNSPECIFIED.);
#2345=B_SPLINE_SURFACE_WITH_KNOTS('',3,3,((#8530,#8531,#8532,#8533,#8534,
#8535),(#8536,#8537,#8538,#8539,#8540,#8541),(#8542,#8543,#8544,#8545,#8546,
#8547),(#8548,#8549,#8550,#8551,#8552,#8553),(#8554,#8555,#8556,#8557,#8558,
#8559),(#8560,#8561,#8562,#8563,#8564,#8565),(#8566,#8567,#8568,#8569,#8570,
#8571),(#8572,#8573,#8574,#8575,#8576,#8577),(#8578,#8579,#8580,#8581,#8582,
#8583)),.UNSPECIFIED.,.F.,.F.,.F.,(4,1,1,1,1,1,4),(4,1,1,4),(0.,0.166666666666667,
0.333333333333333,0.5,0.666666666666667,0.833333333333333,1.),(0.,0.333333333333333,
0.666666666666667,1.),.UNSPECIFIED.);
#2346=B_SPLINE_SURFACE_WITH_KNOTS('',3,3,((#8624,#8625,#8626,#8627,#8628,
#8629,#8630,#8631,#8632),(#8633,#8634,#8635,#8636,#8637,#8638,#8639,#8640,
#8641),(#8642,#8643,#8644,#8645,#8646,#8647,#8648,#8649,#8650),(#8651,#8652,
#8653,#8654,#8655,#8656,#8657,#8658,#8659),(#8660,#8661,#8662,#8663,#8664,
#8665,#8666,#8667,#8668),(#8669,#8670,#8671,#8672,#8673,#8674,#8675,#8676,
#8677)),.UNSPECIFIED.,.F.,.F.,.F.,(4,1,1,4),(4,1,1,1,1,1,4),(0.,0.333333333333333,
0.666666666666667,1.),(0.,0.166666666666667,0.333333333333333,0.5,0.666666666666667,
0.833333333333333,1.),.UNSPECIFIED.);
#2347=B_SPLINE_SURFACE_WITH_KNOTS('',3,3,((#9063,#9064,#9065,#9066,#9067,
#9068),(#9069,#9070,#9071,#9072,#9073,#9074),(#9075,#9076,#9077,#9078,#9079,
#9080),(#9081,#9082,#9083,#9084,#9085,#9086),(#9087,#9088,#9089,#9090,#9091,
#9092),(#9093,#9094,#9095,#9096,#9097,#9098),(#9099,#9100,#9101,#9102,#9103,
#9104),(#9105,#9106,#9107,#9108,#9109,#9110),(#9111,#9112,#9113,#9114,#9115,
#9116)),.UNSPECIFIED.,.F.,.F.,.F.,(4,1,1,1,1,1,4),(4,1,1,4),(0.,0.166666666666667,
0.333333333333333,0.5,0.666666666666667,0.833333333333333,1.),(0.,0.333333333333333,
0.666666666666667,1.),.UNSPECIFIED.);
#2348=B_SPLINE_SURFACE_WITH_KNOTS('',3,3,((#9144,#9145,#9146,#9147),(#9148,
#9149,#9150,#9151),(#9152,#9153,#9154,#9155),(#9156,#9157,#9158,#9159),
(#9160,#9161,#9162,#9163)),.UNSPECIFIED.,.F.,.F.,.F.,(4,1,4),(4,4),(0.,
0.5,1.),(0.426144935896168,1.21260483328803),.UNSPECIFIED.);
#2349=B_SPLINE_SURFACE_WITH_KNOTS('',3,3,((#9212,#9213,#9214,#9215,#9216,
#9217),(#9218,#9219,#9220,#9221,#9222,#9223),(#9224,#9225,#9226,#9227,#9228,
#9229),(#9230,#9231,#9232,#9233,#9234,#9235),(#9236,#9237,#9238,#9239,#9240,
#9241),(#9242,#9243,#9244,#9245,#9246,#9247),(#9248,#9249,#9250,#9251,#9252,
#9253),(#9254,#9255,#9256,#9257,#9258,#9259)),.UNSPECIFIED.,.F.,.F.,.F.,
(4,1,1,1,1,4),(4,1,1,4),(0.,0.2,0.4,0.6,0.8,1.),(0.,0.333333333333333,0.666666666666667,
1.),.UNSPECIFIED.);
#2350=B_SPLINE_SURFACE_WITH_KNOTS('',3,3,((#9287,#9288,#9289,#9290,#9291,
#9292),(#9293,#9294,#9295,#9296,#9297,#9298),(#9299,#9300,#9301,#9302,#9303,
#9304),(#9305,#9306,#9307,#9308,#9309,#9310),(#9311,#9312,#9313,#9314,#9315,
#9316),(#9317,#9318,#9319,#9320,#9321,#9322),(#9323,#9324,#9325,#9326,#9327,
#9328),(#9329,#9330,#9331,#9332,#9333,#9334)),.UNSPECIFIED.,.F.,.F.,.F.,
(4,1,1,1,1,4),(4,1,1,4),(0.,0.2,0.4,0.6,0.8,1.),(0.,0.333333333333333,0.666666666666667,
1.),.UNSPECIFIED.);
#2351=B_SPLINE_SURFACE_WITH_KNOTS('',3,3,((#9375,#9376,#9377,#9378,#9379,
#9380),(#9381,#9382,#9383,#9384,#9385,#9386),(#9387,#9388,#9389,#9390,#9391,
#9392),(#9393,#9394,#9395,#9396,#9397,#9398),(#9399,#9400,#9401,#9402,#9403,
#9404),(#9405,#9406,#9407,#9408,#9409,#9410),(#9411,#9412,#9413,#9414,#9415,
#9416),(#9417,#9418,#9419,#9420,#9421,#9422),(#9423,#9424,#9425,#9426,#9427,
#9428)),.UNSPECIFIED.,.F.,.F.,.F.,(4,1,1,1,1,1,4),(4,1,1,4),(0.,0.166666666666667,
0.333333333333333,0.5,0.666666666666667,0.833333333333333,1.),(0.,0.333333333333333,
0.666666666666667,1.),.UNSPECIFIED.);
#2352=B_SPLINE_SURFACE_WITH_KNOTS('',3,3,((#9450,#9451,#9452,#9453,#9454,
#9455),(#9456,#9457,#9458,#9459,#9460,#9461),(#9462,#9463,#9464,#9465,#9466,
#9467),(#9468,#9469,#9470,#9471,#9472,#9473),(#9474,#9475,#9476,#9477,#9478,
#9479),(#9480,#9481,#9482,#9483,#9484,#9485),(#9486,#9487,#9488,#9489,#9490,
#9491),(#9492,#9493,#9494,#9495,#9496,#9497),(#9498,#9499,#9500,#9501,#9502,
#9503)),.UNSPECIFIED.,.F.,.F.,.F.,(4,1,1,1,1,1,4),(4,1,1,4),(0.,0.166666666666667,
0.333333333333333,0.5,0.666666666666667,0.833333333333333,1.),(0.,0.333333333333333,
0.666666666666667,1.),.UNSPECIFIED.);
#2353=B_SPLINE_SURFACE_WITH_KNOTS('',3,3,((#9544,#9545,#9546,#9547,#9548,
#9549,#9550),(#9551,#9552,#9553,#9554,#9555,#9556,#9557),(#9558,#9559,#9560,
#9561,#9562,#9563,#9564),(#9565,#9566,#9567,#9568,#9569,#9570,#9571),(#9572,
#9573,#9574,#9575,#9576,#9577,#9578),(#9579,#9580,#9581,#9582,#9583,#9584,
#9585),(#9586,#9587,#9588,#9589,#9590,#9591,#9592),(#9593,#9594,#9595,#9596,
#9597,#9598,#9599),(#9600,#9601,#9602,#9603,#9604,#9605,#9606),(#9607,#9608,
#9609,#9610,#9611,#9612,#9613)),.UNSPECIFIED.,.F.,.F.,.F.,(4,1,1,1,1,1,
1,4),(4,1,1,1,4),(0.,0.142857142857143,0.285714285714286,0.428571428571429,
0.571428571428571,0.714285714285714,0.857142857142857,1.),(0.,0.25,0.5,
0.75,1.),.UNSPECIFIED.);
#2354=B_SPLINE_SURFACE_WITH_KNOTS('',3,3,((#9617,#9618,#9619,#9620),(#9621,
#9622,#9623,#9624),(#9625,#9626,#9627,#9628),(#9629,#9630,#9631,#9632),
(#9633,#9634,#9635,#9636),(#9637,#9638,#9639,#9640)),.UNSPECIFIED.,.F.,
 .F.,.F.,(4,1,1,4),(4,4),(0.,0.285714285714286,0.571428571428571,1.),(0.161617797300624,
1.23673704568905),.UNSPECIFIED.);
#2355=B_SPLINE_SURFACE_WITH_KNOTS('',3,3,((#9675,#9676,#9677,#9678,#9679,
#9680),(#9681,#9682,#9683,#9684,#9685,#9686),(#9687,#9688,#9689,#9690,#9691,
#9692),(#9693,#9694,#9695,#9696,#9697,#9698),(#9699,#9700,#9701,#9702,#9703,
#9704),(#9705,#9706,#9707,#9708,#9709,#9710),(#9711,#9712,#9713,#9714,#9715,
#9716),(#9717,#9718,#9719,#9720,#9721,#9722)),.UNSPECIFIED.,.F.,.F.,.F.,
(4,1,1,1,1,4),(4,1,1,4),(0.,0.2,0.4,0.6,0.8,1.),(0.,0.333333333333333,0.666666666666667,
1.),.UNSPECIFIED.);
#2356=B_SPLINE_SURFACE_WITH_KNOTS('',3,3,((#9763,#9764,#9765,#9766,#9767,
#9768),(#9769,#9770,#9771,#9772,#9773,#9774),(#9775,#9776,#9777,#9778,#9779,
#9780),(#9781,#9782,#9783,#9784,#9785,#9786),(#9787,#9788,#9789,#9790,#9791,
#9792),(#9793,#9794,#9795,#9796,#9797,#9798),(#9799,#9800,#9801,#9802,#9803,
#9804),(#9805,#9806,#9807,#9808,#9809,#9810),(#9811,#9812,#9813,#9814,#9815,
#9816)),.UNSPECIFIED.,.F.,.F.,.F.,(4,1,1,1,1,1,4),(4,1,1,4),(0.,0.166666666666667,
0.333333333333333,0.5,0.666666666666667,0.833333333333333,1.),(0.,0.333333333333333,
0.666666666666667,1.),.UNSPECIFIED.);
#2357=B_SPLINE_SURFACE_WITH_KNOTS('',3,3,((#9838,#9839,#9840,#9841,#9842,
#9843),(#9844,#9845,#9846,#9847,#9848,#9849),(#9850,#9851,#9852,#9853,#9854,
#9855),(#9856,#9857,#9858,#9859,#9860,#9861),(#9862,#9863,#9864,#9865,#9866,
#9867),(#9868,#9869,#9870,#9871,#9872,#9873),(#9874,#9875,#9876,#9877,#9878,
#9879),(#9880,#9881,#9882,#9883,#9884,#9885)),.UNSPECIFIED.,.F.,.F.,.F.,
(4,1,1,1,1,4),(4,1,1,4),(0.,0.2,0.4,0.6,0.8,1.),(0.,0.333333333333333,0.666666666666667,
1.),.UNSPECIFIED.);
#2358=B_SPLINE_SURFACE_WITH_KNOTS('',3,3,((#9910,#9911,#9912,#9913,#9914,
#9915),(#9916,#9917,#9918,#9919,#9920,#9921),(#9922,#9923,#9924,#9925,#9926,
#9927),(#9928,#9929,#9930,#9931,#9932,#9933),(#9934,#9935,#9936,#9937,#9938,
#9939),(#9940,#9941,#9942,#9943,#9944,#9945),(#9946,#9947,#9948,#9949,#9950,
#9951),(#9952,#9953,#9954,#9955,#9956,#9957)),.UNSPECIFIED.,.F.,.F.,.F.,
(4,1,1,1,1,4),(4,1,1,4),(0.,0.2,0.4,0.6,0.8,1.),(0.,0.333333333333333,0.666666666666667,
1.),.UNSPECIFIED.);
#2359=B_SPLINE_SURFACE_WITH_KNOTS('',3,3,((#9982,#9983,#9984,#9985,#9986,
#9987),(#9988,#9989,#9990,#9991,#9992,#9993),(#9994,#9995,#9996,#9997,#9998,
#9999),(#10000,#10001,#10002,#10003,#10004,#10005),(#10006,#10007,#10008,
#10009,#10010,#10011),(#10012,#10013,#10014,#10015,#10016,#10017),(#10018,
#10019,#10020,#10021,#10022,#10023),(#10024,#10025,#10026,#10027,#10028,
#10029),(#10030,#10031,#10032,#10033,#10034,#10035)),.UNSPECIFIED.,.F.,
 .F.,.F.,(4,1,1,1,1,1,4),(4,1,1,4),(0.,0.166666666666667,0.333333333333333,
0.5,0.666666666666667,0.833333333333333,1.),(0.,0.333333333333333,0.666666666666667,
1.),.UNSPECIFIED.);
#2360=B_SPLINE_SURFACE_WITH_KNOTS('',3,3,((#10063,#10064,#10065,#10066),
(#10067,#10068,#10069,#10070),(#10071,#10072,#10073,#10074),(#10075,#10076,
#10077,#10078),(#10079,#10080,#10081,#10082)),.UNSPECIFIED.,.F.,.F.,.F.,
(4,1,4),(4,4),(0.,0.5,1.),(0.426144935889541,1.21260483328429),
 .UNSPECIFIED.);
#2361=B_SPLINE_SURFACE_WITH_KNOTS('',3,3,((#10117,#10118,#10119,#10120),
(#10121,#10122,#10123,#10124),(#10125,#10126,#10127,#10128),(#10129,#10130,
#10131,#10132),(#10133,#10134,#10135,#10136)),.UNSPECIFIED.,.F.,.F.,.F.,
(4,1,4),(4,4),(0.,0.5,1.),(0.25013953074905,1.03659942814187),
 .UNSPECIFIED.);
#2362=B_SPLINE_SURFACE_WITH_KNOTS('',3,3,((#10150,#10151,#10152,#10153),
(#10154,#10155,#10156,#10157),(#10158,#10159,#10160,#10161),(#10162,#10163,
#10164,#10165),(#10166,#10167,#10168,#10169),(#10170,#10171,#10172,#10173)),
 .UNSPECIFIED.,.F.,.F.,.F.,(4,1,1,4),(4,4),(0.,0.285714285714286,0.571428571428571,
1.),(0.21598954549051,1.29110879387893),.UNSPECIFIED.);
#2363=B_SPLINE_SURFACE_WITH_KNOTS('',3,3,((#10187,#10188,#10189,#10190,
#10191,#10192,#10193,#10194,#10195,#10196,#10197,#10198,#10199,#10200),
(#10201,#10202,#10203,#10204,#10205,#10206,#10207,#10208,#10209,#10210,
#10211,#10212,#10213,#10214),(#10215,#10216,#10217,#10218,#10219,#10220,
#10221,#10222,#10223,#10224,#10225,#10226,#10227,#10228),(#10229,#10230,
#10231,#10232,#10233,#10234,#10235,#10236,#10237,#10238,#10239,#10240,#10241,
#10242),(#10243,#10244,#10245,#10246,#10247,#10248,#10249,#10250,#10251,
#10252,#10253,#10254,#10255,#10256),(#10257,#10258,#10259,#10260,#10261,
#10262,#10263,#10264,#10265,#10266,#10267,#10268,#10269,#10270),(#10271,
#10272,#10273,#10274,#10275,#10276,#10277,#10278,#10279,#10280,#10281,#10282,
#10283,#10284)),.UNSPECIFIED.,.F.,.F.,.F.,(4,1,1,1,4),(4,1,1,1,1,1,1,1,
1,1,1,4),(0.,0.285714285714286,0.571428571428571,0.785714285714286,1.),
(0.24525223072279,0.491967533678006,0.738682836633223,0.862040488110831,
0.985398139588439,1.04707696532724,1.10875579106605,1.23211344254366,1.35547109402126,
1.47882874549887,1.72554404845409,1.97225935140931),.UNSPECIFIED.);
#2364=B_SPLINE_SURFACE_WITH_KNOTS('',3,3,((#10396,#10397,#10398,#10399,
#10400,#10401,#10402,#10403,#10404,#10405,#10406,#10407,#10408,#10409,#10410),
(#10411,#10412,#10413,#10414,#10415,#10416,#10417,#10418,#10419,#10420,
#10421,#10422,#10423,#10424,#10425),(#10426,#10427,#10428,#10429,#10430,
#10431,#10432,#10433,#10434,#10435,#10436,#10437,#10438,#10439,#10440),
(#10441,#10442,#10443,#10444,#10445,#10446,#10447,#10448,#10449,#10450,
#10451,#10452,#10453,#10454,#10455),(#10456,#10457,#10458,#10459,#10460,
#10461,#10462,#10463,#10464,#10465,#10466,#10467,#10468,#10469,#10470),
(#10471,#10472,#10473,#10474,#10475,#10476,#10477,#10478,#10479,#10480,
#10481,#10482,#10483,#10484,#10485),(#10486,#10487,#10488,#10489,#10490,
#10491,#10492,#10493,#10494,#10495,#10496,#10497,#10498,#10499,#10500)),
 .UNSPECIFIED.,.F.,.F.,.F.,(4,1,1,1,4),(4,1,1,1,1,1,1,1,1,1,1,1,4),(0.,
0.285714285714286,0.571428571428571,0.785714285714286,1.),(3.86637376129143,
4.11308906814919,4.35980437500694,4.48316202843582,4.54484085515026,4.6065196818647,
4.72987733529358,4.85323498872246,4.9149138154369,4.97659264215134,5.09995029558022,
5.34666560243798,5.59338090929574),.UNSPECIFIED.);
#2365=B_SPLINE_SURFACE_WITH_KNOTS('',3,3,((#10640,#10641,#10642,#10643),
(#10644,#10645,#10646,#10647),(#10648,#10649,#10650,#10651),(#10652,#10653,
#10654,#10655),(#10656,#10657,#10658,#10659)),.UNSPECIFIED.,.F.,.F.,.F.,
(4,1,4),(4,4),(0.,0.5,1.),(0.250139530746356,1.03659942814249),
 .UNSPECIFIED.);
#2366=ADVANCED_FACE('',(#200),#2286,.T.);
#2367=ADVANCED_FACE('',(#201),#2287,.T.);
#2368=ADVANCED_FACE('',(#202),#2288,.T.);
#2369=ADVANCED_FACE('',(#203),#2289,.T.);
#2370=ADVANCED_FACE('',(#204),#2290,.T.);
#2371=ADVANCED_FACE('',(#205),#2291,.T.);
#2372=ADVANCED_FACE('',(#206),#2292,.T.);
#2373=ADVANCED_FACE('',(#207),#2293,.T.);
#2374=ADVANCED_FACE('',(#208),#2294,.T.);
#2375=ADVANCED_FACE('',(#209),#2295,.T.);
#2376=ADVANCED_FACE('',(#210),#2296,.T.);
#2377=ADVANCED_FACE('',(#211),#2297,.T.);
#2378=ADVANCED_FACE('',(#212),#2298,.T.);
#2379=ADVANCED_FACE('',(#213),#2299,.T.);
#2380=ADVANCED_FACE('',(#214),#2300,.T.);
#2381=ADVANCED_FACE('',(#215),#2301,.T.);
#2382=ADVANCED_FACE('',(#216),#2302,.T.);
#2383=ADVANCED_FACE('',(#217),#2303,.T.);
#2384=ADVANCED_FACE('',(#218),#2304,.T.);
#2385=ADVANCED_FACE('',(#219),#2305,.T.);
#2386=ADVANCED_FACE('',(#220),#2306,.T.);
#2387=ADVANCED_FACE('',(#221),#2307,.T.);
#2388=ADVANCED_FACE('',(#222),#2308,.T.);
#2389=ADVANCED_FACE('',(#223),#2309,.T.);
#2390=ADVANCED_FACE('',(#224),#2310,.T.);
#2391=ADVANCED_FACE('',(#225),#2311,.T.);
#2392=ADVANCED_FACE('',(#226),#2312,.T.);
#2393=ADVANCED_FACE('',(#227),#2313,.T.);
#2394=ADVANCED_FACE('',(#228),#2314,.T.);
#2395=ADVANCED_FACE('',(#229),#2315,.T.);
#2396=ADVANCED_FACE('',(#230),#2316,.T.);
#2397=ADVANCED_FACE('',(#231),#2317,.T.);
#2398=ADVANCED_FACE('',(#232),#2318,.T.);
#2399=ADVANCED_FACE('',(#233),#2319,.T.);
#2400=ADVANCED_FACE('',(#234),#2320,.T.);
#2401=ADVANCED_FACE('',(#235),#2321,.T.);
#2402=ADVANCED_FACE('',(#236),#2322,.T.);
#2403=ADVANCED_FACE('',(#237),#2323,.T.);
#2404=ADVANCED_FACE('',(#238),#2324,.T.);
#2405=ADVANCED_FACE('',(#239),#2325,.T.);
#2406=ADVANCED_FACE('',(#240),#2326,.T.);
#2407=ADVANCED_FACE('',(#241),#2327,.T.);
#2408=ADVANCED_FACE('',(#242),#2328,.T.);
#2409=ADVANCED_FACE('',(#243),#2329,.T.);
#2410=ADVANCED_FACE('',(#244),#2330,.T.);
#2411=ADVANCED_FACE('',(#245),#2331,.T.);
#2412=ADVANCED_FACE('',(#246),#2332,.T.);
#2413=ADVANCED_FACE('',(#247),#2333,.T.);
#2414=ADVANCED_FACE('',(#248),#2334,.T.);
#2415=ADVANCED_FACE('',(#249),#2335,.T.);
#2416=ADVANCED_FACE('',(#250),#2336,.T.);
#2417=ADVANCED_FACE('',(#251),#2337,.T.);
#2418=ADVANCED_FACE('',(#252),#2338,.T.);
#2419=ADVANCED_FACE('',(#253),#2339,.T.);
#2420=ADVANCED_FACE('',(#254),#2340,.T.);
#2421=ADVANCED_FACE('',(#255),#2341,.T.);
#2422=ADVANCED_FACE('',(#256),#2342,.T.);
#2423=ADVANCED_FACE('',(#257),#2343,.T.);
#2424=ADVANCED_FACE('',(#258),#2344,.T.);
#2425=ADVANCED_FACE('',(#259),#2345,.T.);
#2426=ADVANCED_FACE('',(#260),#2346,.T.);
#2427=ADVANCED_FACE('',(#261),#172,.F.);
#2428=ADVANCED_FACE('',(#262),#152,.T.);
#2429=ADVANCED_FACE('',(#263),#173,.T.);
#2430=ADVANCED_FACE('',(#264),#28,.F.);
#2431=ADVANCED_FACE('',(#265),#153,.T.);
#2432=ADVANCED_FACE('',(#266),#29,.T.);
#2433=ADVANCED_FACE('',(#267),#30,.T.);
#2434=ADVANCED_FACE('',(#268),#154,.T.);
#2435=ADVANCED_FACE('',(#269),#155,.T.);
#2436=ADVANCED_FACE('',(#270),#31,.T.);
#2437=ADVANCED_FACE('',(#271),#32,.T.);
#2438=ADVANCED_FACE('',(#272),#156,.T.);
#2439=ADVANCED_FACE('',(#273),#157,.T.);
#2440=ADVANCED_FACE('',(#274),#174,.T.);
#2441=ADVANCED_FACE('',(#275,#16,#17,#18,#19,#20),#33,.F.);
#2442=ADVANCED_FACE('',(#276),#175,.F.);
#2443=ADVANCED_FACE('',(#277),#176,.F.);
#2444=ADVANCED_FACE('',(#278),#158,.F.);
#2445=ADVANCED_FACE('',(#279),#34,.T.);
#2446=ADVANCED_FACE('',(#280),#159,.T.);
#2447=ADVANCED_FACE('',(#281),#2347,.T.);
#2448=ADVANCED_FACE('',(#282),#2348,.F.);
#2449=ADVANCED_FACE('',(#283),#177,.T.);
#2450=ADVANCED_FACE('',(#284),#2349,.T.);
#2451=ADVANCED_FACE('',(#285),#178,.T.);
#2452=ADVANCED_FACE('',(#286),#2350,.T.);
#2453=ADVANCED_FACE('',(#287),#160,.T.);
#2454=ADVANCED_FACE('',(#288),#2351,.T.);
#2455=ADVANCED_FACE('',(#289),#2352,.T.);
#2456=ADVANCED_FACE('',(#290),#179,.T.);
#2457=ADVANCED_FACE('',(#291),#2353,.T.);
#2458=ADVANCED_FACE('',(#292),#161,.T.);
#2459=ADVANCED_FACE('',(#293),#2354,.F.);
#2460=ADVANCED_FACE('',(#294),#180,.F.);
#2461=ADVANCED_FACE('',(#295),#181,.F.);
#2462=ADVANCED_FACE('',(#296),#2355,.T.);
#2463=ADVANCED_FACE('',(#297),#162,.T.);
#2464=ADVANCED_FACE('',(#298),#2356,.T.);
#2465=ADVANCED_FACE('',(#299),#2357,.T.);
#2466=ADVANCED_FACE('',(#300),#182,.T.);
#2467=ADVANCED_FACE('',(#301),#2358,.T.);
#2468=ADVANCED_FACE('',(#302),#2359,.T.);
#2469=ADVANCED_FACE('',(#303),#2360,.F.);
#2470=ADVANCED_FACE('',(#304),#163,.T.);
#2471=ADVANCED_FACE('',(#305),#164,.T.);
#2472=ADVANCED_FACE('',(#306),#183,.T.);
#2473=ADVANCED_FACE('',(#307),#184,.T.);
#2474=ADVANCED_FACE('',(#308),#165,.T.);
#2475=ADVANCED_FACE('',(#309),#2361,.F.);
#2476=ADVANCED_FACE('',(#310),#2362,.F.);
#2477=ADVANCED_FACE('',(#311),#166,.T.);
#2478=ADVANCED_FACE('',(#312),#2363,.F.);
#2479=ADVANCED_FACE('',(#313),#167,.T.);
#2480=ADVANCED_FACE('',(#314),#168,.T.);
#2481=ADVANCED_FACE('',(#315),#2364,.F.);
#2482=ADVANCED_FACE('',(#316),#169,.T.);
#2483=ADVANCED_FACE('',(#317),#185,.T.);
#2484=ADVANCED_FACE('',(#318),#170,.T.);
#2485=ADVANCED_FACE('',(#319),#2365,.F.);
#2486=ADVANCED_FACE('',(#320),#171,.T.);
#2487=ADVANCED_FACE('',(#321),#186,.T.);
#2488=ADVANCED_FACE('',(#322,#21),#35,.F.);
#2489=ADVANCED_FACE('',(#323),#187,.F.);
#2490=ADVANCED_FACE('',(#324),#36,.F.);
#2491=ADVANCED_FACE('',(#325),#188,.F.);
#2492=ADVANCED_FACE('',(#326),#37,.F.);
#2493=ADVANCED_FACE('',(#327),#189,.F.);
#2494=ADVANCED_FACE('',(#328),#38,.F.);
#2495=ADVANCED_FACE('',(#329),#39,.F.);
#2496=ADVANCED_FACE('',(#330),#190,.F.);
#2497=ADVANCED_FACE('',(#331),#191,.F.);
#2498=ADVANCED_FACE('',(#332),#15,.T.);
#2499=ADVANCED_FACE('',(#333,#22),#40,.F.);
#2500=ADVANCED_FACE('',(#334),#41,.F.);
#2501=ADVANCED_FACE('',(#335),#192,.F.);
#2502=ADVANCED_FACE('',(#336),#193,.F.);
#2503=ADVANCED_FACE('',(#337),#42,.T.);
#2504=ADVANCED_FACE('',(#338,#23),#43,.F.);
#2505=ADVANCED_FACE('',(#339,#24),#44,.T.);
#2506=ADVANCED_FACE('',(#340,#25),#45,.T.);
#2507=ADVANCED_FACE('',(#341),#194,.F.);
#2508=ADVANCED_FACE('',(#342,#26),#46,.T.);
#2509=ADVANCED_FACE('',(#343),#195,.F.);
#2510=ADVANCED_FACE('',(#344,#27),#47,.T.);
#2511=ADVANCED_FACE('',(#345),#196,.F.);
#2512=ADVANCED_FACE('',(#346),#197,.F.);
#2513=ADVANCED_FACE('',(#347),#198,.F.);
#2514=ADVANCED_FACE('',(#348),#199,.F.);
#2515=CLOSED_SHELL('',(#2366,#2367,#2368,#2369,#2370,#2371,#2372,#2373,
#2374,#2375,#2376,#2377,#2378,#2379,#2380,#2381,#2382,#2383,#2384,#2385,
#2386,#2387,#2388,#2389,#2390,#2391,#2392,#2393,#2394,#2395,#2396,#2397,
#2398,#2399,#2400,#2401,#2402,#2403,#2404,#2405,#2406,#2407,#2408,#2409,
#2410,#2411,#2412,#2413,#2414,#2415,#2416,#2417,#2418,#2419,#2420,#2421,
#2422,#2423,#2424,#2425,#2426,#2427,#2428,#2429,#2430,#2431,#2432,#2433,
#2434,#2435,#2436,#2437,#2438,#2439,#2440,#2441,#2442,#2443,#2444,#2445,
#2446,#2447,#2448,#2449,#2450,#2451,#2452,#2453,#2454,#2455,#2456,#2457,
#2458,#2459,#2460,#2461,#2462,#2463,#2464,#2465,#2466,#2467,#2468,#2469,
#2470,#2471,#2472,#2473,#2474,#2475,#2476,#2477,#2478,#2479,#2480,#2481,
#2482,#2483,#2484,#2485,#2486,#2487,#2488,#2489,#2490,#2491,#2492,#2493,
#2494,#2495,#2496,#2497,#2498,#2499,#2500,#2501,#2502,#2503,#2504,#2505,
#2506,#2507,#2508,#2509,#2510,#2511,#2512,#2513,#2514));
#2516=DERIVED_UNIT_ELEMENT(#2518,1.);
#2517=DERIVED_UNIT_ELEMENT(#10778,-3.);
#2518=(
MASS_UNIT()
NAMED_UNIT(*)
SI_UNIT(.KILO.,.GRAM.)
);
#2519=DERIVED_UNIT((#2516,#2517));
#2520=MEASURE_REPRESENTATION_ITEM('density measure',
POSITIVE_RATIO_MEASURE(7850.),#2519);
#2521=PROPERTY_DEFINITION_REPRESENTATION(#2526,#2523);
#2522=PROPERTY_DEFINITION_REPRESENTATION(#2527,#2524);
#2523=REPRESENTATION('material name',(#2525),#10773);
#2524=REPRESENTATION('density',(#2520),#10773);
#2525=DESCRIPTIVE_REPRESENTATION_ITEM('Steel','Steel');
#2526=PROPERTY_DEFINITION('material property','material name',#10786);
#2527=PROPERTY_DEFINITION('material property','density of part',#10786);
#2528=AXIS2_PLACEMENT_3D('',#3234,#2746,#2747);
#2529=AXIS2_PLACEMENT_3D('',#3327,#2748,#2749);
#2530=AXIS2_PLACEMENT_3D('',#3393,#2750,#2751);
#2531=AXIS2_PLACEMENT_3D('',#3506,#2752,#2753);
#2532=AXIS2_PLACEMENT_3D('',#3572,#2754,#2755);
#2533=AXIS2_PLACEMENT_3D('',#3685,#2756,#2757);
#2534=AXIS2_PLACEMENT_3D('',#3780,#2758,#2759);
#2535=AXIS2_PLACEMENT_3D('',#3839,#2760,#2761);
#2536=AXIS2_PLACEMENT_3D('',#3946,#2762,#2763);
#2537=AXIS2_PLACEMENT_3D('',#4005,#2764,#2765);
#2538=AXIS2_PLACEMENT_3D('',#4109,#2766,#2767);
#2539=AXIS2_PLACEMENT_3D('',#4192,#2768,#2769);
#2540=AXIS2_PLACEMENT_3D('',#4251,#2770,#2771);
#2541=AXIS2_PLACEMENT_3D('',#4355,#2772,#2773);
#2542=AXIS2_PLACEMENT_3D('',#4414,#2774,#2775);
#2543=AXIS2_PLACEMENT_3D('',#4521,#2776,#2777);
#2544=AXIS2_PLACEMENT_3D('',#4620,#2778,#2779);
#2545=AXIS2_PLACEMENT_3D('',#4686,#2780,#2781);
#2546=AXIS2_PLACEMENT_3D('',#4799,#2782,#2783);
#2547=AXIS2_PLACEMENT_3D('',#4865,#2784,#2785);
#2548=AXIS2_PLACEMENT_3D('',#4978,#2786,#2787);
#2549=AXIS2_PLACEMENT_3D('',#5070,#2788,#2789);
#2550=AXIS2_PLACEMENT_3D('',#5129,#2790,#2791);
#2551=AXIS2_PLACEMENT_3D('',#5242,#2792,#2793);
#2552=AXIS2_PLACEMENT_3D('',#5301,#2794,#2795);
#2553=AXIS2_PLACEMENT_3D('',#5405,#2796,#2797);
#2554=AXIS2_PLACEMENT_3D('',#5510,#2798,#2799);
#2555=AXIS2_PLACEMENT_3D('',#5593,#2800,#2801);
#2556=AXIS2_PLACEMENT_3D('',#5708,#2802,#2803);
#2557=AXIS2_PLACEMENT_3D('',#5791,#2804,#2805);
#2558=AXIS2_PLACEMENT_3D('',#5921,#2806,#2807);
#2559=AXIS2_PLACEMENT_3D('',#6004,#2808,#2809);
#2560=AXIS2_PLACEMENT_3D('',#6134,#2810,#2811);
#2561=AXIS2_PLACEMENT_3D('',#6217,#2812,#2813);
#2562=AXIS2_PLACEMENT_3D('',#6332,#2814,#2815);
#2563=AXIS2_PLACEMENT_3D('',#6407,#2816,#2817);
#2564=AXIS2_PLACEMENT_3D('',#6515,#2818,#2819);
#2565=AXIS2_PLACEMENT_3D('',#6614,#2820,#2821);
#2566=AXIS2_PLACEMENT_3D('',#6680,#2822,#2823);
#2567=AXIS2_PLACEMENT_3D('',#6793,#2824,#2825);
#2568=AXIS2_PLACEMENT_3D('',#6859,#2826,#2827);
#2569=AXIS2_PLACEMENT_3D('',#6972,#2828,#2829);
#2570=AXIS2_PLACEMENT_3D('',#7074,#2830,#2831);
#2571=AXIS2_PLACEMENT_3D('',#7140,#2832,#2833);
#2572=AXIS2_PLACEMENT_3D('',#7250,#2834,#2835);
#2573=AXIS2_PLACEMENT_3D('',#7309,#2836,#2837);
#2574=AXIS2_PLACEMENT_3D('',#7404,#2838,#2839);
#2575=AXIS2_PLACEMENT_3D('',#7496,#2840,#2841);
#2576=AXIS2_PLACEMENT_3D('',#7555,#2842,#2843);
#2577=AXIS2_PLACEMENT_3D('',#7668,#2844,#2845);
#2578=AXIS2_PLACEMENT_3D('',#7727,#2846,#2847);
#2579=AXIS2_PLACEMENT_3D('',#7831,#2848,#2849);
#2580=AXIS2_PLACEMENT_3D('',#7926,#2850,#2851);
#2581=AXIS2_PLACEMENT_3D('',#7985,#2852,#2853);
#2582=AXIS2_PLACEMENT_3D('',#8094,#2854,#2855);
#2583=AXIS2_PLACEMENT_3D('',#8153,#2856,#2857);
#2584=AXIS2_PLACEMENT_3D('',#8257,#2858,#2859);
#2585=AXIS2_PLACEMENT_3D('',#8350,#2860,#2861);
#2586=AXIS2_PLACEMENT_3D('',#8416,#2862,#2863);
#2587=AXIS2_PLACEMENT_3D('',#8529,#2864,#2865);
#2588=AXIS2_PLACEMENT_3D('',#8595,#2866,#2867);
#2589=AXIS2_PLACEMENT_3D('',#8708,#2868,#2869);
#2590=AXIS2_PLACEMENT_3D('',#8709,#2870,#2871);
#2591=AXIS2_PLACEMENT_3D('',#8734,#2872,#2873);
#2592=AXIS2_PLACEMENT_3D('',#8735,#2874,#2875);
#2593=AXIS2_PLACEMENT_3D('',#8737,#2876,#2877);
#2594=AXIS2_PLACEMENT_3D('',#8739,#2878,#2879);
#2595=AXIS2_PLACEMENT_3D('',#8741,#2880,#2881);
#2596=AXIS2_PLACEMENT_3D('',#8742,#2882,#2883);
#2597=AXIS2_PLACEMENT_3D('',#8743,#2884,#2885);
#2598=AXIS2_PLACEMENT_3D('',#8746,#2887,#2888);
#2599=AXIS2_PLACEMENT_3D('',#8747,#2889,#2890);
#2600=AXIS2_PLACEMENT_3D('',#8748,#2891,#2892);
#2601=AXIS2_PLACEMENT_3D('',#8770,#2893,#2894);
#2602=AXIS2_PLACEMENT_3D('',#8777,#2895,#2896);
#2603=AXIS2_PLACEMENT_3D('',#8783,#2897,#2898);
#2604=AXIS2_PLACEMENT_3D('',#8784,#2899,#2900);
#2605=AXIS2_PLACEMENT_3D('',#8787,#2902,#2903);
#2606=AXIS2_PLACEMENT_3D('',#8788,#2904,#2905);
#2607=AXIS2_PLACEMENT_3D('',#8790,#2906,#2907);
#2608=AXIS2_PLACEMENT_3D('',#8792,#2909,#2910);
#2609=AXIS2_PLACEMENT_3D('',#8812,#2911,#2912);
#2610=AXIS2_PLACEMENT_3D('',#8843,#2913,#2914);
#2611=AXIS2_PLACEMENT_3D('',#8865,#2915,#2916);
#2612=AXIS2_PLACEMENT_3D('',#8872,#2917,#2918);
#2613=AXIS2_PLACEMENT_3D('',#8874,#2919,#2920);
#2614=AXIS2_PLACEMENT_3D('',#8880,#2921,#2922);
#2615=AXIS2_PLACEMENT_3D('',#8881,#2923,#2924);
#2616=AXIS2_PLACEMENT_3D('',#8884,#2926,#2927);
#2617=AXIS2_PLACEMENT_3D('',#8885,#2928,#2929);
#2618=AXIS2_PLACEMENT_3D('',#8887,#2930,#2931);
#2619=AXIS2_PLACEMENT_3D('',#8889,#2933,#2934);
#2620=AXIS2_PLACEMENT_3D('',#8909,#2935,#2936);
#2621=AXIS2_PLACEMENT_3D('',#8940,#2937,#2938);
#2622=AXIS2_PLACEMENT_3D('',#8943,#2939,#2940);
#2623=AXIS2_PLACEMENT_3D('',#8945,#2941,#2942);
#2624=AXIS2_PLACEMENT_3D('',#8946,#2943,#2944);
#2625=AXIS2_PLACEMENT_3D('',#8947,#2945,#2946);
#2626=AXIS2_PLACEMENT_3D('',#8948,#2947,#2948);
#2627=AXIS2_PLACEMENT_3D('',#8950,#2949,#2950);
#2628=AXIS2_PLACEMENT_3D('',#8952,#2952,#2953);
#2629=AXIS2_PLACEMENT_3D('',#8953,#2954,#2955);
#2630=AXIS2_PLACEMENT_3D('',#8955,#2956,#2957);
#2631=AXIS2_PLACEMENT_3D('',#8957,#2958,#2959);
#2632=AXIS2_PLACEMENT_3D('',#8959,#2960,#2961);
#2633=AXIS2_PLACEMENT_3D('',#8961,#2962,#2963);
#2634=AXIS2_PLACEMENT_3D('',#8962,#2964,#2965);
#2635=AXIS2_PLACEMENT_3D('',#8993,#2968,#2969);
#2636=AXIS2_PLACEMENT_3D('',#9024,#2972,#2973);
#2637=AXIS2_PLACEMENT_3D('',#9025,#2974,#2975);
#2638=AXIS2_PLACEMENT_3D('',#9026,#2976,#2977);
#2639=AXIS2_PLACEMENT_3D('',#9027,#2978,#2979);
#2640=AXIS2_PLACEMENT_3D('',#9029,#2980,#2981);
#2641=AXIS2_PLACEMENT_3D('',#9031,#2982,#2983);
#2642=AXIS2_PLACEMENT_3D('',#9054,#2986,#2987);
#2643=AXIS2_PLACEMENT_3D('',#9057,#2988,#2989);
#2644=AXIS2_PLACEMENT_3D('',#9059,#2990,#2991);
#2645=AXIS2_PLACEMENT_3D('',#9061,#2992,#2993);
#2646=AXIS2_PLACEMENT_3D('',#9062,#2994,#2995);
#2647=AXIS2_PLACEMENT_3D('',#9118,#2996,#2997);
#2648=AXIS2_PLACEMENT_3D('',#9177,#2998,#2999);
#2649=AXIS2_PLACEMENT_3D('',#9261,#3002,#3003);
#2650=AXIS2_PLACEMENT_3D('',#9284,#3004,#3005);
#2651=AXIS2_PLACEMENT_3D('',#9336,#3008,#3009);
#2652=AXIS2_PLACEMENT_3D('',#9356,#3010,#3011);
#2653=AXIS2_PLACEMENT_3D('',#9358,#3012,#3013);
#2654=AXIS2_PLACEMENT_3D('',#9374,#3014,#3015);
#2655=AXIS2_PLACEMENT_3D('',#9430,#3016,#3017);
#2656=AXIS2_PLACEMENT_3D('',#9505,#3018,#3019);
#2657=AXIS2_PLACEMENT_3D('',#9525,#3020,#3021);
#2658=AXIS2_PLACEMENT_3D('',#9614,#3024,#3025);
#2659=AXIS2_PLACEMENT_3D('',#9615,#3026,#3027);
#2660=AXIS2_PLACEMENT_3D('',#9616,#3028,#3029);
#2661=AXIS2_PLACEMENT_3D('',#9649,#3030,#3031);
#2662=AXIS2_PLACEMENT_3D('',#9662,#3033,#3034);
#2663=AXIS2_PLACEMENT_3D('',#9724,#3036,#3037);
#2664=AXIS2_PLACEMENT_3D('',#9744,#3038,#3039);
#2665=AXIS2_PLACEMENT_3D('',#9746,#3040,#3041);
#2666=AXIS2_PLACEMENT_3D('',#9762,#3042,#3043);
#2667=AXIS2_PLACEMENT_3D('',#9818,#3044,#3045);
#2668=AXIS2_PLACEMENT_3D('',#9887,#3046,#3047);
#2669=AXIS2_PLACEMENT_3D('',#9907,#3048,#3049);
#2670=AXIS2_PLACEMENT_3D('',#9959,#3052,#3053);
#2671=AXIS2_PLACEMENT_3D('',#10037,#3054,#3055);
#2672=AXIS2_PLACEMENT_3D('',#10096,#3056,#3057);
#2673=AXIS2_PLACEMENT_3D('',#10097,#3058,#3059);
#2674=AXIS2_PLACEMENT_3D('',#10098,#3060,#3061);
#2675=AXIS2_PLACEMENT_3D('',#10099,#3062,#3063);
#2676=AXIS2_PLACEMENT_3D('',#10102,#3064,#3065);
#2677=AXIS2_PLACEMENT_3D('',#10104,#3066,#3067);
#2678=AXIS2_PLACEMENT_3D('',#10106,#3068,#3069);
#2679=AXIS2_PLACEMENT_3D('',#10107,#3070,#3071);
#2680=AXIS2_PLACEMENT_3D('',#10108,#3072,#3073);
#2681=AXIS2_PLACEMENT_3D('',#10111,#3076,#3077);
#2682=AXIS2_PLACEMENT_3D('',#10114,#3080,#3081);
#2683=AXIS2_PLACEMENT_3D('',#10115,#3082,#3083);
#2684=AXIS2_PLACEMENT_3D('',#10116,#3084,#3085);
#2685=AXIS2_PLACEMENT_3D('',#10182,#3086,#3087);
#2686=AXIS2_PLACEMENT_3D('',#10183,#3088,#3089);
#2687=AXIS2_PLACEMENT_3D('',#10185,#3090,#3091);
#2688=AXIS2_PLACEMENT_3D('',#10186,#3092,#3093);
#2689=AXIS2_PLACEMENT_3D('',#10390,#3094,#3095);
#2690=AXIS2_PLACEMENT_3D('',#10391,#3096,#3097);
#2691=AXIS2_PLACEMENT_3D('',#10392,#3098,#3099);
#2692=AXIS2_PLACEMENT_3D('',#10393,#3100,#3101);
#2693=AXIS2_PLACEMENT_3D('',#10394,#3102,#3103);
#2694=AXIS2_PLACEMENT_3D('',#10395,#3104,#3105);
#2695=AXIS2_PLACEMENT_3D('',#10615,#3106,#3107);
#2696=AXIS2_PLACEMENT_3D('',#10616,#3108,#3109);
#2697=AXIS2_PLACEMENT_3D('',#10617,#3110,#3111);
#2698=AXIS2_PLACEMENT_3D('',#10618,#3112,#3113);
#2699=AXIS2_PLACEMENT_3D('',#10637,#3116,#3117);
#2700=AXIS2_PLACEMENT_3D('',#10638,#3118,#3119);
#2701=AXIS2_PLACEMENT_3D('',#10639,#3120,#3121);
#2702=AXIS2_PLACEMENT_3D('',#10678,#3122,#3123);
#2703=AXIS2_PLACEMENT_3D('',#10679,#3124,#3125);
#2704=AXIS2_PLACEMENT_3D('',#10680,#3126,#3127);
#2705=AXIS2_PLACEMENT_3D('',#10681,#3128,#3129);
#2706=AXIS2_PLACEMENT_3D('',#10684,#3132,#3133);
#2707=AXIS2_PLACEMENT_3D('',#10687,#3135,#3136);
#2708=AXIS2_PLACEMENT_3D('',#10688,#3137,#3138);
#2709=AXIS2_PLACEMENT_3D('',#10690,#3140,#3141);
#2710=AXIS2_PLACEMENT_3D('',#10692,#3143,#3144);
#2711=AXIS2_PLACEMENT_3D('',#10694,#3146,#3147);
#2712=AXIS2_PLACEMENT_3D('',#10696,#3149,#3150);
#2713=AXIS2_PLACEMENT_3D('',#10698,#3152,#3153);
#2714=AXIS2_PLACEMENT_3D('',#10702,#3155,#3156);
#2715=AXIS2_PLACEMENT_3D('',#10704,#3157,#3158);
#2716=AXIS2_PLACEMENT_3D('',#10706,#3160,#3161);
#2717=AXIS2_PLACEMENT_3D('',#10708,#3163,#3164);
#2718=AXIS2_PLACEMENT_3D('',#10711,#3166,#3167);
#2719=AXIS2_PLACEMENT_3D('',#10712,#3168,#3169);
#2720=AXIS2_PLACEMENT_3D('',#10715,#3171,#3172);
#2721=AXIS2_PLACEMENT_3D('',#10716,#3173,#3174);
#2722=AXIS2_PLACEMENT_3D('',#10717,#3175,#3176);
#2723=AXIS2_PLACEMENT_3D('',#10721,#3179,#3180);
#2724=AXIS2_PLACEMENT_3D('',#10722,#3181,#3182);
#2725=AXIS2_PLACEMENT_3D('',#10724,#3184,#3185);
#2726=AXIS2_PLACEMENT_3D('',#10726,#3187,#3188);
#2727=AXIS2_PLACEMENT_3D('',#10728,#3189,#3190);
#2728=AXIS2_PLACEMENT_3D('',#10741,#3192,#3193);
#2729=AXIS2_PLACEMENT_3D('',#10742,#3194,#3195);
#2730=AXIS2_PLACEMENT_3D('',#10743,#3196,#3197);
#2731=AXIS2_PLACEMENT_3D('',#10745,#3198,#3199);
#2732=AXIS2_PLACEMENT_3D('',#10746,#3200,#3201);
#2733=AXIS2_PLACEMENT_3D('',#10748,#3202,#3203);
#2734=AXIS2_PLACEMENT_3D('',#10749,#3204,#3205);
#2735=AXIS2_PLACEMENT_3D('',#10752,#3207,#3208);
#2736=AXIS2_PLACEMENT_3D('',#10753,#3209,#3210);
#2737=AXIS2_PLACEMENT_3D('',#10755,#3211,#3212);
#2738=AXIS2_PLACEMENT_3D('',#10756,#3213,#3214);
#2739=AXIS2_PLACEMENT_3D('',#10759,#3216,#3217);
#2740=AXIS2_PLACEMENT_3D('',#10760,#3218,#3219);
#2741=AXIS2_PLACEMENT_3D('',#10762,#3220,#3221);
#2742=AXIS2_PLACEMENT_3D('',#10763,#3222,#3223);
#2743=AXIS2_PLACEMENT_3D('',#10765,#3225,#3226);
#2744=AXIS2_PLACEMENT_3D('',#10767,#3228,#3229);
#2745=AXIS2_PLACEMENT_3D('',#10769,#3231,#3232);
#2746=DIRECTION('axis',(0.,0.,1.));
#2747=DIRECTION('refdir',(1.,0.,0.));
#2748=DIRECTION('center_axis',(0.968420987510767,0.,0.249320658888649));
#2749=DIRECTION('ref_axis',(0.,1.,0.));
#2750=DIRECTION('center_axis',(0.,-0.899014132807416,0.437919614783958));
#2751=DIRECTION('ref_axis',(-0.30783091876462,0.416654710493215,0.855358975913823));
#2752=DIRECTION('center_axis',(0.,-0.899014132807416,0.437919614783958));
#2753=DIRECTION('ref_axis',(-0.30783091876462,0.416654710493215,0.855358975913823));
#2754=DIRECTION('center_axis',(0.,0.,-1.));
#2755=DIRECTION('ref_axis',(-1.,0.,0.));
#2756=DIRECTION('center_axis',(0.,0.,-1.));
#2757=DIRECTION('ref_axis',(-1.,0.,0.));
#2758=DIRECTION('center_axis',(1.,0.,0.));
#2759=DIRECTION('ref_axis',(0.,1.,0.));
#2760=DIRECTION('center_axis',(-0.437919614783939,-0.899014132807425,0.));
#2761=DIRECTION('ref_axis',(0.,0.,1.));
#2762=DIRECTION('center_axis',(-0.437919614783939,-0.899014132807425,0.));
#2763=DIRECTION('ref_axis',(0.,0.,1.));
#2764=DIRECTION('center_axis',(-0.249320658888651,-4.30065311145875E-15,
-0.968420987510767));
#2765=DIRECTION('ref_axis',(-0.880357453498584,0.416654710493214,0.226648640616496));
#2766=DIRECTION('center_axis',(-0.249320658888651,-4.30065311145875E-15,
-0.968420987510767));
#2767=DIRECTION('ref_axis',(-0.880357453498584,0.416654710493214,0.226648640616496));
#2768=DIRECTION('center_axis',(-0.97838679897359,0.,-0.206783151137156));
#2769=DIRECTION('ref_axis',(-0.187979288666021,0.416654710493215,0.889417022131032));
#2770=DIRECTION('center_axis',(0.,0.,-1.));
#2771=DIRECTION('ref_axis',(0.,1.,0.));
#2772=DIRECTION('center_axis',(0.,0.,-1.));
#2773=DIRECTION('ref_axis',(0.,1.,0.));
#2774=DIRECTION('center_axis',(0.,-0.907638755284233,0.419752176773495));
#2775=DIRECTION('ref_axis',(1.,0.,0.));
#2776=DIRECTION('center_axis',(0.,-0.907638755284233,0.419752176773495));
#2777=DIRECTION('ref_axis',(1.,0.,0.));
#2778=DIRECTION('center_axis',(-0.289306396302947,0.,0.957236548120788));
#2779=DIRECTION('ref_axis',(0.,1.,0.));
#2780=DIRECTION('center_axis',(-0.323147538480749,-0.903099714813467,-0.282818976516196));
#2781=DIRECTION('ref_axis',(-0.818817532816668,0.416654710493207,-0.394888212252337));
#2782=DIRECTION('center_axis',(-0.323147538480749,-0.903099714813467,-0.282818976516196));
#2783=DIRECTION('ref_axis',(-0.818817532816668,0.416654710493207,-0.394888212252337));
#2784=DIRECTION('center_axis',(0.977988058090518,0.,0.208660868953281));
#2785=DIRECTION('ref_axis',(0.208660868953281,0.,-0.977988058090518));
#2786=DIRECTION('center_axis',(0.977988058090518,0.,0.208660868953281));
#2787=DIRECTION('ref_axis',(0.208660868953281,0.,-0.977988058090518));
#2788=DIRECTION('center_axis',(0.208660868953281,0.,0.977988058090518));
#2789=DIRECTION('ref_axis',(0.,1.,0.));
#2790=DIRECTION('center_axis',(-0.282818976516296,-0.903099714813456,-0.32314753848069));
#2791=DIRECTION('ref_axis',(-0.752501816117281,0.,0.658590173583082));
#2792=DIRECTION('center_axis',(-0.282818976516296,-0.903099714813456,-0.32314753848069));
#2793=DIRECTION('ref_axis',(-0.752501816117281,0.,0.658590173583082));
#2794=DIRECTION('center_axis',(0.957236548120787,0.,-0.289306396302952));
#2795=DIRECTION('ref_axis',(-0.262998267917327,0.416654710493213,-0.870190073085359));
#2796=DIRECTION('center_axis',(0.957236548120787,0.,-0.289306396302952));
#2797=DIRECTION('ref_axis',(-0.262998267917327,0.416654710493213,-0.870190073085359));
#2798=DIRECTION('center_axis',(0.,0.,1.));
#2799=DIRECTION('ref_axis',(0.,-1.,0.));
#2800=DIRECTION('center_axis',(0.,0.908417096629478,-0.418065041053744));
#2801=DIRECTION('ref_axis',(-1.,0.,0.));
#2802=DIRECTION('center_axis',(0.,0.908417096629478,-0.418065041053744));
#2803=DIRECTION('ref_axis',(-1.,0.,0.));
#2804=DIRECTION('center_axis',(0.991016822353126,1.19699354593389E-15,-0.133737271592898));
#2805=DIRECTION('ref_axis',(0.121575849114962,0.416654710493213,0.900898532097701));
#2806=DIRECTION('center_axis',(0.991016822353126,1.19699354593389E-15,-0.133737271592898));
#2807=DIRECTION('ref_axis',(0.121575849114962,0.416654710493213,0.900898532097701));
#2808=DIRECTION('center_axis',(-0.991016822353126,-3.12259185895799E-16,
-0.133737271592899));
#2809=DIRECTION('ref_axis',(-0.133737271592899,0.,0.991016822353126));
#2810=DIRECTION('center_axis',(-0.991016822353126,-3.12259185895799E-16,
-0.133737271592899));
#2811=DIRECTION('ref_axis',(-0.133737271592899,0.,0.991016822353126));
#2812=DIRECTION('center_axis',(0.,0.908417096629478,-0.418065041053744));
#2813=DIRECTION('ref_axis',(-0.0820704756485525,0.416654710493217,0.905352577314846));
#2814=DIRECTION('center_axis',(0.,0.908417096629478,-0.418065041053744));
#2815=DIRECTION('ref_axis',(-0.0820704756485525,0.416654710493217,0.905352577314846));
#2816=DIRECTION('center_axis',(0.,0.,1.));
#2817=DIRECTION('ref_axis',(-1.,0.,0.));
#2818=DIRECTION('center_axis',(0.,0.,1.));
#2819=DIRECTION('ref_axis',(-1.,0.,0.));
#2820=DIRECTION('center_axis',(-0.957236548120788,0.,-0.289306396302947));
#2821=DIRECTION('ref_axis',(0.,1.,0.));
#2822=DIRECTION('center_axis',(0.282818962754573,-0.903099716328212,-0.323147546291676));
#2823=DIRECTION('ref_axis',(0.394888209651075,0.416654710493205,-0.81881753407117));
#2824=DIRECTION('center_axis',(0.282818962754573,-0.903099716328212,-0.323147546291676));
#2825=DIRECTION('ref_axis',(0.394888209651075,0.416654710493205,-0.81881753407117));
#2826=DIRECTION('center_axis',(-0.208660868953281,1.15830050525113E-16,
0.977988058090518));
#2827=DIRECTION('ref_axis',(0.977988058090518,0.,0.208660868953281));
#2828=DIRECTION('center_axis',(-0.208660868953281,1.15830050525113E-16,
0.977988058090518));
#2829=DIRECTION('ref_axis',(0.977988058090518,0.,0.208660868953281));
#2830=DIRECTION('center_axis',(0.,-0.907638755284231,0.4197521767735));
#2831=DIRECTION('ref_axis',(0.121260439163219,0.416654710493219,0.900941040311604));
#2832=DIRECTION('center_axis',(0.,0.,-1.));
#2833=DIRECTION('ref_axis',(-1.,0.,0.));
#2834=DIRECTION('center_axis',(0.,0.,-1.));
#2835=DIRECTION('ref_axis',(-1.,0.,0.));
#2836=DIRECTION('center_axis',(0.97838679897359,0.,-0.206783151137157));
#2837=DIRECTION('ref_axis',(0.,1.,0.));
#2838=DIRECTION('center_axis',(0.97838679897359,0.,-0.206783151137157));
#2839=DIRECTION('ref_axis',(0.,1.,0.));
#2840=DIRECTION('center_axis',(-0.977988058090517,0.,0.208660868953283));
#2841=DIRECTION('ref_axis',(0.,1.,0.));
#2842=DIRECTION('center_axis',(0.323147538480692,-0.903099714813455,-0.282818976516297));
#2843=DIRECTION('ref_axis',(-0.658590173583081,0.,-0.752501816117282));
#2844=DIRECTION('center_axis',(0.323147538480692,-0.903099714813455,-0.282818976516297));
#2845=DIRECTION('ref_axis',(-0.658590173583081,0.,-0.752501816117282));
#2846=DIRECTION('center_axis',(0.289306396302949,2.12549211147282E-15,0.957236548120788));
#2847=DIRECTION('ref_axis',(0.87019007308536,0.416654710493213,-0.262998267917324));
#2848=DIRECTION('center_axis',(0.289306396302949,2.12549211147282E-15,0.957236548120788));
#2849=DIRECTION('ref_axis',(0.87019007308536,0.416654710493213,-0.262998267917324));
#2850=DIRECTION('center_axis',(0.,0.,-1.));
#2851=DIRECTION('ref_axis',(0.,1.,0.));
#2852=DIRECTION('center_axis',(0.,-0.899014132807414,0.437919614783961));
#2853=DIRECTION('ref_axis',(1.,0.,0.));
#2854=DIRECTION('center_axis',(0.,-0.899014132807414,0.437919614783961));
#2855=DIRECTION('ref_axis',(1.,0.,0.));
#2856=DIRECTION('center_axis',(-0.968420987510767,-5.37581638932344E-16,
0.24932065888865));
#2857=DIRECTION('ref_axis',(0.226648640616497,0.416654710493214,0.880357453498583));
#2858=DIRECTION('center_axis',(-0.968420987510767,-5.37581638932344E-16,
0.24932065888865));
#2859=DIRECTION('ref_axis',(0.226648640616497,0.416654710493214,0.880357453498583));
#2860=DIRECTION('center_axis',(0.249320658888649,0.,-0.968420987510768));
#2861=DIRECTION('ref_axis',(0.,1.,0.));
#2862=DIRECTION('center_axis',(0.437919614783939,-0.899014132807425,0.));
#2863=DIRECTION('ref_axis',(0.855358975913875,0.416654710493217,0.307830918764474));
#2864=DIRECTION('center_axis',(0.437919614783939,-0.899014132807425,0.));
#2865=DIRECTION('ref_axis',(0.855358975913875,0.416654710493217,0.307830918764474));
#2866=DIRECTION('center_axis',(-1.,0.,0.));
#2867=DIRECTION('ref_axis',(0.,0.,1.));
#2868=DIRECTION('center_axis',(-1.,0.,0.));
#2869=DIRECTION('ref_axis',(0.,0.,1.));
#2870=DIRECTION('center_axis',(-1.,0.,0.));
#2871=DIRECTION('ref_axis',(0.,0.,-1.));
#2872=DIRECTION('center_axis',(-1.,0.,-5.28764907055731E-17));
#2873=DIRECTION('ref_axis',(0.,0.,-1.));
#2874=DIRECTION('center_axis',(0.,-1.,0.));
#2875=DIRECTION('ref_axis',(0.,0.,-1.));
#2876=DIRECTION('center_axis',(0.,1.,0.));
#2877=DIRECTION('ref_axis',(-1.,0.,0.));
#2878=DIRECTION('center_axis',(-1.,0.,0.));
#2879=DIRECTION('ref_axis',(0.,0.,1.));
#2880=DIRECTION('center_axis',(0.,-1.,0.));
#2881=DIRECTION('ref_axis',(-1.,0.,0.));
#2882=DIRECTION('center_axis',(0.,-1.,0.));
#2883=DIRECTION('ref_axis',(-1.,0.,0.));
#2884=DIRECTION('center_axis',(0.,-1.,0.));
#2885=DIRECTION('ref_axis',(-1.,0.,0.));
#2886=DIRECTION('',(0.,1.,0.));
#2887=DIRECTION('center_axis',(0.,1.,0.));
#2888=DIRECTION('ref_axis',(-1.,0.,0.));
#2889=DIRECTION('center_axis',(0.,1.,0.));
#2890=DIRECTION('ref_axis',(-1.,0.,0.));
#2891=DIRECTION('center_axis',(0.,1.,0.));
#2892=DIRECTION('ref_axis',(0.,0.,1.));
#2893=DIRECTION('center_axis',(0.,1.,0.));
#2894=DIRECTION('ref_axis',(-0.707106781186547,0.,0.707106781186547));
#2895=DIRECTION('center_axis',(0.,-1.,0.));
#2896=DIRECTION('ref_axis',(-0.707106781186548,0.,0.707106781186548));
#2897=DIRECTION('center_axis',(0.,1.,0.));
#2898=DIRECTION('ref_axis',(-0.707106781186547,0.,0.707106781186547));
#2899=DIRECTION('center_axis',(0.,1.,0.));
#2900=DIRECTION('ref_axis',(-1.,0.,0.));
#2901=DIRECTION('',(1.,0.,-4.23011925644584E-16));
#2902=DIRECTION('center_axis',(0.,-1.,0.));
#2903=DIRECTION('ref_axis',(-0.707106781186547,0.,0.707106781186548));
#2904=DIRECTION('center_axis',(0.,1.,0.));
#2905=DIRECTION('ref_axis',(-1.,0.,0.));
#2906=DIRECTION('center_axis',(0.,-1.,0.));
#2907=DIRECTION('ref_axis',(-0.707106781186547,0.,0.707106781186548));
#2908=DIRECTION('',(0.,0.,1.));
#2909=DIRECTION('center_axis',(0.,1.,0.));
#2910=DIRECTION('ref_axis',(0.,0.,1.));
#2911=DIRECTION('center_axis',(0.,1.,0.));
#2912=DIRECTION('ref_axis',(-0.707106781186547,0.,0.707106781186548));
#2913=DIRECTION('center_axis',(0.,1.,0.));
#2914=DIRECTION('ref_axis',(0.,0.,1.));
#2915=DIRECTION('center_axis',(0.,1.,0.));
#2916=DIRECTION('ref_axis',(0.707106781186547,0.,0.707106781186548));
#2917=DIRECTION('center_axis',(0.,-1.,0.));
#2918=DIRECTION('ref_axis',(0.707106781186547,0.,0.707106781186548));
#2919=DIRECTION('center_axis',(0.,-1.,0.));
#2920=DIRECTION('ref_axis',(0.707106781186547,0.,0.707106781186548));
#2921=DIRECTION('center_axis',(0.,1.,0.));
#2922=DIRECTION('ref_axis',(0.707106781186547,0.,0.707106781186548));
#2923=DIRECTION('center_axis',(0.,1.,0.));
#2924=DIRECTION('ref_axis',(-1.,0.,0.));
#2925=DIRECTION('',(5.28764907055731E-17,0.,-1.));
#2926=DIRECTION('center_axis',(0.,-1.,0.));
#2927=DIRECTION('ref_axis',(0.707106781186548,0.,0.707106781186548));
#2928=DIRECTION('center_axis',(0.,1.,0.));
#2929=DIRECTION('ref_axis',(-1.,0.,0.));
#2930=DIRECTION('center_axis',(0.,-1.,0.));
#2931=DIRECTION('ref_axis',(0.707106781186548,0.,0.707106781186548));
#2932=DIRECTION('',(1.,0.,0.));
#2933=DIRECTION('center_axis',(0.,1.,0.));
#2934=DIRECTION('ref_axis',(0.,0.,1.));
#2935=DIRECTION('center_axis',(0.,1.,0.));
#2936=DIRECTION('ref_axis',(0.707106781186548,0.,0.707106781186548));
#2937=DIRECTION('center_axis',(0.,1.,0.));
#2938=DIRECTION('ref_axis',(0.,0.,1.));
#2939=DIRECTION('center_axis',(0.,-1.,0.));
#2940=DIRECTION('ref_axis',(-1.,0.,0.));
#2941=DIRECTION('center_axis',(-1.,0.,1.48029736616688E-16));
#2942=DIRECTION('ref_axis',(-1.48029736616688E-16,0.,-1.));
#2943=DIRECTION('center_axis',(0.,1.,0.));
#2944=DIRECTION('ref_axis',(-1.,0.,0.));
#2945=DIRECTION('center_axis',(0.,-1.,0.));
#2946=DIRECTION('ref_axis',(-1.,0.,0.));
#2947=DIRECTION('center_axis',(0.,1.,0.));
#2948=DIRECTION('ref_axis',(-1.,0.,0.));
#2949=DIRECTION('center_axis',(0.,1.,0.));
#2950=DIRECTION('ref_axis',(-7.40148683083438E-17,0.,-1.));
#2951=DIRECTION('',(0.,-1.,0.));
#2952=DIRECTION('center_axis',(0.,1.,0.));
#2953=DIRECTION('ref_axis',(-7.40148683083438E-17,0.,-1.));
#2954=DIRECTION('center_axis',(0.,1.,0.));
#2955=DIRECTION('ref_axis',(-1.,0.,0.));
#2956=DIRECTION('center_axis',(0.,-1.,0.));
#2957=DIRECTION('ref_axis',(-1.,0.,0.));
#2958=DIRECTION('center_axis',(0.,-1.,0.));
#2959=DIRECTION('ref_axis',(-1.,0.,0.));
#2960=DIRECTION('center_axis',(0.,-1.,0.));
#2961=DIRECTION('ref_axis',(-1.,0.,0.));
#2962=DIRECTION('center_axis',(0.,-1.,0.));
#2963=DIRECTION('ref_axis',(-1.,0.,0.));
#2964=DIRECTION('center_axis',(0.,0.,1.));
#2965=DIRECTION('ref_axis',(0.707106781186545,-0.70710678118655,0.));
#2966=DIRECTION('',(0.,0.,1.));
#2967=DIRECTION('',(0.,0.,-1.));
#2968=DIRECTION('center_axis',(0.,0.,-1.));
#2969=DIRECTION('ref_axis',(-0.707106781186545,-0.70710678118655,0.));
#2970=DIRECTION('',(0.,0.,1.));
#2971=DIRECTION('',(0.,0.,-1.));
#2972=DIRECTION('center_axis',(0.,-1.,0.));
#2973=DIRECTION('ref_axis',(0.,0.,-1.));
#2974=DIRECTION('center_axis',(0.,1.,0.));
#2975=DIRECTION('ref_axis',(0.,0.,-1.));
#2976=DIRECTION('center_axis',(0.,-1.,0.));
#2977=DIRECTION('ref_axis',(0.,0.,-1.));
#2978=DIRECTION('center_axis',(0.,1.,0.));
#2979=DIRECTION('ref_axis',(-1.,0.,0.));
#2980=DIRECTION('center_axis',(0.,-1.,0.));
#2981=DIRECTION('ref_axis',(-1.,0.,0.));
#2982=DIRECTION('center_axis',(0.,-1.,0.));
#2983=DIRECTION('ref_axis',(-1.,0.,0.));
#2984=DIRECTION('',(0.,0.,-1.));
#2985=DIRECTION('',(0.,0.,1.));
#2986=DIRECTION('center_axis',(0.,-1.,0.));
#2987=DIRECTION('ref_axis',(0.,0.,-1.));
#2988=DIRECTION('center_axis',(0.,1.,0.));
#2989=DIRECTION('ref_axis',(-0.707106781186548,0.,-0.707106781186548));
#2990=DIRECTION('center_axis',(0.,0.,1.));
#2991=DIRECTION('ref_axis',(1.,0.,0.));
#2992=DIRECTION('center_axis',(0.,-1.,0.));
#2993=DIRECTION('ref_axis',(0.,0.,-1.));
#2994=DIRECTION('center_axis',(1.,0.,0.));
#2995=DIRECTION('ref_axis',(0.,1.,0.));
#2996=DIRECTION('center_axis',(0.249320658888649,0.,-0.968420987510768));
#2997=DIRECTION('ref_axis',(0.,1.,0.));
#2998=DIRECTION('center_axis',(0.,0.,1.));
#2999=DIRECTION('ref_axis',(-0.707106781186555,0.70710678118654,0.));
#3000=DIRECTION('',(0.,0.,-1.));
#3001=DIRECTION('',(0.,0.,1.));
#3002=DIRECTION('center_axis',(0.,0.,-1.));
#3003=DIRECTION('ref_axis',(0.,1.,0.));
#3004=DIRECTION('center_axis',(5.28764907055731E-17,0.,-1.));
#3005=DIRECTION('ref_axis',(0.707106781186549,0.707106781186546,0.));
#3006=DIRECTION('',(-5.28764907055731E-17,0.,1.));
#3007=DIRECTION('',(5.28764907055731E-17,0.,-1.));
#3008=DIRECTION('center_axis',(-0.977988058090517,0.,0.208660868953283));
#3009=DIRECTION('ref_axis',(0.,1.,0.));
#3010=DIRECTION('center_axis',(0.,-1.,0.));
#3011=DIRECTION('ref_axis',(0.,0.,-1.));
#3012=DIRECTION('center_axis',(0.,1.,0.));
#3013=DIRECTION('ref_axis',(0.,0.,-1.));
#3014=DIRECTION('center_axis',(0.,-1.,0.));
#3015=DIRECTION('ref_axis',(0.,0.,-1.));
#3016=DIRECTION('center_axis',(0.,-0.907638755284231,0.4197521767735));
#3017=DIRECTION('ref_axis',(0.121260439163219,0.416654710493219,0.900941040311604));
#3018=DIRECTION('center_axis',(-0.957236548120788,0.,-0.289306396302947));
#3019=DIRECTION('ref_axis',(0.,1.,0.));
#3020=DIRECTION('center_axis',(0.,0.,-1.));
#3021=DIRECTION('ref_axis',(0.707106781186543,0.707106781186552,0.));
#3022=DIRECTION('',(0.,0.,1.));
#3023=DIRECTION('',(0.,0.,-1.));
#3024=DIRECTION('center_axis',(0.,0.,1.));
#3025=DIRECTION('ref_axis',(0.,-1.,0.));
#3026=DIRECTION('center_axis',(0.,-1.,0.));
#3027=DIRECTION('ref_axis',(0.,0.,-1.));
#3028=DIRECTION('center_axis',(0.,-1.,0.));
#3029=DIRECTION('ref_axis',(-7.44663087734587E-17,0.,-1.));
#3030=DIRECTION('center_axis',(0.,0.,1.));
#3031=DIRECTION('ref_axis',(0.707106781186545,-0.70710678118655,0.));
#3032=DIRECTION('',(0.,0.,-1.));
#3033=DIRECTION('center_axis',(0.,0.,-1.));
#3034=DIRECTION('ref_axis',(-0.707106781186545,-0.70710678118655,0.));
#3035=DIRECTION('',(0.,0.,1.));
#3036=DIRECTION('center_axis',(0.208660868953281,0.,0.977988058090518));
#3037=DIRECTION('ref_axis',(0.,1.,0.));
#3038=DIRECTION('center_axis',(0.,-1.,0.));
#3039=DIRECTION('ref_axis',(0.,0.,-1.));
#3040=DIRECTION('center_axis',(0.,1.,0.));
#3041=DIRECTION('ref_axis',(-1.,0.,0.));
#3042=DIRECTION('center_axis',(0.,-1.,0.));
#3043=DIRECTION('ref_axis',(-1.,0.,0.));
#3044=DIRECTION('center_axis',(-0.289306396302947,0.,0.957236548120788));
#3045=DIRECTION('ref_axis',(0.,1.,0.));
#3046=DIRECTION('center_axis',(-0.97838679897359,0.,-0.206783151137156));
#3047=DIRECTION('ref_axis',(-0.187979288666021,0.416654710493215,0.889417022131032));
#3048=DIRECTION('center_axis',(0.,0.,-1.));
#3049=DIRECTION('ref_axis',(0.707106781186543,0.707106781186552,0.));
#3050=DIRECTION('',(0.,0.,1.));
#3051=DIRECTION('',(0.,0.,-1.));
#3052=DIRECTION('center_axis',(1.,0.,0.));
#3053=DIRECTION('ref_axis',(0.,1.,0.));
#3054=DIRECTION('center_axis',(0.968420987510767,0.,0.249320658888649));
#3055=DIRECTION('ref_axis',(0.,1.,0.));
#3056=DIRECTION('center_axis',(0.,1.,0.));
#3057=DIRECTION('ref_axis',(0.,0.,1.));
#3058=DIRECTION('center_axis',(0.,-1.,0.));
#3059=DIRECTION('ref_axis',(-0.2393995345407,0.,0.970921141422771));
#3060=DIRECTION('center_axis',(0.,1.,0.));
#3061=DIRECTION('ref_axis',(-0.2393995345407,0.,0.970921141422771));
#3062=DIRECTION('center_axis',(0.,-1.,0.));
#3063=DIRECTION('ref_axis',(0.,0.,-1.));
#3064=DIRECTION('center_axis',(0.,1.,0.));
#3065=DIRECTION('ref_axis',(0.707106781186547,0.,-0.707106781186548));
#3066=DIRECTION('center_axis',(-1.,0.,0.));
#3067=DIRECTION('ref_axis',(0.,0.,1.));
#3068=DIRECTION('center_axis',(0.,-1.,0.));
#3069=DIRECTION('ref_axis',(1.,0.,0.));
#3070=DIRECTION('center_axis',(0.,0.,1.));
#3071=DIRECTION('ref_axis',(0.,1.,0.));
#3072=DIRECTION('center_axis',(0.,0.,1.));
#3073=DIRECTION('ref_axis',(-0.707106781186548,0.707106781186547,0.));
#3074=DIRECTION('',(0.,0.,-1.));
#3075=DIRECTION('',(0.,0.,1.));
#3076=DIRECTION('center_axis',(1.,0.,-4.23011925644584E-16));
#3077=DIRECTION('ref_axis',(0.,0.707106781186544,0.707106781186551));
#3078=DIRECTION('',(-1.,0.,4.23011925644584E-16));
#3079=DIRECTION('',(1.,0.,-4.23011925644584E-16));
#3080=DIRECTION('center_axis',(0.,1.,0.));
#3081=DIRECTION('ref_axis',(0.,0.,1.));
#3082=DIRECTION('center_axis',(0.,-1.,0.));
#3083=DIRECTION('ref_axis',(-0.999486997820259,0.,-0.0320271945109895));
#3084=DIRECTION('center_axis',(0.,1.,0.));
#3085=DIRECTION('ref_axis',(-0.999486997820259,0.,-0.0320271945109895));
#3086=DIRECTION('center_axis',(0.,-1.,0.));
#3087=DIRECTION('ref_axis',(0.707106781186548,0.,0.707106781186547));
#3088=DIRECTION('center_axis',(0.,1.,0.));
#3089=DIRECTION('ref_axis',(0.707106781186547,0.,0.707106781186548));
#3090=DIRECTION('center_axis',(0.,-1.,0.));
#3091=DIRECTION('ref_axis',(0.707106781186547,0.,0.707106781186548));
#3092=DIRECTION('center_axis',(0.,-1.,0.));
#3093=DIRECTION('ref_axis',(0.707106781186547,0.,0.707106781186548));
#3094=DIRECTION('center_axis',(0.,1.,0.));
#3095=DIRECTION('ref_axis',(-1.43024962558176E-16,0.,-1.));
#3096=DIRECTION('center_axis',(0.,-1.,0.));
#3097=DIRECTION('ref_axis',(-8.18059070776431E-16,0.,-1.));
#3098=DIRECTION('center_axis',(0.,1.,0.));
#3099=DIRECTION('ref_axis',(-1.02299909893921E-15,0.,-1.));
#3100=DIRECTION('center_axis',(0.,-1.,0.));
#3101=DIRECTION('ref_axis',(-0.707106781186548,0.,0.707106781186547));
#3102=DIRECTION('center_axis',(0.,1.,0.));
#3103=DIRECTION('ref_axis',(-0.707106781186547,0.,0.707106781186548));
#3104=DIRECTION('center_axis',(0.,-1.,0.));
#3105=DIRECTION('ref_axis',(-0.707106781186547,0.,0.707106781186548));
#3106=DIRECTION('center_axis',(0.,1.,0.));
#3107=DIRECTION('ref_axis',(0.,0.,1.));
#3108=DIRECTION('center_axis',(0.,-1.,0.));
#3109=DIRECTION('ref_axis',(0.2393995345407,0.,0.970921141422771));
#3110=DIRECTION('center_axis',(0.,1.,0.));
#3111=DIRECTION('ref_axis',(0.2393995345407,0.,0.970921141422771));
#3112=DIRECTION('center_axis',(0.,0.,1.));
#3113=DIRECTION('ref_axis',(-0.707106781186555,0.70710678118654,0.));
#3114=DIRECTION('',(0.,0.,1.));
#3115=DIRECTION('',(0.,0.,-1.));
#3116=DIRECTION('center_axis',(0.,1.,0.));
#3117=DIRECTION('ref_axis',(0.,0.,1.));
#3118=DIRECTION('center_axis',(0.,-1.,0.));
#3119=DIRECTION('ref_axis',(0.999486997820259,0.,-0.0320271945109895));
#3120=DIRECTION('center_axis',(0.,1.,0.));
#3121=DIRECTION('ref_axis',(0.999486997820259,0.,-0.0320271945109895));
#3122=DIRECTION('center_axis',(0.,-1.,0.));
#3123=DIRECTION('ref_axis',(0.,0.,-1.));
#3124=DIRECTION('center_axis',(0.,-1.,0.));
#3125=DIRECTION('ref_axis',(1.,0.,0.));
#3126=DIRECTION('center_axis',(0.,1.,0.));
#3127=DIRECTION('ref_axis',(1.,0.,0.));
#3128=DIRECTION('center_axis',(1.,0.,0.));
#3129=DIRECTION('ref_axis',(0.,0.707106781186544,0.707106781186551));
#3130=DIRECTION('',(-1.,0.,0.));
#3131=DIRECTION('',(1.,0.,0.));
#3132=DIRECTION('center_axis',(1.,0.,0.));
#3133=DIRECTION('ref_axis',(0.,1.,0.));
#3134=DIRECTION('',(0.,1.,0.));
#3135=DIRECTION('center_axis',(1.,0.,0.));
#3136=DIRECTION('ref_axis',(0.,0.,-1.));
#3137=DIRECTION('center_axis',(0.,-1.,0.));
#3138=DIRECTION('ref_axis',(1.,0.,-1.22464679914735E-16));
#3139=DIRECTION('',(0.,-1.,0.));
#3140=DIRECTION('center_axis',(1.,0.,0.));
#3141=DIRECTION('ref_axis',(0.,1.,0.));
#3142=DIRECTION('',(0.,-1.,0.));
#3143=DIRECTION('center_axis',(0.,-1.,0.));
#3144=DIRECTION('ref_axis',(-2.83276944882399E-16,0.,-1.));
#3145=DIRECTION('',(0.,1.,0.));
#3146=DIRECTION('center_axis',(-1.,0.,0.));
#3147=DIRECTION('ref_axis',(0.,-1.,0.));
#3148=DIRECTION('',(0.,1.,0.));
#3149=DIRECTION('center_axis',(0.,-1.,0.));
#3150=DIRECTION('ref_axis',(-1.,0.,0.));
#3151=DIRECTION('',(0.,-1.,0.));
#3152=DIRECTION('center_axis',(1.,0.,0.));
#3153=DIRECTION('ref_axis',(0.,0.,1.));
#3154=DIRECTION('',(0.,1.,0.));
#3155=DIRECTION('center_axis',(1.,0.,0.));
#3156=DIRECTION('ref_axis',(0.,0.,-1.));
#3157=DIRECTION('center_axis',(1.,0.,0.));
#3158=DIRECTION('ref_axis',(0.,0.,-1.));
#3159=DIRECTION('',(0.,1.,0.));
#3160=DIRECTION('center_axis',(0.,0.,-1.));
#3161=DIRECTION('ref_axis',(1.,0.,0.));
#3162=DIRECTION('',(0.,1.,0.));
#3163=DIRECTION('center_axis',(0.,-1.,0.));
#3164=DIRECTION('ref_axis',(-1.,0.,0.));
#3165=DIRECTION('',(0.,-1.,0.));
#3166=DIRECTION('center_axis',(0.,-1.,0.));
#3167=DIRECTION('ref_axis',(-1.,0.,0.));
#3168=DIRECTION('center_axis',(0.,-1.,0.));
#3169=DIRECTION('ref_axis',(-1.,0.,0.));
#3170=DIRECTION('',(0.,-1.,0.));
#3171=DIRECTION('center_axis',(0.,-1.,0.));
#3172=DIRECTION('ref_axis',(-1.,0.,0.));
#3173=DIRECTION('center_axis',(0.,-1.,0.));
#3174=DIRECTION('ref_axis',(-1.96656730023688E-6,0.,-0.999999999998066));
#3175=DIRECTION('center_axis',(-1.,0.,-5.28764907055731E-17));
#3176=DIRECTION('ref_axis',(5.28764907055731E-17,0.,-1.));
#3177=DIRECTION('',(0.,-1.,0.));
#3178=DIRECTION('',(0.,-1.,0.));
#3179=DIRECTION('center_axis',(-1.,0.,-5.28764907055731E-17));
#3180=DIRECTION('ref_axis',(0.,0.,-1.));
#3181=DIRECTION('center_axis',(-4.23011925644584E-16,0.,-1.));
#3182=DIRECTION('ref_axis',(1.,0.,-4.23011925644584E-16));
#3183=DIRECTION('',(0.,-1.,0.));
#3184=DIRECTION('center_axis',(1.,0.,0.));
#3185=DIRECTION('ref_axis',(0.,0.,-1.));
#3186=DIRECTION('',(1.,0.,0.));
#3187=DIRECTION('center_axis',(-1.,0.,0.));
#3188=DIRECTION('ref_axis',(0.,0.,-1.));
#3189=DIRECTION('center_axis',(-1.,0.,0.));
#3190=DIRECTION('ref_axis',(0.,0.,-1.));
#3191=DIRECTION('',(-1.,0.,0.));
#3192=DIRECTION('center_axis',(0.,1.,0.));
#3193=DIRECTION('ref_axis',(-1.,0.,0.));
#3194=DIRECTION('center_axis',(-1.,0.,0.));
#3195=DIRECTION('ref_axis',(0.,-1.,0.));
#3196=DIRECTION('center_axis',(0.,1.,0.));
#3197=DIRECTION('ref_axis',(-1.,0.,0.));
#3198=DIRECTION('center_axis',(0.,1.,0.));
#3199=DIRECTION('ref_axis',(-1.,0.,0.));
#3200=DIRECTION('center_axis',(0.,1.,0.));
#3201=DIRECTION('ref_axis',(-1.,0.,0.));
#3202=DIRECTION('center_axis',(0.,1.,0.));
#3203=DIRECTION('ref_axis',(-1.,0.,0.));
#3204=DIRECTION('center_axis',(0.,-1.,0.));
#3205=DIRECTION('ref_axis',(-1.,0.,0.));
#3206=DIRECTION('',(0.,-1.,0.));
#3207=DIRECTION('center_axis',(0.,-1.,0.));
#3208=DIRECTION('ref_axis',(-1.,0.,0.));
#3209=DIRECTION('center_axis',(0.,1.,0.));
#3210=DIRECTION('ref_axis',(-1.,0.,0.));
#3211=DIRECTION('center_axis',(0.,1.,0.));
#3212=DIRECTION('ref_axis',(-1.,0.,0.));
#3213=DIRECTION('center_axis',(0.,-1.,0.));
#3214=DIRECTION('ref_axis',(-1.,0.,0.));
#3215=DIRECTION('',(0.,-1.,0.));
#3216=DIRECTION('center_axis',(0.,-1.,0.));
#3217=DIRECTION('ref_axis',(-1.,0.,0.));
#3218=DIRECTION('center_axis',(0.,1.,0.));
#3219=DIRECTION('ref_axis',(-1.,0.,0.));
#3220=DIRECTION('center_axis',(0.,1.,0.));
#3221=DIRECTION('ref_axis',(-1.,0.,0.));
#3222=DIRECTION('center_axis',(0.,1.,0.));
#3223=DIRECTION('ref_axis',(-1.,0.,0.));
#3224=DIRECTION('',(0.,-1.,0.));
#3225=DIRECTION('center_axis',(0.,1.,0.));
#3226=DIRECTION('ref_axis',(-1.,0.,0.));
#3227=DIRECTION('',(0.,-1.,0.));
#3228=DIRECTION('center_axis',(0.,1.,0.));
#3229=DIRECTION('ref_axis',(-1.,0.,0.));
#3230=DIRECTION('',(0.,-1.,0.));
#3231=DIRECTION('center_axis',(0.,1.,0.));
#3232=DIRECTION('ref_axis',(-1.,0.,0.));
#3233=DIRECTION('',(0.,-1.,0.));
#3234=CARTESIAN_POINT('',(0.,0.,0.));
#3235=CARTESIAN_POINT('Ctrl Pts',(-0.40615628146555,1.76129297614065,1.07890151791255));
#3236=CARTESIAN_POINT('Ctrl Pts',(-0.40466238030316,1.76231806698586,1.07956080699011));
#3237=CARTESIAN_POINT('Ctrl Pts',(-0.401410331598671,1.76420595164328,1.0808956705081));
#3238=CARTESIAN_POINT('Ctrl Pts',(-0.395355003182934,1.76664797333906,1.08311581806381));
#3239=CARTESIAN_POINT('Ctrl Pts',(-0.387686923684655,1.76871987118619,1.08566930954868));
#3240=CARTESIAN_POINT('Ctrl Pts',(-0.377971479070757,1.77033687008132,1.08859466650153));
#3241=CARTESIAN_POINT('Ctrl Pts',(-0.366933295840669,1.77112020916503,1.09173211854236));
#3242=CARTESIAN_POINT('Ctrl Pts',(-0.360813151393542,1.77105513324731,1.09333721861902));
#3243=CARTESIAN_POINT('Ctrl Pts',(-0.35766643999314,1.77105513324731,1.09414734166447));
#3244=CARTESIAN_POINT('Ctrl Pts',(-0.40524837187349,1.76031936098295,1.08219612275487));
#3245=CARTESIAN_POINT('Ctrl Pts',(-0.403764403834917,1.76132619230428,1.08269773402389));
#3246=CARTESIAN_POINT('Ctrl Pts',(-0.400511454298721,1.7631959705784,1.08377145813999));
#3247=CARTESIAN_POINT('Ctrl Pts',(-0.394455383590929,1.76562859112923,1.08570264560846));
#3248=CARTESIAN_POINT('Ctrl Pts',(-0.386881271607337,1.76767505010889,1.08800318247549));
#3249=CARTESIAN_POINT('Ctrl Pts',(-0.377403581310482,1.76920892713857,1.09075417373048));
#3250=CARTESIAN_POINT('Ctrl Pts',(-0.367021618115489,1.76987225839286,1.09371607140122));
#3251=CARTESIAN_POINT('Ctrl Pts',(-0.361207348453341,1.76974472754177,1.0953444126067));
#3252=CARTESIAN_POINT('Ctrl Pts',(-0.358190122003373,1.76970728737875,1.09618144766977));
#3253=CARTESIAN_POINT('Ctrl Pts',(-0.403140901345728,1.758056481666,1.08807035343713));
#3254=CARTESIAN_POINT('Ctrl Pts',(-0.401639256683535,1.75906009484801,1.08837623426927));
#3255=CARTESIAN_POINT('Ctrl Pts',(-0.398351340170608,1.76093179277534,1.08910095722375));
#3256=CARTESIAN_POINT('Ctrl Pts',(-0.392297480154006,1.76334320967348,1.09058365884726));
#3257=CARTESIAN_POINT('Ctrl Pts',(-0.384799341900503,1.76528442176558,1.09256534129406));
#3258=CARTESIAN_POINT('Ctrl Pts',(-0.375860786341081,1.76657261245877,1.09506510584586));
#3259=CARTESIAN_POINT('Ctrl Pts',(-0.366994476761009,1.76696308417111,1.09760800827254));
#3260=CARTESIAN_POINT('Ctrl Pts',(-0.361881008776719,1.76672015752748,1.09917846086283));
#3261=CARTESIAN_POINT('Ctrl Pts',(-0.359173373070043,1.76661098188519,1.10000062965493));
#3262=CARTESIAN_POINT('Ctrl Pts',(-0.397896988139891,1.75245507913698,1.09668660461051));
#3263=CARTESIAN_POINT('Ctrl Pts',(-0.39631982481617,1.75353260743114,1.09679862099202));
#3264=CARTESIAN_POINT('Ctrl Pts',(-0.39288804900637,1.75552760408361,1.09716869102777));
#3265=CARTESIAN_POINT('Ctrl Pts',(-0.386869449183117,1.75801251985689,1.09815922657657));
#3266=CARTESIAN_POINT('Ctrl Pts',(-0.380177145053575,1.75988192166204,1.09951862965121));
#3267=CARTESIAN_POINT('Ctrl Pts',(-0.373321870689307,1.7610115385123,1.10109172746015));
#3268=CARTESIAN_POINT('Ctrl Pts',(-0.366836614828531,1.76132399111158,1.10280551351017));
#3269=CARTESIAN_POINT('Ctrl Pts',(-0.362546856889408,1.76106725150555,1.10412989022776));
#3270=CARTESIAN_POINT('Ctrl Pts',(-0.360402784091214,1.76093199719923,1.10477595569685));
#3271=CARTESIAN_POINT('Ctrl Pts',(-0.393073161189158,1.74738716373104,1.10193196287273));
#3272=CARTESIAN_POINT('Ctrl Pts',(-0.391623379644463,1.74858003334415,1.10185770580351));
#3273=CARTESIAN_POINT('Ctrl Pts',(-0.38849833650903,1.75078946164074,1.10185863133619));
#3274=CARTESIAN_POINT('Ctrl Pts',(-0.383262477110252,1.75345551123091,1.10229457430304));
#3275=CARTESIAN_POINT('Ctrl Pts',(-0.37768009727909,1.75535297345618,1.10313282584755));
#3276=CARTESIAN_POINT('Ctrl Pts',(-0.371965281250315,1.75643981290056,1.10431074808189));
#3277=CARTESIAN_POINT('Ctrl Pts',(-0.366363885671111,1.75677381141897,1.10572355458289));
#3278=CARTESIAN_POINT('Ctrl Pts',(-0.36278637859347,1.75665591712193,1.10672681594547));
#3279=CARTESIAN_POINT('Ctrl Pts',(-0.361029181789485,1.75659289620266,1.10720903396737));
#3280=CARTESIAN_POINT('Ctrl Pts',(-0.390659898386485,1.74482202768148,1.10399475271635));
#3281=CARTESIAN_POINT('Ctrl Pts',(-0.389291544349201,1.74603697675066,1.10387204682471));
#3282=CARTESIAN_POINT('Ctrl Pts',(-0.386332596382446,1.74827931737979,1.10378008318688));
#3283=CARTESIAN_POINT('Ctrl Pts',(-0.381434202586204,1.75094135671311,1.10407683871788));
#3284=CARTESIAN_POINT('Ctrl Pts',(-0.376303957422786,1.75280683959435,1.10476247518901));
#3285=CARTESIAN_POINT('Ctrl Pts',(-0.371122658729612,1.7538946987547,1.10576192357061));
#3286=CARTESIAN_POINT('Ctrl Pts',(-0.366072296300167,1.75431975075877,1.10696533093872));
#3287=CARTESIAN_POINT('Ctrl Pts',(-0.362857527008562,1.75432414310885,1.10781207844991));
#3288=CARTESIAN_POINT('Ctrl Pts',(-0.361288436671911,1.75432414310885,1.10821604185182));
#3289=CARTESIAN_POINT('',(-0.40615628146555,1.76129297614065,1.07890151791255));
#3290=CARTESIAN_POINT('',(-0.35766643999314,1.77105513324731,1.09414734166447));
#3291=CARTESIAN_POINT('Ctrl Pts',(-0.40615628146555,1.76129297614065,1.07890151791255));
#3292=CARTESIAN_POINT('Ctrl Pts',(-0.40466238030316,1.76231806698586,1.07956080699011));
#3293=CARTESIAN_POINT('Ctrl Pts',(-0.401410331598671,1.76420595164328,1.0808956705081));
#3294=CARTESIAN_POINT('Ctrl Pts',(-0.395355003182934,1.76664797333906,1.08311581806381));
#3295=CARTESIAN_POINT('Ctrl Pts',(-0.387686923684655,1.76871987118619,1.08566930954868));
#3296=CARTESIAN_POINT('Ctrl Pts',(-0.377971479070757,1.77033687008132,1.08859466650153));
#3297=CARTESIAN_POINT('Ctrl Pts',(-0.366933295840669,1.77112020916503,1.09173211854236));
#3298=CARTESIAN_POINT('Ctrl Pts',(-0.360813151393542,1.77105513324731,1.09333721861902));
#3299=CARTESIAN_POINT('Ctrl Pts',(-0.35766643999314,1.77105513324731,1.09414734166447));
#3300=CARTESIAN_POINT('',(-0.390659898386485,1.74482202768148,1.10399475271635));
#3301=CARTESIAN_POINT('Ctrl Pts',(-0.40615628146555,1.76129297614065,1.07890151791255));
#3302=CARTESIAN_POINT('Ctrl Pts',(-0.40524837187349,1.76031936098295,1.08219612275487));
#3303=CARTESIAN_POINT('Ctrl Pts',(-0.403140901345728,1.758056481666,1.08807035343713));
#3304=CARTESIAN_POINT('Ctrl Pts',(-0.397896988139891,1.75245507913698,1.09668660461051));
#3305=CARTESIAN_POINT('Ctrl Pts',(-0.393073161189158,1.74738716373104,1.10193196287273));
#3306=CARTESIAN_POINT('Ctrl Pts',(-0.390659898386485,1.74482202768148,1.10399475271635));
#3307=CARTESIAN_POINT('',(-0.361288436671911,1.75432414310885,1.10821604185182));
#3308=CARTESIAN_POINT('Ctrl Pts',(-0.390659898386485,1.74482202768148,1.10399475271635));
#3309=CARTESIAN_POINT('Ctrl Pts',(-0.388607367330559,1.74664445128525,1.10381069387889));
#3310=CARTESIAN_POINT('Ctrl Pts',(-0.386303738863684,1.74825438379952,1.10380004375981));
#3311=CARTESIAN_POINT('Ctrl Pts',(-0.383868864909227,1.74957938358781,1.10394557047087));
#3312=CARTESIAN_POINT('Ctrl Pts',(-0.38188187700604,1.75066065456951,1.1040643280821));
#3313=CARTESIAN_POINT('Ctrl Pts',(-0.379810477299884,1.75155033011211,1.10428702964969));
#3314=CARTESIAN_POINT('Ctrl Pts',(-0.37771541651411,1.7522403250417,1.1045944387242));
#3315=CARTESIAN_POINT('Ctrl Pts',(-0.375545383697501,1.75295501153226,1.10491284847361));
#3316=CARTESIAN_POINT('Ctrl Pts',(-0.373348564156022,1.753456049699,1.10532223173675));
#3317=CARTESIAN_POINT('Ctrl Pts',(-0.371185599780342,1.75377812860673,1.10578707263922));
#3318=CARTESIAN_POINT('Ctrl Pts',(-0.369472782721898,1.75403317776682,1.10615517275043));
#3319=CARTESIAN_POINT('Ctrl Pts',(-0.367782045403562,1.75417639263241,1.10655777570365));
#3320=CARTESIAN_POINT('Ctrl Pts',(-0.366130158987515,1.75424913688009,1.10697148314817));
#3321=CARTESIAN_POINT('Ctrl Pts',(-0.365023828698194,1.75429785643115,1.10724855854049));
#3322=CARTESIAN_POINT('Ctrl Pts',(-0.363934247899517,1.75431550186331,1.1075305840102));
#3323=CARTESIAN_POINT('Ctrl Pts',(-0.362861793752329,1.75432127040177,1.10780879322766));
#3324=CARTESIAN_POINT('Ctrl Pts',(-0.362332942706418,1.75432411499667,1.10794598439432));
#3325=CARTESIAN_POINT('Ctrl Pts',(-0.361808730276795,1.75432414310885,1.10808209190024));
#3326=CARTESIAN_POINT('Ctrl Pts',(-0.361288436671911,1.75432414310885,1.10821604185182));
#3327=CARTESIAN_POINT('Origin',(-0.35236526184449,1.73792041434928,1.07355629958809));
#3328=CARTESIAN_POINT('Ctrl Pts',(-0.40615628146555,1.76129297614065,1.07890151791255));
#3329=CARTESIAN_POINT('Ctrl Pts',(-0.40524837187349,1.76031936098295,1.08219612275487));
#3330=CARTESIAN_POINT('Ctrl Pts',(-0.403140901345728,1.758056481666,1.08807035343713));
#3331=CARTESIAN_POINT('Ctrl Pts',(-0.397896988139891,1.75245507913698,1.09668660461051));
#3332=CARTESIAN_POINT('Ctrl Pts',(-0.393073161189158,1.74738716373104,1.10193196287273));
#3333=CARTESIAN_POINT('Ctrl Pts',(-0.390659898386485,1.74482202768148,1.10399475271635));
#3334=CARTESIAN_POINT('Ctrl Pts',(-0.407196227831911,1.75978107771659,1.07988953125615));
#3335=CARTESIAN_POINT('Ctrl Pts',(-0.40627207883056,1.75881281690005,1.08303869608083));
#3336=CARTESIAN_POINT('Ctrl Pts',(-0.404173118623056,1.75655769592755,1.08869190464114));
#3337=CARTESIAN_POINT('Ctrl Pts',(-0.399054191282059,1.750929411704,1.09706687012487));
#3338=CARTESIAN_POINT('Ctrl Pts',(-0.394388872578149,1.74605178655961,1.1021208193777));
#3339=CARTESIAN_POINT('Ctrl Pts',(-0.392028252423769,1.7436070786123,1.10411745860799));
#3340=CARTESIAN_POINT('Ctrl Pts',(-0.409110749213805,1.75648939170537,1.08192292473531));
#3341=CARTESIAN_POINT('Ctrl Pts',(-0.408175352512623,1.75552362138342,1.08482195160116));
#3342=CARTESIAN_POINT('Ctrl Pts',(-0.406103815327219,1.75331335152372,1.09002045885372));
#3343=CARTESIAN_POINT('Ctrl Pts',(-0.401198239519679,1.74763479796898,1.09798977485038));
#3344=CARTESIAN_POINT('Ctrl Pts',(-0.396818224432039,1.74319507049548,1.10264804271122));
#3345=CARTESIAN_POINT('Ctrl Pts',(-0.394544055162595,1.74098708970947,1.1045172049476));
#3346=CARTESIAN_POINT('Ctrl Pts',(-0.411583322938649,1.7504264569227,1.08534973362912));
#3347=CARTESIAN_POINT('Ctrl Pts',(-0.410653890179336,1.74952844644814,1.08786689031101));
#3348=CARTESIAN_POINT('Ctrl Pts',(-0.408603796358472,1.74741368250968,1.0924526041208));
#3349=CARTESIAN_POINT('Ctrl Pts',(-0.40386362677768,1.7419321105655,1.09993092528028));
#3350=CARTESIAN_POINT('Ctrl Pts',(-0.399740771121775,1.7384373814328,1.103907292061));
#3351=CARTESIAN_POINT('Ctrl Pts',(-0.397520412598852,1.73664017661715,1.10557546394253));
#3352=CARTESIAN_POINT('Ctrl Pts',(-0.41367594362684,1.74292039072442,1.08921533260541));
#3353=CARTESIAN_POINT('Ctrl Pts',(-0.412738940025794,1.74214787489123,1.09138843840344));
#3354=CARTESIAN_POINT('Ctrl Pts',(-0.410625828939218,1.74008970569255,1.09568307609007));
#3355=CARTESIAN_POINT('Ctrl Pts',(-0.40585714123654,1.73571587535012,1.10233713472912));
#3356=CARTESIAN_POINT('Ctrl Pts',(-0.401818438111553,1.73340505007523,1.10560000723547));
#3357=CARTESIAN_POINT('Ctrl Pts',(-0.399598357639292,1.73210158376002,1.10703782938373));
#3358=CARTESIAN_POINT('Ctrl Pts',(-0.415293848718601,1.73334031397731,1.09390810261998));
#3359=CARTESIAN_POINT('Ctrl Pts',(-0.414288862075934,1.73285434734941,1.0958473005731));
#3360=CARTESIAN_POINT('Ctrl Pts',(-0.411956457711066,1.73158206650366,1.09968394610024));
#3361=CARTESIAN_POINT('Ctrl Pts',(-0.407028716038428,1.72943448680579,1.10503224256152));
#3362=CARTESIAN_POINT('Ctrl Pts',(-0.402991964372596,1.72827737679384,1.10767085639228));
#3363=CARTESIAN_POINT('Ctrl Pts',(-0.400782285937354,1.7275069886137,1.10884836179576));
#3364=CARTESIAN_POINT('Ctrl Pts',(-0.416059652407196,1.72270027273187,1.09912889880459));
#3365=CARTESIAN_POINT('Ctrl Pts',(-0.414941273944683,1.72296847489294,1.1007007759402));
#3366=CARTESIAN_POINT('Ctrl Pts',(-0.412342026353962,1.72326815851821,1.10381443778743));
#3367=CARTESIAN_POINT('Ctrl Pts',(-0.407333465956448,1.72348338041781,1.10784806842455));
#3368=CARTESIAN_POINT('Ctrl Pts',(-0.403345165900647,1.72319157730407,1.11002442686593));
#3369=CARTESIAN_POINT('Ctrl Pts',(-0.401218042703057,1.72295103191593,1.11091169069052));
#3370=CARTESIAN_POINT('Ctrl Pts',(-0.415972075817404,1.71685949462285,1.10195655581217));
#3371=CARTESIAN_POINT('Ctrl Pts',(-0.414793759465029,1.7174550978371,1.10346954875401));
#3372=CARTESIAN_POINT('Ctrl Pts',(-0.412083094027388,1.71849597815201,1.10633654245909));
#3373=CARTESIAN_POINT('Ctrl Pts',(-0.40706981994815,1.71955702864763,1.10991896563882));
#3374=CARTESIAN_POINT('Ctrl Pts',(-0.403211988243495,1.71992994054241,1.111664952812));
#3375=CARTESIAN_POINT('Ctrl Pts',(-0.401193661123129,1.72002995888899,1.11234398925678));
#3376=CARTESIAN_POINT('Ctrl Pts',(-0.415965442283574,1.71387989742633,1.10341809276116));
#3377=CARTESIAN_POINT('Ctrl Pts',(-0.41475153167138,1.71461061711376,1.10491820215097));
#3378=CARTESIAN_POINT('Ctrl Pts',(-0.411972654646253,1.71596017244581,1.10768873189104));
#3379=CARTESIAN_POINT('Ctrl Pts',(-0.406933510628668,1.71756031211162,1.11097369133443));
#3380=CARTESIAN_POINT('Ctrl Pts',(-0.403140724247868,1.718297535655,1.11248715262313));
#3381=CARTESIAN_POINT('Ctrl Pts',(-0.401177465658707,1.7185757005016,1.11305820292528));
#3382=CARTESIAN_POINT('',(-0.415965442283574,1.71387989742633,1.10341809276116));
#3383=CARTESIAN_POINT('Ctrl Pts',(-0.40615628146555,1.76129297614065,1.07890151791255));
#3384=CARTESIAN_POINT('Ctrl Pts',(-0.407196227831911,1.75978107771659,1.07988953125615));
#3385=CARTESIAN_POINT('Ctrl Pts',(-0.409110749213805,1.75648939170537,1.08192292473531));
#3386=CARTESIAN_POINT('Ctrl Pts',(-0.411583322938649,1.7504264569227,1.08534973362912));
#3387=CARTESIAN_POINT('Ctrl Pts',(-0.41367594362684,1.74292039072442,1.08921533260541));
#3388=CARTESIAN_POINT('Ctrl Pts',(-0.415293848718601,1.7333403139773,1.09390810261998));
#3389=CARTESIAN_POINT('Ctrl Pts',(-0.416059652407196,1.72270027273187,1.09912889880459));
#3390=CARTESIAN_POINT('Ctrl Pts',(-0.415972075817404,1.71685949462285,1.10195655581217));
#3391=CARTESIAN_POINT('Ctrl Pts',(-0.415965442283574,1.71387989742633,1.10341809276116));
#3392=CARTESIAN_POINT('',(-0.401177465658707,1.7185757005016,1.11305820292528));
#3393=CARTESIAN_POINT('Origin',(-0.392087970025893,1.70627290393192,1.08780154025066));
#3394=CARTESIAN_POINT('Ctrl Pts',(-0.401177465658706,1.7185757005016,1.11305820292528));
#3395=CARTESIAN_POINT('Ctrl Pts',(-0.401192886995861,1.71996044676866,1.11237812796755));
#3396=CARTESIAN_POINT('Ctrl Pts',(-0.401204954081281,1.72134999365692,1.11169664705183));
#3397=CARTESIAN_POINT('Ctrl Pts',(-0.401148354575974,1.72276658534397,1.11102667266766));
#3398=CARTESIAN_POINT('Ctrl Pts',(-0.401080145364866,1.7244737487001,1.11021927295703));
#3399=CARTESIAN_POINT('Ctrl Pts',(-0.400911529669792,1.72621758696067,1.10943018947746));
#3400=CARTESIAN_POINT('Ctrl Pts',(-0.40057309676184,1.72797013680594,1.10869846985467));
#3401=CARTESIAN_POINT('Ctrl Pts',(-0.400217674912021,1.72981066263328,1.10793001875027));
#3402=CARTESIAN_POINT('Ctrl Pts',(-0.399675244488658,1.73165579093028,1.10722730299554));
#3403=CARTESIAN_POINT('Ctrl Pts',(-0.398910993732033,1.73348013230376,1.10661375728008));
#3404=CARTESIAN_POINT('Ctrl Pts',(-0.398099411991065,1.7354174573704,1.10596221392785));
#3405=CARTESIAN_POINT('Ctrl Pts',(-0.397038038638621,1.73733459682762,1.10540952174041));
#3406=CARTESIAN_POINT('Ctrl Pts',(-0.395743305376176,1.73916532730734,1.10497677718252));
#3407=CARTESIAN_POINT('Ctrl Pts',(-0.394393137887624,1.74107444082572,1.10452550459236));
#3408=CARTESIAN_POINT('Ctrl Pts',(-0.392791823819978,1.74288398872817,1.10420630026579));
#3409=CARTESIAN_POINT('Ctrl Pts',(-0.390989654540765,1.74452548151626,1.10402601906435));
#3410=CARTESIAN_POINT('Ctrl Pts',(-0.390880464184499,1.74462493675857,1.1040150961345));
#3411=CARTESIAN_POINT('Ctrl Pts',(-0.390770540754993,1.74472378933163,1.10400467446913));
#3412=CARTESIAN_POINT('Ctrl Pts',(-0.390659898386485,1.74482202768148,1.10399475271635));
#3413=CARTESIAN_POINT('Ctrl Pts',(-0.40615628146555,1.76129297614065,1.07890151791255));
#3414=CARTESIAN_POINT('Ctrl Pts',(-0.407196227831911,1.75978107771659,1.07988953125615));
#3415=CARTESIAN_POINT('Ctrl Pts',(-0.409110749213805,1.75648939170537,1.08192292473531));
#3416=CARTESIAN_POINT('Ctrl Pts',(-0.411583322938649,1.7504264569227,1.08534973362912));
#3417=CARTESIAN_POINT('Ctrl Pts',(-0.41367594362684,1.74292039072442,1.08921533260541));
#3418=CARTESIAN_POINT('Ctrl Pts',(-0.415293848718601,1.7333403139773,1.09390810261998));
#3419=CARTESIAN_POINT('Ctrl Pts',(-0.416059652407196,1.72270027273187,1.09912889880459));
#3420=CARTESIAN_POINT('Ctrl Pts',(-0.415972075817404,1.71685949462285,1.10195655581217));
#3421=CARTESIAN_POINT('Ctrl Pts',(-0.415965442283574,1.71387989742633,1.10341809276116));
#3422=CARTESIAN_POINT('Ctrl Pts',(-0.409144083790332,1.75924279445024,1.07758293975743));
#3423=CARTESIAN_POINT('Ctrl Pts',(-0.409973225807822,1.75771364306554,1.07864337587185));
#3424=CARTESIAN_POINT('Ctrl Pts',(-0.411510476231045,1.75438814114508,1.08082483199606));
#3425=CARTESIAN_POINT('Ctrl Pts',(-0.41351517022588,1.74828443138335,1.08446419762872));
#3426=CARTESIAN_POINT('Ctrl Pts',(-0.415225748892673,1.74080259759068,1.08846569889695));
#3427=CARTESIAN_POINT('Ctrl Pts',(-0.416549981900453,1.73141882769803,1.09314911976848));
#3428=CARTESIAN_POINT('Ctrl Pts',(-0.417165817949152,1.72141286910269,1.09805246907877));
#3429=CARTESIAN_POINT('Ctrl Pts',(-0.417149655110465,1.71593282505342,1.10060595586467));
#3430=CARTESIAN_POINT('Ctrl Pts',(-0.417179352895768,1.7131491777389,1.10191798337135));
#3431=CARTESIAN_POINT('Ctrl Pts',(-0.41405271729818,1.75468163308803,1.07503022116365));
#3432=CARTESIAN_POINT('Ctrl Pts',(-0.41457008015412,1.7531217917514,1.07623524662033));
#3433=CARTESIAN_POINT('Ctrl Pts',(-0.415536315213298,1.74972452017054,1.07870909766964));
#3434=CARTESIAN_POINT('Ctrl Pts',(-0.416824580530204,1.74347470195829,1.08276606127155));
#3435=CARTESIAN_POINT('Ctrl Pts',(-0.41795003263388,1.73595127947478,1.08700775705195));
#3436=CARTESIAN_POINT('Ctrl Pts',(-0.418791557851489,1.7270682089105,1.09155547691465));
#3437=CARTESIAN_POINT('Ctrl Pts',(-0.419146436011184,1.71855253220216,1.0956908215822));
#3438=CARTESIAN_POINT('Ctrl Pts',(-0.419198111225347,1.71393275102625,1.09767260119057));
#3439=CARTESIAN_POINT('Ctrl Pts',(-0.419256024695369,1.71157591067871,1.09868819124959));
#3440=CARTESIAN_POINT('Ctrl Pts',(-0.419873885165166,1.74325754393679,1.07073765691691));
#3441=CARTESIAN_POINT('Ctrl Pts',(-0.420038856891369,1.74166487085919,1.07226819933224));
#3442=CARTESIAN_POINT('Ctrl Pts',(-0.420348148124964,1.73819703321398,1.07538671584963));
#3443=CARTESIAN_POINT('Ctrl Pts',(-0.420738786414538,1.73223615181175,1.08015469812462));
#3444=CARTESIAN_POINT('Ctrl Pts',(-0.421009515854985,1.72606638667971,1.08439623618743));
#3445=CARTESIAN_POINT('Ctrl Pts',(-0.421114158692711,1.71975349550182,1.08827872798846));
#3446=CARTESIAN_POINT('Ctrl Pts',(-0.421110531280179,1.71420136324506,1.09126511733473));
#3447=CARTESIAN_POINT('Ctrl Pts',(-0.421157111685701,1.71065906469619,1.09269866389263));
#3448=CARTESIAN_POINT('Ctrl Pts',(-0.421181345637267,1.70898375512345,1.09336670209967));
#3449=CARTESIAN_POINT('Ctrl Pts',(-0.421615529081011,1.73392487280485,1.06721255407048));
#3450=CARTESIAN_POINT('Ctrl Pts',(-0.421615529081011,1.7326790818858,1.06899414388389));
#3451=CARTESIAN_POINT('Ctrl Pts',(-0.421615529081011,1.7299494362891,1.07256738767348));
#3452=CARTESIAN_POINT('Ctrl Pts',(-0.421615529081011,1.72541218359539,1.07760088741992));
#3453=CARTESIAN_POINT('Ctrl Pts',(-0.421615529081011,1.72081664569702,1.08168793894963));
#3454=CARTESIAN_POINT('Ctrl Pts',(-0.421615529081011,1.71584208234951,1.0852459091098));
#3455=CARTESIAN_POINT('Ctrl Pts',(-0.421615529081011,1.71125287196541,1.08786134550474));
#3456=CARTESIAN_POINT('Ctrl Pts',(-0.421615529081011,1.70845965022709,1.0890953542359));
#3457=CARTESIAN_POINT('Ctrl Pts',(-0.421615529081011,1.7071765326113,1.08965661804611));
#3458=CARTESIAN_POINT('Ctrl Pts',(-0.421615529081011,1.72972533807169,1.06547261377524));
#3459=CARTESIAN_POINT('Ctrl Pts',(-0.421615529081011,1.72864965125611,1.06737007192344));
#3460=CARTESIAN_POINT('Ctrl Pts',(-0.421615529081011,1.72622608082435,1.07114380064361));
#3461=CARTESIAN_POINT('Ctrl Pts',(-0.421615529081011,1.72219166927613,1.07625714008119));
#3462=CARTESIAN_POINT('Ctrl Pts',(-0.421615529081011,1.71812525969798,1.08026835171162));
#3463=CARTESIAN_POINT('Ctrl Pts',(-0.421615529081011,1.7137320628953,1.08366878405842));
#3464=CARTESIAN_POINT('Ctrl Pts',(-0.421615529081011,1.70976535127963,1.08610091025381));
#3465=CARTESIAN_POINT('Ctrl Pts',(-0.421615529081011,1.70736155218602,1.08727124778175));
#3466=CARTESIAN_POINT('Ctrl Pts',(-0.421615529081011,1.70627290393192,1.08780154025066));
#3467=CARTESIAN_POINT('',(-0.421615529081011,1.72972533807169,1.06547261377524));
#3468=CARTESIAN_POINT('Ctrl Pts',(-0.40615628146555,1.76129297614065,1.07890151791255));
#3469=CARTESIAN_POINT('Ctrl Pts',(-0.409144083790332,1.75924279445024,1.07758293975743));
#3470=CARTESIAN_POINT('Ctrl Pts',(-0.41405271729818,1.75468163308803,1.07503022116365));
#3471=CARTESIAN_POINT('Ctrl Pts',(-0.419873885165166,1.74325754393679,1.07073765691691));
#3472=CARTESIAN_POINT('Ctrl Pts',(-0.421615529081011,1.73392487280485,1.06721255407048));
#3473=CARTESIAN_POINT('Ctrl Pts',(-0.421615529081011,1.72972533807169,1.06547261377524));
#3474=CARTESIAN_POINT('',(-0.421615529081011,1.70627290393192,1.08780154025066));
#3475=CARTESIAN_POINT('Ctrl Pts',(-0.421615529081011,1.72972533807169,1.06547261377524));
#3476=CARTESIAN_POINT('Ctrl Pts',(-0.421615529081011,1.72896796593127,1.06680858063683));
#3477=CARTESIAN_POINT('Ctrl Pts',(-0.421615529081011,1.72814708131914,1.0681334114639));
#3478=CARTESIAN_POINT('Ctrl Pts',(-0.421615529081011,1.72727785337583,1.06943265193406));
#3479=CARTESIAN_POINT('Ctrl Pts',(-0.421615529081011,1.72623793811182,1.07098701981525));
#3480=CARTESIAN_POINT('Ctrl Pts',(-0.421615529081011,1.72513229994844,1.07249988835028));
#3481=CARTESIAN_POINT('Ctrl Pts',(-0.421615529081011,1.72401021863203,1.07390427967602));
#3482=CARTESIAN_POINT('Ctrl Pts',(-0.421615529081011,1.72309939312748,1.07504426429135));
#3483=CARTESIAN_POINT('Ctrl Pts',(-0.421615529081011,1.72217947574242,1.07611005235173));
#3484=CARTESIAN_POINT('Ctrl Pts',(-0.421615529081011,1.72125460470023,1.07709417834265));
#3485=CARTESIAN_POINT('Ctrl Pts',(-0.421615529081011,1.72034151109766,1.07806577233297));
#3486=CARTESIAN_POINT('Ctrl Pts',(-0.421615529081011,1.71941815473268,1.07896333453418));
#3487=CARTESIAN_POINT('Ctrl Pts',(-0.421615529081011,1.71847092159414,1.0798121100131));
#3488=CARTESIAN_POINT('Ctrl Pts',(-0.421615529081011,1.71725128217764,1.0809049772152));
#3489=CARTESIAN_POINT('Ctrl Pts',(-0.421615529081011,1.71599375577411,1.08191580508336));
#3490=CARTESIAN_POINT('Ctrl Pts',(-0.421615529081011,1.7147586206849,1.08282297117468));
#3491=CARTESIAN_POINT('Ctrl Pts',(-0.421615529081011,1.71378991220705,1.08353445568448));
#3492=CARTESIAN_POINT('Ctrl Pts',(-0.421615529081011,1.71283867083661,1.08417902485724));
#3493=CARTESIAN_POINT('Ctrl Pts',(-0.421615529081011,1.71192929609956,1.08474984304453));
#3494=CARTESIAN_POINT('Ctrl Pts',(-0.421615529081011,1.71111570577095,1.08526053697262));
#3495=CARTESIAN_POINT('Ctrl Pts',(-0.421615529081011,1.71033682197976,1.08571117973436));
#3496=CARTESIAN_POINT('Ctrl Pts',(-0.421615529081011,1.70957892913167,1.08612311437816));
#3497=CARTESIAN_POINT('Ctrl Pts',(-0.421615529081011,1.70897119351997,1.0864534346251));
#3498=CARTESIAN_POINT('Ctrl Pts',(-0.421615529081011,1.7083686505242,1.08676452771484));
#3499=CARTESIAN_POINT('Ctrl Pts',(-0.421615529081011,1.70778856731145,1.08705550774132));
#3500=CARTESIAN_POINT('Ctrl Pts',(-0.421615529081011,1.70739358090629,1.08725363992667));
#3501=CARTESIAN_POINT('Ctrl Pts',(-0.421615529081011,1.70700872457077,1.08744260365217));
#3502=CARTESIAN_POINT('Ctrl Pts',(-0.421615529081011,1.70664063500909,1.08762228525477));
#3503=CARTESIAN_POINT('Ctrl Pts',(-0.421615529081011,1.70651686181878,1.08768270469479));
#3504=CARTESIAN_POINT('Ctrl Pts',(-0.421615529081011,1.70639480519802,1.08774216081096));
#3505=CARTESIAN_POINT('Ctrl Pts',(-0.421615529081011,1.70627290393192,1.08780154025066));
#3506=CARTESIAN_POINT('Origin',(-0.392087970025893,1.70627290393192,1.08780154025066));
#3507=CARTESIAN_POINT('Ctrl Pts',(-0.40615628146555,1.76129297614065,1.07890151791255));
#3508=CARTESIAN_POINT('Ctrl Pts',(-0.409144083790332,1.75924279445024,1.07758293975743));
#3509=CARTESIAN_POINT('Ctrl Pts',(-0.41405271729818,1.75468163308803,1.07503022116365));
#3510=CARTESIAN_POINT('Ctrl Pts',(-0.419873885165166,1.74325754393679,1.07073765691691));
#3511=CARTESIAN_POINT('Ctrl Pts',(-0.421615529081011,1.73392487280485,1.06721255407048));
#3512=CARTESIAN_POINT('Ctrl Pts',(-0.421615529081011,1.72972533807169,1.06547261377524));
#3513=CARTESIAN_POINT('Ctrl Pts',(-0.40661023626158,1.76177978371951,1.07725421549139));
#3514=CARTESIAN_POINT('Ctrl Pts',(-0.40946368608363,1.75975121533976,1.07594881815726));
#3515=CARTESIAN_POINT('Ctrl Pts',(-0.414222516195,1.75523260688261,1.07338752093193));
#3516=CARTESIAN_POINT('Ctrl Pts',(-0.419930606767087,1.74397848942177,1.06891052662267));
#3517=CARTESIAN_POINT('Ctrl Pts',(-0.421615529081011,1.73493735623873,1.06533430090734));
#3518=CARTESIAN_POINT('Ctrl Pts',(-0.421615529081011,1.73080102488728,1.06357515562705));
#3519=CARTESIAN_POINT('Ctrl Pts',(-0.407434835592112,1.76265105460718,1.07378357000093));
#3520=CARTESIAN_POINT('Ctrl Pts',(-0.410066766932819,1.76065892449774,1.07248944475036));
#3521=CARTESIAN_POINT('Ctrl Pts',(-0.414556414340976,1.7561947027152,1.0699309074621));
#3522=CARTESIAN_POINT('Ctrl Pts',(-0.420059121153895,1.74522800461539,1.06509476018308));
#3523=CARTESIAN_POINT('Ctrl Pts',(-0.421615529081011,1.73674861758251,1.06148287822793));
#3524=CARTESIAN_POINT('Ctrl Pts',(-0.421615529081011,1.73270992353034,1.05969473404256));
#3525=CARTESIAN_POINT('Ctrl Pts',(-0.408476263035307,1.76376514431156,1.06760432473691));
#3526=CARTESIAN_POINT('Ctrl Pts',(-0.410867668758349,1.76179854367416,1.06633255041673));
#3527=CARTESIAN_POINT('Ctrl Pts',(-0.41505977062453,1.75731915656524,1.06375566264353));
#3528=CARTESIAN_POINT('Ctrl Pts',(-0.420277354059394,1.7468032538395,1.05840084515409));
#3529=CARTESIAN_POINT('Ctrl Pts',(-0.421615529081011,1.73903105980735,1.05504641464111));
#3530=CARTESIAN_POINT('Ctrl Pts',(-0.421615529081011,1.7350744004861,1.05332749371852));
#3531=CARTESIAN_POINT('Ctrl Pts',(-0.409300286499998,1.76471468244893,1.06021301612988));
#3532=CARTESIAN_POINT('Ctrl Pts',(-0.411532200514342,1.76272362070635,1.05902806080324));
#3533=CARTESIAN_POINT('Ctrl Pts',(-0.415593349393211,1.75810655225106,1.05638287495603));
#3534=CARTESIAN_POINT('Ctrl Pts',(-0.420458313693556,1.74802462272856,1.05139496196668));
#3535=CARTESIAN_POINT('Ctrl Pts',(-0.421615529081011,1.74063148853914,1.04884286112951));
#3536=CARTESIAN_POINT('Ctrl Pts',(-0.421615529081011,1.73668862266757,1.04744826942511));
#3537=CARTESIAN_POINT('Ctrl Pts',(-0.409862790572187,1.76541796253046,1.05145319429389));
#3538=CARTESIAN_POINT('Ctrl Pts',(-0.412063715922079,1.76332047174955,1.0504472099935));
#3539=CARTESIAN_POINT('Ctrl Pts',(-0.416110925117535,1.75843050756517,1.04820511737277));
#3540=CARTESIAN_POINT('Ctrl Pts',(-0.42053551524655,1.74868949871446,1.04486272697742));
#3541=CARTESIAN_POINT('Ctrl Pts',(-0.421615529081011,1.74140919499552,1.0431007273845));
#3542=CARTESIAN_POINT('Ctrl Pts',(-0.421615529081011,1.73753092458554,1.04207938167543));
#3543=CARTESIAN_POINT('Ctrl Pts',(-0.410137195002316,1.76580540694584,1.04127782704271));
#3544=CARTESIAN_POINT('Ctrl Pts',(-0.412381352745687,1.76355697193347,1.04082474807784));
#3545=CARTESIAN_POINT('Ctrl Pts',(-0.416436479390719,1.75837491485562,1.03980350824161));
#3546=CARTESIAN_POINT('Ctrl Pts',(-0.420564738804537,1.74884401214286,1.03840650616082));
#3547=CARTESIAN_POINT('Ctrl Pts',(-0.421615529081011,1.74162036153265,1.03740533301978));
#3548=CARTESIAN_POINT('Ctrl Pts',(-0.421615529081011,1.73790868697177,1.0369103894726));
#3549=CARTESIAN_POINT('Ctrl Pts',(-0.410084299993867,1.76575926400229,1.03588715826829));
#3550=CARTESIAN_POINT('Ctrl Pts',(-0.41244621465004,1.76339734934612,1.03574334660484));
#3551=CARTESIAN_POINT('Ctrl Pts',(-0.416612309152514,1.75802311042333,1.03541752296704));
#3552=CARTESIAN_POINT('Ctrl Pts',(-0.420660613480093,1.74844760936792,1.03487209786748));
#3553=CARTESIAN_POINT('Ctrl Pts',(-0.421615529081011,1.7414515376172,1.03453467862803));
#3554=CARTESIAN_POINT('Ctrl Pts',(-0.421615529081011,1.73792041434928,1.03437242869139));
#3555=CARTESIAN_POINT('Ctrl Pts',(-0.410084299993867,1.76575926400229,1.03316149305158));
#3556=CARTESIAN_POINT('Ctrl Pts',(-0.412513697925931,1.76332986607023,1.03316149305158));
#3557=CARTESIAN_POINT('Ctrl Pts',(-0.416732616417034,1.7578316480721,1.03316149305158));
#3558=CARTESIAN_POINT('Ctrl Pts',(-0.420710927724424,1.74822715495846,1.03316149305158));
#3559=CARTESIAN_POINT('Ctrl Pts',(-0.421615529081011,1.7413561018532,1.03316149305158));
#3560=CARTESIAN_POINT('Ctrl Pts',(-0.421615529081011,1.73792041434928,1.03316149305158));
#3561=CARTESIAN_POINT('',(-0.410084299993867,1.76575926400229,1.03316149305158));
#3562=CARTESIAN_POINT('Ctrl Pts',(-0.40615628146555,1.76129297614065,1.07890151791255));
#3563=CARTESIAN_POINT('Ctrl Pts',(-0.40661023626158,1.76177978371951,1.07725421549139));
#3564=CARTESIAN_POINT('Ctrl Pts',(-0.407434835592112,1.76265105460718,1.07378357000093));
#3565=CARTESIAN_POINT('Ctrl Pts',(-0.408476263035307,1.76376514431156,1.06760432473691));
#3566=CARTESIAN_POINT('Ctrl Pts',(-0.409300286499998,1.76471468244893,1.06021301612988));
#3567=CARTESIAN_POINT('Ctrl Pts',(-0.409862790572187,1.76541796253046,1.05145319429389));
#3568=CARTESIAN_POINT('Ctrl Pts',(-0.410137195002316,1.76580540694584,1.04127782704271));
#3569=CARTESIAN_POINT('Ctrl Pts',(-0.410084299993867,1.76575926400229,1.03588715826829));
#3570=CARTESIAN_POINT('Ctrl Pts',(-0.410084299993867,1.76575926400229,1.03316149305158));
#3571=CARTESIAN_POINT('',(-0.421615529081011,1.73792041434928,1.03316149305158));
#3572=CARTESIAN_POINT('Origin',(-0.382245450340854,1.73792041434928,1.03316149305158));
#3573=CARTESIAN_POINT('Ctrl Pts',(-0.421615529081011,1.73792041434928,1.03316149305158));
#3574=CARTESIAN_POINT('Ctrl Pts',(-0.421615529081011,1.73792041434928,1.03380683733228));
#3575=CARTESIAN_POINT('Ctrl Pts',(-0.421615529081011,1.73791991345043,1.03445705081836));
#3576=CARTESIAN_POINT('Ctrl Pts',(-0.421615529081011,1.73790832578894,1.03516142831944));
#3577=CARTESIAN_POINT('Ctrl Pts',(-0.421615529081011,1.73789517581583,1.03596077383058));
#3578=CARTESIAN_POINT('Ctrl Pts',(-0.421615529081011,1.73786785146118,1.03682898995934));
#3579=CARTESIAN_POINT('Ctrl Pts',(-0.421615529081011,1.73781793268636,1.03776859370445));
#3580=CARTESIAN_POINT('Ctrl Pts',(-0.421615529081011,1.73773363682096,1.03935526547504));
#3581=CARTESIAN_POINT('Ctrl Pts',(-0.421615529081011,1.73758589427022,1.04113822303829));
#3582=CARTESIAN_POINT('Ctrl Pts',(-0.421615529081011,1.73734947153934,1.04295989255101));
#3583=CARTESIAN_POINT('Ctrl Pts',(-0.421615529081011,1.73721225638843,1.04401715407652));
#3584=CARTESIAN_POINT('Ctrl Pts',(-0.421615529081011,1.73704535275394,1.04508511773856));
#3585=CARTESIAN_POINT('Ctrl Pts',(-0.421615529081011,1.73683981155945,1.0461650127893));
#3586=CARTESIAN_POINT('Ctrl Pts',(-0.421615529081011,1.73662406530183,1.04729852432891));
#3587=CARTESIAN_POINT('Ctrl Pts',(-0.421615529081011,1.73636384517387,1.04845379936832));
#3588=CARTESIAN_POINT('Ctrl Pts',(-0.421615529081011,1.73605038563512,1.04965681388306));
#3589=CARTESIAN_POINT('Ctrl Pts',(-0.421615529081011,1.73567976936235,1.05107918806675));
#3590=CARTESIAN_POINT('Ctrl Pts',(-0.421615529081011,1.73523526387309,1.05256702696196));
#3591=CARTESIAN_POINT('Ctrl Pts',(-0.421615529081011,1.73472644385629,1.05408436951442));
#3592=CARTESIAN_POINT('Ctrl Pts',(-0.421615529081011,1.73411558877434,1.05590598890567));
#3593=CARTESIAN_POINT('Ctrl Pts',(-0.421615529081011,1.73341485193788,1.05776228010158));
#3594=CARTESIAN_POINT('Ctrl Pts',(-0.421615529081011,1.73264616430028,1.05955838228752));
#3595=CARTESIAN_POINT('Ctrl Pts',(-0.421615529081011,1.73210250450334,1.06082868832851));
#3596=CARTESIAN_POINT('Ctrl Pts',(-0.421615529081011,1.73152513746818,1.06206767008563));
#3597=CARTESIAN_POINT('Ctrl Pts',(-0.421615529081011,1.73090855953054,1.06327545134494));
#3598=CARTESIAN_POINT('Ctrl Pts',(-0.421615529081011,1.7305306383535,1.0640157407508));
#3599=CARTESIAN_POINT('Ctrl Pts',(-0.421615529081011,1.73013714388281,1.06474620876548));
#3600=CARTESIAN_POINT('Ctrl Pts',(-0.421615529081011,1.72972533807169,1.06547261377524));
#3601=CARTESIAN_POINT('Ctrl Pts',(-0.40615628146555,1.76129297614065,1.07890151791255));
#3602=CARTESIAN_POINT('Ctrl Pts',(-0.40661023626158,1.76177978371951,1.07725421549139));
#3603=CARTESIAN_POINT('Ctrl Pts',(-0.407434835592112,1.76265105460718,1.07378357000093));
#3604=CARTESIAN_POINT('Ctrl Pts',(-0.408476263035307,1.76376514431156,1.06760432473691));
#3605=CARTESIAN_POINT('Ctrl Pts',(-0.409300286499998,1.76471468244893,1.06021301612988));
#3606=CARTESIAN_POINT('Ctrl Pts',(-0.409862790572187,1.76541796253046,1.05145319429389));
#3607=CARTESIAN_POINT('Ctrl Pts',(-0.410137195002316,1.76580540694584,1.04127782704271));
#3608=CARTESIAN_POINT('Ctrl Pts',(-0.410084299993867,1.76575926400229,1.03588715826829));
#3609=CARTESIAN_POINT('Ctrl Pts',(-0.410084299993867,1.76575926400229,1.03316149305158));
#3610=CARTESIAN_POINT('Ctrl Pts',(-0.404076388732829,1.76431677298878,1.07692549122535));
#3611=CARTESIAN_POINT('Ctrl Pts',(-0.404557510902555,1.76466088261228,1.07532795736171));
#3612=CARTESIAN_POINT('Ctrl Pts',(-0.405426931287638,1.76529961706805,1.07191697608391));
#3613=CARTESIAN_POINT('Ctrl Pts',(-0.406496164829954,1.76618789432751,1.06581821275187));
#3614=CARTESIAN_POINT('Ctrl Pts',(-0.407289476041069,1.76697676493875,1.05868466938399));
#3615=CARTESIAN_POINT('Ctrl Pts',(-0.40774871752531,1.7676302137563,1.05023589848328));
#3616=CARTESIAN_POINT('Ctrl Pts',(-0.407887072974638,1.76805221536434,1.0407352003425));
#3617=CARTESIAN_POINT('Ctrl Pts',(-0.407722385337694,1.76812117865847,1.035728118241));
#3618=CARTESIAN_POINT('Ctrl Pts',(-0.407654902061803,1.76818866193436,1.03316149305158));
#3619=CARTESIAN_POINT('Ctrl Pts',(-0.399459958565442,1.76930004905473,1.07317569658268));
#3620=CARTESIAN_POINT('Ctrl Pts',(-0.399986288867145,1.76949375906398,1.07159713672971));
#3621=CARTESIAN_POINT('Ctrl Pts',(-0.400913658159195,1.76988241939547,1.06823398960294));
#3622=CARTESIAN_POINT('Ctrl Pts',(-0.401960012309641,1.77047679094482,1.0623734280164));
#3623=CARTESIAN_POINT('Ctrl Pts',(-0.402598431411774,1.77110253660648,1.05554066861557));
#3624=CARTESIAN_POINT('Ctrl Pts',(-0.402805456063361,1.77172567780785,1.04759162183868));
#3625=CARTESIAN_POINT('Ctrl Pts',(-0.402697720109439,1.77211643028949,1.0395953279953));
#3626=CARTESIAN_POINT('Ctrl Pts',(-0.402348146414907,1.77228727316094,1.03537654221427));
#3627=CARTESIAN_POINT('Ctrl Pts',(-0.402156684063673,1.77240758042546,1.03316149305158));
#3628=CARTESIAN_POINT('Ctrl Pts',(-0.387841213079215,1.77544283970208,1.06644970364326));
#3629=CARTESIAN_POINT('Ctrl Pts',(-0.388524054899946,1.77551054066605,1.06487057431088));
#3630=CARTESIAN_POINT('Ctrl Pts',(-0.389748144512458,1.77566011528004,1.06149361014356));
#3631=CARTESIAN_POINT('Ctrl Pts',(-0.391265918507352,1.77591194575589,1.05570378213483));
#3632=CARTESIAN_POINT('Ctrl Pts',(-0.392371802587688,1.77612754872364,1.04966692592604));
#3633=CARTESIAN_POINT('Ctrl Pts',(-0.393018537724481,1.77622037288577,1.04373926615813));
#3634=CARTESIAN_POINT('Ctrl Pts',(-0.393172907386868,1.7762402581533,1.03812080097569));
#3635=CARTESIAN_POINT('Ctrl Pts',(-0.392772645359499,1.77633557748852,1.03480860870756));
#3636=CARTESIAN_POINT('Ctrl Pts',(-0.392552190950031,1.77638589173285,1.03316149305158));
#3637=CARTESIAN_POINT('Ctrl Pts',(-0.378581152683533,1.77729049308944,1.06141779527367));
#3638=CARTESIAN_POINT('Ctrl Pts',(-0.379535813879327,1.77729049308944,1.05995730532168));
#3639=CARTESIAN_POINT('Ctrl Pts',(-0.381309114546245,1.77729049308944,1.05684782009462));
#3640=CARTESIAN_POINT('Ctrl Pts',(-0.383504962854704,1.77729049308944,1.05179384283679));
#3641=CARTESIAN_POINT('Ctrl Pts',(-0.384984577393739,1.77729049308944,1.04687364186986));
#3642=CARTESIAN_POINT('Ctrl Pts',(-0.385750009572025,1.77729049308944,1.04195317426972));
#3643=CARTESIAN_POINT('Ctrl Pts',(-0.385948439326741,1.77729049308944,1.037146211054));
#3644=CARTESIAN_POINT('Ctrl Pts',(-0.385776573608777,1.77729049308944,1.03447205266437));
#3645=CARTESIAN_POINT('Ctrl Pts',(-0.385681137844779,1.77729049308944,1.03316149305158));
#3646=CARTESIAN_POINT('Ctrl Pts',(-0.374456703291229,1.77729049308944,1.05900776520102));
#3647=CARTESIAN_POINT('Ctrl Pts',(-0.375453587579867,1.77729049308944,1.05763024055324));
#3648=CARTESIAN_POINT('Ctrl Pts',(-0.377300031953155,1.77729049308944,1.05467295297499));
#3649=CARTESIAN_POINT('Ctrl Pts',(-0.379548027597424,1.77729049308944,1.04992706914671));
#3650=CARTESIAN_POINT('Ctrl Pts',(-0.381039196076796,1.77729049308944,1.04542833494443));
#3651=CARTESIAN_POINT('Ctrl Pts',(-0.381872455977029,1.77729049308944,1.04095441982107));
#3652=CARTESIAN_POINT('Ctrl Pts',(-0.382236458640741,1.77729049308944,1.0366660982261));
#3653=CARTESIAN_POINT('Ctrl Pts',(-0.382245450340854,1.77729049308944,1.03431117022096));
#3654=CARTESIAN_POINT('Ctrl Pts',(-0.382245450340854,1.77729049308944,1.03316149305158));
#3655=CARTESIAN_POINT('',(-0.374456703291229,1.77729049308944,1.05900776520102));
#3656=CARTESIAN_POINT('Ctrl Pts',(-0.40615628146555,1.76129297614065,1.07890151791255));
#3657=CARTESIAN_POINT('Ctrl Pts',(-0.404076388732829,1.76431677298878,1.07692549122535));
#3658=CARTESIAN_POINT('Ctrl Pts',(-0.399459958565442,1.76930004905473,1.07317569658268));
#3659=CARTESIAN_POINT('Ctrl Pts',(-0.387841213079215,1.77544283970208,1.06644970364326));
#3660=CARTESIAN_POINT('Ctrl Pts',(-0.378581152683533,1.77729049308944,1.06141779527367));
#3661=CARTESIAN_POINT('Ctrl Pts',(-0.374456703291229,1.77729049308944,1.05900776520102));
#3662=CARTESIAN_POINT('',(-0.382245450340854,1.77729049308944,1.03316149305158));
#3663=CARTESIAN_POINT('Ctrl Pts',(-0.374456703291229,1.77729049308944,1.05900776520102));
#3664=CARTESIAN_POINT('Ctrl Pts',(-0.375267974488532,1.77729049308944,1.05788672629705));
#3665=CARTESIAN_POINT('Ctrl Pts',(-0.376029020910928,1.77729049308944,1.05670124868068));
#3666=CARTESIAN_POINT('Ctrl Pts',(-0.376736445789664,1.77729049308944,1.05547136909855));
#3667=CARTESIAN_POINT('Ctrl Pts',(-0.377721578818154,1.77729049308944,1.05375868548531));
#3668=CARTESIAN_POINT('Ctrl Pts',(-0.378599247247567,1.77729049308944,1.05196752337653));
#3669=CARTESIAN_POINT('Ctrl Pts',(-0.379321696169648,1.77729049308944,1.05021371481782));
#3670=CARTESIAN_POINT('Ctrl Pts',(-0.379807814461676,1.77729049308944,1.04903361973421));
#3671=CARTESIAN_POINT('Ctrl Pts',(-0.38022262922593,1.77729049308944,1.04787211685975));
#3672=CARTESIAN_POINT('Ctrl Pts',(-0.380566229124668,1.77729049308944,1.04673092890212));
#3673=CARTESIAN_POINT('Ctrl Pts',(-0.380897659127726,1.77729049308944,1.04563016045116));
#3674=CARTESIAN_POINT('Ctrl Pts',(-0.381164935871546,1.77729049308944,1.04454055662871));
#3675=CARTESIAN_POINT('Ctrl Pts',(-0.381382734932799,1.77729049308944,1.0434474741423));
#3676=CARTESIAN_POINT('Ctrl Pts',(-0.381760982713311,1.77729049308944,1.04154913710623));
#3677=CARTESIAN_POINT('Ctrl Pts',(-0.381988987919275,1.77729049308944,1.0396451090917));
#3678=CARTESIAN_POINT('Ctrl Pts',(-0.382112002293003,1.77729049308944,1.03790323674737));
#3679=CARTESIAN_POINT('Ctrl Pts',(-0.382176526434274,1.77729049308944,1.03698958077518));
#3680=CARTESIAN_POINT('Ctrl Pts',(-0.382211915594687,1.77729049308944,1.03612291701172));
#3681=CARTESIAN_POINT('Ctrl Pts',(-0.382229172337328,1.77729049308944,1.03530413294821));
#3682=CARTESIAN_POINT('Ctrl Pts',(-0.382244815333401,1.77729049308944,1.03456191663564));
#3683=CARTESIAN_POINT('Ctrl Pts',(-0.382245450340854,1.77729049308944,1.03385977890832));
#3684=CARTESIAN_POINT('Ctrl Pts',(-0.382245450340854,1.77729049308944,1.03316149305158));
#3685=CARTESIAN_POINT('Origin',(-0.382245450340854,1.73792041434928,1.03316149305158));
#3686=CARTESIAN_POINT('Ctrl Pts',(-0.608528874778881,1.76127526660836,0.876546473047667));
#3687=CARTESIAN_POINT('Ctrl Pts',(-0.606533187536185,1.76185993625986,0.877094431936607));
#3688=CARTESIAN_POINT('Ctrl Pts',(-0.602234755875815,1.76291364494485,0.878079268483277));
#3689=CARTESIAN_POINT('Ctrl Pts',(-0.594495837792367,1.76419940657755,0.87926213313412));
#3690=CARTESIAN_POINT('Ctrl Pts',(-0.584971988735591,1.76516701265122,0.880079191442336));
#3691=CARTESIAN_POINT('Ctrl Pts',(-0.57271956282712,1.76581906161665,0.880546497792989));
#3692=CARTESIAN_POINT('Ctrl Pts',(-0.566028958784415,1.76575926400229,0.880487632521096));
#3693=CARTESIAN_POINT('Ctrl Pts',(-0.562758160524355,1.76575926400229,0.880487632521096));
#3694=CARTESIAN_POINT('Ctrl Pts',(-0.607201442025637,1.75922338033624,0.879537589680933));
#3695=CARTESIAN_POINT('Ctrl Pts',(-0.605218773327758,1.75983406057934,0.879928020095888));
#3696=CARTESIAN_POINT('Ctrl Pts',(-0.600930904647358,1.76093499911059,0.880655454667361));
#3697=CARTESIAN_POINT('Ctrl Pts',(-0.593276664815941,1.76223776182045,0.881560497429785));
#3698=CARTESIAN_POINT('Ctrl Pts',(-0.58382332365604,1.76312436983007,0.88227427040685));
#3699=CARTESIAN_POINT('Ctrl Pts',(-0.572139824923233,1.76360467044896,0.882767524580692));
#3700=CARTESIAN_POINT('Ctrl Pts',(-0.565856384788269,1.7634108460013,0.88283605052209));
#3701=CARTESIAN_POINT('Ctrl Pts',(-0.562758160524355,1.76332986607023,0.882917030453159));
#3702=CARTESIAN_POINT('Ctrl Pts',(-0.604654987054595,1.75464938674418,0.884466549779961));
#3703=CARTESIAN_POINT('Ctrl Pts',(-0.602674292171186,1.75531234836774,0.884667505551261));
#3704=CARTESIAN_POINT('Ctrl Pts',(-0.598397979842776,1.75648495594351,0.885057711843884));
#3705=CARTESIAN_POINT('Ctrl Pts',(-0.590680087284307,1.75773133065242,0.885658864510712));
#3706=CARTESIAN_POINT('Ctrl Pts',(-0.581219066257346,1.75835287241972,0.886332747160484));
#3707=CARTESIAN_POINT('Ctrl Pts',(-0.570863980092961,1.75848122943467,0.886800185246638));
#3708=CARTESIAN_POINT('Ctrl Pts',(-0.565465396422912,1.75806140289358,0.886991580226838));
#3709=CARTESIAN_POINT('Ctrl Pts',(-0.562758160524355,1.7578316480721,0.887135948944263));
#3710=CARTESIAN_POINT('Ctrl Pts',(-0.600412761336994,1.74320629020848,0.89027320554846));
#3711=CARTESIAN_POINT('Ctrl Pts',(-0.598182189942814,1.74407484006108,0.890341743735451));
#3712=CARTESIAN_POINT('Ctrl Pts',(-0.593334242232333,1.74563645823668,0.890502661539469));
#3713=CARTESIAN_POINT('Ctrl Pts',(-0.585271644766516,1.74739463118795,0.890769632413415));
#3714=CARTESIAN_POINT('Ctrl Pts',(-0.577021233561442,1.74849052063178,0.890928725174769));
#3715=CARTESIAN_POINT('Ctrl Pts',(-0.569197827911925,1.74895332249671,0.890950035169243));
#3716=CARTESIAN_POINT('Ctrl Pts',(-0.564810886303437,1.74849170024982,0.891053883158456));
#3717=CARTESIAN_POINT('Ctrl Pts',(-0.562758160524355,1.74822715495846,0.891114260251653));
#3718=CARTESIAN_POINT('Ctrl Pts',(-0.59689045356037,1.73386475055877,0.892018861608239));
#3719=CARTESIAN_POINT('Ctrl Pts',(-0.594589884953702,1.73508565242884,0.892018861608239));
#3720=CARTESIAN_POINT('Ctrl Pts',(-0.589681279531635,1.73734834641834,0.892018861608239));
#3721=CARTESIAN_POINT('Ctrl Pts',(-0.582214574950662,1.73982370147819,0.892018861608239));
#3722=CARTESIAN_POINT('Ctrl Pts',(-0.574934695237492,1.74121084375722,0.892018861608239));
#3723=CARTESIAN_POINT('Ctrl Pts',(-0.568042660225715,1.74168267819377,0.892018861608239));
#3724=CARTESIAN_POINT('Ctrl Pts',(-0.564405983216098,1.74147062477,0.892018861608239));
#3725=CARTESIAN_POINT('Ctrl Pts',(-0.562758160524355,1.7413561018532,0.892018861608239));
#3726=CARTESIAN_POINT('Ctrl Pts',(-0.595150513265134,1.72966521582561,0.892018861608239));
#3727=CARTESIAN_POINT('Ctrl Pts',(-0.592824153687525,1.73096231009193,0.892018861608239));
#3728=CARTESIAN_POINT('Ctrl Pts',(-0.587874050196496,1.73334543078203,0.892018861608239));
#3729=CARTESIAN_POINT('Ctrl Pts',(-0.580607649656953,1.73586737622032,0.892018861608239));
#3730=CARTESIAN_POINT('Ctrl Pts',(-0.573727268824705,1.73729504020477,0.892018861608239));
#3731=CARTESIAN_POINT('Ctrl Pts',(-0.567445089944074,1.73791758891953,0.892018861608239));
#3732=CARTESIAN_POINT('Ctrl Pts',(-0.564211283292131,1.73792041434928,0.892018861608239));
#3733=CARTESIAN_POINT('Ctrl Pts',(-0.562758160524355,1.73792041434928,0.892018861608239));
#3734=CARTESIAN_POINT('',(-0.608528874778881,1.76127526660836,0.876546473047667));
#3735=CARTESIAN_POINT('',(-0.562758160524355,1.76575926400229,0.880487632521096));
#3736=CARTESIAN_POINT('Ctrl Pts',(-0.608528874778881,1.76127526660836,0.876546473047667));
#3737=CARTESIAN_POINT('Ctrl Pts',(-0.606533187536185,1.76185993625986,0.877094431936607));
#3738=CARTESIAN_POINT('Ctrl Pts',(-0.602234755875815,1.76291364494485,0.878079268483277));
#3739=CARTESIAN_POINT('Ctrl Pts',(-0.594495837792367,1.76419940657755,0.87926213313412));
#3740=CARTESIAN_POINT('Ctrl Pts',(-0.584971988735591,1.76516701265122,0.880079191442336));
#3741=CARTESIAN_POINT('Ctrl Pts',(-0.57271956282712,1.76581906161665,0.880546497792989));
#3742=CARTESIAN_POINT('Ctrl Pts',(-0.566028958784415,1.76575926400229,0.880487632521096));
#3743=CARTESIAN_POINT('Ctrl Pts',(-0.562758160524355,1.76575926400229,0.880487632521096));
#3744=CARTESIAN_POINT('',(-0.595150513265134,1.72966521582561,0.892018861608239));
#3745=CARTESIAN_POINT('Ctrl Pts',(-0.608528874778881,1.76127526660836,0.876546473047667));
#3746=CARTESIAN_POINT('Ctrl Pts',(-0.607201442025637,1.75922338033624,0.879537589680933));
#3747=CARTESIAN_POINT('Ctrl Pts',(-0.604654987054595,1.75464938674418,0.884466549779961));
#3748=CARTESIAN_POINT('Ctrl Pts',(-0.600412761336994,1.74320629020848,0.89027320554846));
#3749=CARTESIAN_POINT('Ctrl Pts',(-0.59689045356037,1.73386475055877,0.892018861608239));
#3750=CARTESIAN_POINT('Ctrl Pts',(-0.595150513265134,1.72966521582561,0.892018861608239));
#3751=CARTESIAN_POINT('',(-0.562758160524355,1.73792041434928,0.892018861608239));
#3752=CARTESIAN_POINT('Ctrl Pts',(-0.595150513265134,1.72966521582561,0.892018861608239));
#3753=CARTESIAN_POINT('Ctrl Pts',(-0.592970416065462,1.7308807594608,0.892018861608239));
#3754=CARTESIAN_POINT('Ctrl Pts',(-0.590667820673388,1.73199990634151,0.892018861608239));
#3755=CARTESIAN_POINT('Ctrl Pts',(-0.588364117424216,1.73297557476715,0.892018861608239));
#3756=CARTESIAN_POINT('Ctrl Pts',(-0.586704528096305,1.73367844693932,0.892018861608239));
#3757=CARTESIAN_POINT('Ctrl Pts',(-0.585048312368355,1.73430473045297,0.892018861608239));
#3758=CARTESIAN_POINT('Ctrl Pts',(-0.583428872756422,1.73484274252478,0.892018861608239));
#3759=CARTESIAN_POINT('Ctrl Pts',(-0.581397241885334,1.73551769324605,0.892018861608239));
#3760=CARTESIAN_POINT('Ctrl Pts',(-0.579421878113701,1.73605274544394,0.892018861608239));
#3761=CARTESIAN_POINT('Ctrl Pts',(-0.577481426012177,1.73647726641638,0.892018861608239));
#3762=CARTESIAN_POINT('Ctrl Pts',(-0.575486734846648,1.73691365349991,0.892018861608239));
#3763=CARTESIAN_POINT('Ctrl Pts',(-0.573529517900963,1.73723404990456,0.892018861608239));
#3764=CARTESIAN_POINT('Ctrl Pts',(-0.571687786436486,1.73745797731515,0.892018861608239));
#3765=CARTESIAN_POINT('Ctrl Pts',(-0.570127825567574,1.73764764557285,0.892018861608239));
#3766=CARTESIAN_POINT('Ctrl Pts',(-0.568656409361848,1.73776687106593,0.892018861608239));
#3767=CARTESIAN_POINT('Ctrl Pts',(-0.567313368708833,1.73783423327744,0.892018861608239));
#3768=CARTESIAN_POINT('Ctrl Pts',(-0.566463933344488,1.73787683797786,0.892018861608239));
#3769=CARTESIAN_POINT('Ctrl Pts',(-0.565665412034532,1.73789889224056,0.892018861608239));
#3770=CARTESIAN_POINT('Ctrl Pts',(-0.564913090940423,1.73790960830501,0.892018861608239));
#3771=CARTESIAN_POINT('Ctrl Pts',(-0.564572620804996,1.73791445796287,0.892018861608239));
#3772=CARTESIAN_POINT('Ctrl Pts',(-0.564243839248389,1.7379170698359,0.892018861608239));
#3773=CARTESIAN_POINT('Ctrl Pts',(-0.563916645202636,1.73791857024323,0.892018861608239));
#3774=CARTESIAN_POINT('Ctrl Pts',(-0.563652199971787,1.73791978290454,0.892018861608239));
#3775=CARTESIAN_POINT('Ctrl Pts',(-0.563380331281467,1.73792021927567,0.892018861608239));
#3776=CARTESIAN_POINT('Ctrl Pts',(-0.563128669730358,1.73792035086533,0.892018861608239));
#3777=CARTESIAN_POINT('Ctrl Pts',(-0.563003672948887,1.73792041622408,0.892018861608239));
#3778=CARTESIAN_POINT('Ctrl Pts',(-0.562881285135438,1.73792041434928,0.892018861608239));
#3779=CARTESIAN_POINT('Ctrl Pts',(-0.562758160524355,1.73792041434928,0.892018861608239));
#3780=CARTESIAN_POINT('Origin',(-0.562758160524355,1.73792041434928,0.852648782868082));
#3781=CARTESIAN_POINT('Ctrl Pts',(-0.608528874778881,1.76127526660836,0.876546473047667));
#3782=CARTESIAN_POINT('Ctrl Pts',(-0.607201442025637,1.75922338033624,0.879537589680933));
#3783=CARTESIAN_POINT('Ctrl Pts',(-0.604654987054595,1.75464938674418,0.884466549779961));
#3784=CARTESIAN_POINT('Ctrl Pts',(-0.600412761336994,1.74320629020848,0.89027320554846));
#3785=CARTESIAN_POINT('Ctrl Pts',(-0.59689045356037,1.73386475055877,0.892018861608239));
#3786=CARTESIAN_POINT('Ctrl Pts',(-0.595150513265134,1.72966521582561,0.892018861608239));
#3787=CARTESIAN_POINT('Ctrl Pts',(-0.60972810236963,1.75945946519358,0.877793184138686));
#3788=CARTESIAN_POINT('Ctrl Pts',(-0.608491848644639,1.75738455831374,0.880532191317725));
#3789=CARTESIAN_POINT('Ctrl Pts',(-0.60612009664537,1.75277399031142,0.885088303577216));
#3790=CARTESIAN_POINT('Ctrl Pts',(-0.602287553545294,1.74128977946951,0.890471065698531));
#3791=CARTESIAN_POINT('Ctrl Pts',(-0.599075026147355,1.73236387970649,0.892018861608239));
#3792=CARTESIAN_POINT('Ctrl Pts',(-0.597476872842743,1.72836812155928,0.892018861608239));
#3793=CARTESIAN_POINT('Ctrl Pts',(-0.612162037576388,1.7554765465006,0.880054025108889));
#3794=CARTESIAN_POINT('Ctrl Pts',(-0.611101951747439,1.75336245389607,0.882355907368631));
#3795=CARTESIAN_POINT('Ctrl Pts',(-0.609066785162341,1.74868961899494,0.886229528488091));
#3796=CARTESIAN_POINT('Ctrl Pts',(-0.605940164153722,1.73717838021027,0.890838797269678));
#3797=CARTESIAN_POINT('Ctrl Pts',(-0.603205318951546,1.7291931035042,0.892018861608239));
#3798=CARTESIAN_POINT('Ctrl Pts',(-0.60181347585746,1.72557270242086,0.892018861608239));
#3799=CARTESIAN_POINT('Ctrl Pts',(-0.616352382931029,1.7477625787932,0.882895403907915));
#3800=CARTESIAN_POINT('Ctrl Pts',(-0.615528549580327,1.74562114211381,0.884658846012202));
#3801=CARTESIAN_POINT('Ctrl Pts',(-0.613962519136524,1.74075712053194,0.887710707585818));
#3802=CARTESIAN_POINT('Ctrl Pts',(-0.611520695584371,1.72976109242773,0.891279621617966));
#3803=CARTESIAN_POINT('Ctrl Pts',(-0.609002386876703,1.72352866483394,0.892018861608239));
#3804=CARTESIAN_POINT('Ctrl Pts',(-0.607672589406374,1.72049509240899,0.892018861608239));
#3805=CARTESIAN_POINT('Ctrl Pts',(-0.621484133135365,1.73756686563485,0.885165549530192));
#3806=CARTESIAN_POINT('Ctrl Pts',(-0.620785599342732,1.7354844924386,0.8865228919593));
#3807=CARTESIAN_POINT('Ctrl Pts',(-0.619377967740822,1.73072220967465,0.888943623820383));
#3808=CARTESIAN_POINT('Ctrl Pts',(-0.616504074997239,1.72220357742929,0.891508032308191));
#3809=CARTESIAN_POINT('Ctrl Pts',(-0.613586370820871,1.71788369175613,0.892018861608239));
#3810=CARTESIAN_POINT('Ctrl Pts',(-0.612064633992952,1.71555079858939,0.892018861608239));
#3811=CARTESIAN_POINT('Ctrl Pts',(-0.627761674637363,1.72462685008513,0.886479362623802));
#3812=CARTESIAN_POINT('Ctrl Pts',(-0.626777305997282,1.72319125715371,0.887576609269886));
#3813=CARTESIAN_POINT('Ctrl Pts',(-0.624613906163725,1.71999392703785,0.88954647652047));
#3814=CARTESIAN_POINT('Ctrl Pts',(-0.620401476540736,1.71518729013451,0.891510284001256));
#3815=CARTESIAN_POINT('Ctrl Pts',(-0.617079397457005,1.71202564988112,0.892018861608239));
#3816=CARTESIAN_POINT('Ctrl Pts',(-0.61535624379361,1.71040058607351,0.892018861608239));
#3817=CARTESIAN_POINT('Ctrl Pts',(-0.631260915895332,1.71745541406177,0.886376735051398));
#3818=CARTESIAN_POINT('Ctrl Pts',(-0.629940217836285,1.71648955451595,0.887547048080632));
#3819=CARTESIAN_POINT('Ctrl Pts',(-0.627066150651719,1.71440411909539,0.88958986105857));
#3820=CARTESIAN_POINT('Ctrl Pts',(-0.622161723724179,1.71099412661036,0.891555597422616));
#3821=CARTESIAN_POINT('Ctrl Pts',(-0.618579768946812,1.70871627374987,0.892018861608239));
#3822=CARTESIAN_POINT('Ctrl Pts',(-0.616761856760925,1.70757928183646,0.892018861608239));
#3823=CARTESIAN_POINT('Ctrl Pts',(-0.633014760234123,1.71387989742594,0.886368774810801));
#3824=CARTESIAN_POINT('Ctrl Pts',(-0.631514650844313,1.71314917773851,0.887582685422995));
#3825=CARTESIAN_POINT('Ctrl Pts',(-0.628284858722558,1.71157591067832,0.889659357222597));
#3826=CARTESIAN_POINT('Ctrl Pts',(-0.622963369572631,1.70898375512306,0.891584678164495));
#3827=CARTESIAN_POINT('Ctrl Pts',(-0.619253285519075,1.70717653261091,0.892018861608239));
#3828=CARTESIAN_POINT('Ctrl Pts',(-0.617398207723623,1.70627290393153,0.892018861608239));
#3829=CARTESIAN_POINT('',(-0.633014760234123,1.71387989742594,0.886368774810801));
#3830=CARTESIAN_POINT('Ctrl Pts',(-0.608528874778881,1.76127526660836,0.876546473047667));
#3831=CARTESIAN_POINT('Ctrl Pts',(-0.60972810236963,1.75945946519358,0.877793184138686));
#3832=CARTESIAN_POINT('Ctrl Pts',(-0.612162037576388,1.7554765465006,0.880054025108889));
#3833=CARTESIAN_POINT('Ctrl Pts',(-0.616352382931029,1.7477625787932,0.882895403907915));
#3834=CARTESIAN_POINT('Ctrl Pts',(-0.621484133135365,1.73756686563485,0.885165549530192));
#3835=CARTESIAN_POINT('Ctrl Pts',(-0.627761674637363,1.72462685008513,0.886479362623802));
#3836=CARTESIAN_POINT('Ctrl Pts',(-0.631260915895332,1.71745541406177,0.886376735051398));
#3837=CARTESIAN_POINT('Ctrl Pts',(-0.633014760234123,1.71387989742594,0.886368774810801));
#3838=CARTESIAN_POINT('',(-0.617398207723623,1.70627290393153,0.892018861608239));
#3839=CARTESIAN_POINT('Origin',(-0.617398207723623,1.70627290393153,0.862491302553121));
#3840=CARTESIAN_POINT('Ctrl Pts',(-0.617398207723623,1.70627290393153,0.892018861608239));
#3841=CARTESIAN_POINT('Ctrl Pts',(-0.61711072483759,1.7068630834274,0.892018861608239));
#3842=CARTESIAN_POINT('Ctrl Pts',(-0.616820618949121,1.70745744266446,0.892018861608239));
#3843=CARTESIAN_POINT('Ctrl Pts',(-0.616496713338808,1.70809047745162,0.892018861608239));
#3844=CARTESIAN_POINT('Ctrl Pts',(-0.616117642957147,1.70883132518852,0.892018861608239));
#3845=CARTESIAN_POINT('Ctrl Pts',(-0.615692793085941,1.70962428152179,0.892018861608239));
#3846=CARTESIAN_POINT('Ctrl Pts',(-0.61521247198991,1.71046079864385,0.892018861608239));
#3847=CARTESIAN_POINT('Ctrl Pts',(-0.614604404994301,1.71151979533875,0.892018861608239));
#3848=CARTESIAN_POINT('Ctrl Pts',(-0.613910637212541,1.71264331439982,0.892018861608239));
#3849=CARTESIAN_POINT('Ctrl Pts',(-0.613144566991631,1.71376379159619,0.892018861608239));
#3850=CARTESIAN_POINT('Ctrl Pts',(-0.612554563833556,1.71462674784532,0.892018861608239));
#3851=CARTESIAN_POINT('Ctrl Pts',(-0.611923325174705,1.71548530185774,0.892018861608239));
#3852=CARTESIAN_POINT('Ctrl Pts',(-0.611239902029335,1.71633766876072,0.892018861608239));
#3853=CARTESIAN_POINT('Ctrl Pts',(-0.610512755661275,1.71724456736659,0.892018861608239));
#3854=CARTESIAN_POINT('Ctrl Pts',(-0.609719954436497,1.7181531272595,0.892018861608239));
#3855=CARTESIAN_POINT('Ctrl Pts',(-0.608849773585148,1.71907279638553,0.892018861608239));
#3856=CARTESIAN_POINT('Ctrl Pts',(-0.607665769952034,1.72032413578791,0.892018861608239));
#3857=CARTESIAN_POINT('Ctrl Pts',(-0.606340168451017,1.72159446653605,0.892018861608239));
#3858=CARTESIAN_POINT('Ctrl Pts',(-0.604919030370479,1.72282876853451,0.892018861608239));
#3859=CARTESIAN_POINT('Ctrl Pts',(-0.603740021825451,1.72385277360711,0.892018861608239));
#3860=CARTESIAN_POINT('Ctrl Pts',(-0.602499065279571,1.72484808040254,0.892018861608239));
#3861=CARTESIAN_POINT('Ctrl Pts',(-0.601215829503706,1.72578858604257,0.892018861608239));
#3862=CARTESIAN_POINT('Ctrl Pts',(-0.599705235273847,1.72689572661617,0.892018861608239));
#3863=CARTESIAN_POINT('Ctrl Pts',(-0.598131766546671,1.72792894372111,0.892018861608239));
#3864=CARTESIAN_POINT('Ctrl Pts',(-0.596475395586178,1.72890559992213,0.892018861608239));
#3865=CARTESIAN_POINT('Ctrl Pts',(-0.596039002823407,1.72916291287195,0.892018861608239));
#3866=CARTESIAN_POINT('Ctrl Pts',(-0.595597214014133,1.72941615158555,0.892018861608239));
#3867=CARTESIAN_POINT('Ctrl Pts',(-0.595150513265134,1.72966521582561,0.892018861608239));
#3868=CARTESIAN_POINT('Ctrl Pts',(-0.608528874778881,1.76127526660836,0.876546473047667));
#3869=CARTESIAN_POINT('Ctrl Pts',(-0.60972810236963,1.75945946519358,0.877793184138686));
#3870=CARTESIAN_POINT('Ctrl Pts',(-0.612162037576388,1.7554765465006,0.880054025108889));
#3871=CARTESIAN_POINT('Ctrl Pts',(-0.616352382931029,1.7477625787932,0.882895403907915));
#3872=CARTESIAN_POINT('Ctrl Pts',(-0.621484133135365,1.73756686563485,0.885165549530192));
#3873=CARTESIAN_POINT('Ctrl Pts',(-0.627761674637363,1.72462685008513,0.886479362623802));
#3874=CARTESIAN_POINT('Ctrl Pts',(-0.631260915895332,1.71745541406177,0.886376735051398));
#3875=CARTESIAN_POINT('Ctrl Pts',(-0.633014760234123,1.71387989742594,0.886368774810801));
#3876=CARTESIAN_POINT('Ctrl Pts',(-0.611855020183374,1.76030081718919,0.875633208232767));
#3877=CARTESIAN_POINT('Ctrl Pts',(-0.612858575162902,1.75850497413966,0.876860804124343));
#3878=CARTESIAN_POINT('Ctrl Pts',(-0.614939740658374,1.75454879361575,0.879114128818503));
#3879=CARTESIAN_POINT('Ctrl Pts',(-0.618752232079995,1.74686611435406,0.881968408162669));
#3880=CARTESIAN_POINT('Ctrl Pts',(-0.623506679892363,1.73691808697036,0.884201009085653));
#3881=CARTESIAN_POINT('Ctrl Pts',(-0.629406243005514,1.72471370126236,0.885381387269869));
#3882=CARTESIAN_POINT('Ctrl Pts',(-0.632776485547577,1.7180239939814,0.885205537550987));
#3883=CARTESIAN_POINT('Ctrl Pts',(-0.634514869623933,1.71461061711337,0.885154864198606));
#3884=CARTESIAN_POINT('Ctrl Pts',(-0.617623042227167,1.75809494633394,0.873555258202242));
#3885=CARTESIAN_POINT('Ctrl Pts',(-0.618363054964421,1.75629557535765,0.87478757806531));
#3886=CARTESIAN_POINT('Ctrl Pts',(-0.62002184097859,1.75228854671836,0.877067989334347));
#3887=CARTESIAN_POINT('Ctrl Pts',(-0.623223375858258,1.74472941175154,0.879928377240142));
#3888=CARTESIAN_POINT('Ctrl Pts',(-0.627547236818201,1.73516394830704,0.881985539132973));
#3889=CARTESIAN_POINT('Ctrl Pts',(-0.632664644442061,1.72468692480514,0.88282115255959));
#3890=CARTESIAN_POINT('Ctrl Pts',(-0.635662772045657,1.71900313929287,0.882508514430842));
#3891=CARTESIAN_POINT('Ctrl Pts',(-0.637285399364007,1.71596017244542,0.882375987173479));
#3892=CARTESIAN_POINT('Ctrl Pts',(-0.626299917547894,1.75244260103874,0.868288751735951));
#3893=CARTESIAN_POINT('Ctrl Pts',(-0.626761765925616,1.75061300621092,0.869672794391546));
#3894=CARTESIAN_POINT('Ctrl Pts',(-0.627905105912102,1.74659976981777,0.872212525403946));
#3895=CARTESIAN_POINT('Ctrl Pts',(-0.630389111989435,1.73953483534149,0.875217113936408));
#3896=CARTESIAN_POINT('Ctrl Pts',(-0.633527593567023,1.73189908593753,0.877120390148212));
#3897=CARTESIAN_POINT('Ctrl Pts',(-0.636846508649844,1.7246351508877,0.877809437999256));
#3898=CARTESIAN_POINT('Ctrl Pts',(-0.639304687972661,1.71995637195445,0.877500414339272));
#3899=CARTESIAN_POINT('Ctrl Pts',(-0.640570358807392,1.71756031211123,0.877336843155892));
#3900=CARTESIAN_POINT('Ctrl Pts',(-0.631528420847339,1.74739401865901,0.863467551411726));
#3901=CARTESIAN_POINT('Ctrl Pts',(-0.63175629652852,1.74579450832965,0.865038832738651));
#3902=CARTESIAN_POINT('Ctrl Pts',(-0.632431983082124,1.74230000425606,0.867915818766366));
#3903=CARTESIAN_POINT('Ctrl Pts',(-0.634095928850092,1.73646648202494,0.871153579030707));
#3904=CARTESIAN_POINT('Ctrl Pts',(-0.63637524845131,1.730337782173,0.873086280516563));
#3905=CARTESIAN_POINT('Ctrl Pts',(-0.63912080460326,1.72418518770207,0.873789734035494));
#3906=CARTESIAN_POINT('Ctrl Pts',(-0.641097180322735,1.72025642151951,0.873629573569845));
#3907=CARTESIAN_POINT('Ctrl Pts',(-0.642083820096092,1.71829753565461,0.873544056775092));
#3908=CARTESIAN_POINT('Ctrl Pts',(-0.633591161250359,1.74482885848402,0.861054270503911));
#3909=CARTESIAN_POINT('Ctrl Pts',(-0.633739679806977,1.74337401062543,0.862688259157607));
#3910=CARTESIAN_POINT('Ctrl Pts',(-0.634263829255865,1.74016059240613,0.865666674561117));
#3911=CARTESIAN_POINT('Ctrl Pts',(-0.635677451914054,1.73485570430391,0.868937267946587));
#3912=CARTESIAN_POINT('Ctrl Pts',(-0.637663580372276,1.72934914842975,0.870863929904538));
#3913=CARTESIAN_POINT('Ctrl Pts',(-0.640069130671758,1.72384455052727,0.871631429027784));
#3914=CARTESIAN_POINT('Ctrl Pts',(-0.641797813996037,1.72032081056609,0.871600232743238));
#3915=CARTESIAN_POINT('Ctrl Pts',(-0.642654870398245,1.71857570050121,0.87158079818593));
#3916=CARTESIAN_POINT('',(-0.633591161250359,1.74482885848402,0.861054270503911));
#3917=CARTESIAN_POINT('Ctrl Pts',(-0.608528874778881,1.76127526660836,0.876546473047667));
#3918=CARTESIAN_POINT('Ctrl Pts',(-0.611855020183374,1.76030081718919,0.875633208232767));
#3919=CARTESIAN_POINT('Ctrl Pts',(-0.617623042227167,1.75809494633394,0.873555258202242));
#3920=CARTESIAN_POINT('Ctrl Pts',(-0.626299917547894,1.75244260103874,0.868288751735951));
#3921=CARTESIAN_POINT('Ctrl Pts',(-0.631528420847339,1.74739401865901,0.863467551411726));
#3922=CARTESIAN_POINT('Ctrl Pts',(-0.633591161250359,1.74482885848402,0.861054270503911));
#3923=CARTESIAN_POINT('',(-0.642654870398245,1.71857570050121,0.87158079818593));
#3924=CARTESIAN_POINT('Ctrl Pts',(-0.633591161250359,1.74482885848402,0.861054270503911));
#3925=CARTESIAN_POINT('Ctrl Pts',(-0.633744851090537,1.74332335412174,0.862745153183872));
#3926=CARTESIAN_POINT('Ctrl Pts',(-0.634019663866609,1.74165811859764,0.864278488232118));
#3927=CARTESIAN_POINT('Ctrl Pts',(-0.63440712683028,1.73990292408647,0.865601428914239));
#3928=CARTESIAN_POINT('Ctrl Pts',(-0.634722825347249,1.73847282016397,0.866679339451613));
#3929=CARTESIAN_POINT('Ctrl Pts',(-0.635112750441283,1.73698695928787,0.86761386417702));
#3930=CARTESIAN_POINT('Ctrl Pts',(-0.635570081440512,1.73547856640106,0.868387340497374));
#3931=CARTESIAN_POINT('Ctrl Pts',(-0.636099316693167,1.73373301516597,0.869282427286843));
#3932=CARTESIAN_POINT('Ctrl Pts',(-0.636721262662992,1.73195006059963,0.869965169667753));
#3933=CARTESIAN_POINT('Ctrl Pts',(-0.637416210783394,1.7301565550678,0.870460448394392));
#3934=CARTESIAN_POINT('Ctrl Pts',(-0.638079802585399,1.72844397317452,0.870933379960153));
#3935=CARTESIAN_POINT('Ctrl Pts',(-0.638808221120942,1.72672698184689,0.871232944042241));
#3936=CARTESIAN_POINT('Ctrl Pts',(-0.639569468856333,1.72504127250385,0.871399988182516));
#3937=CARTESIAN_POINT('Ctrl Pts',(-0.640106155755815,1.72385283137137,0.87151775589144));
#3938=CARTESIAN_POINT('Ctrl Pts',(-0.640658619757892,1.72268068490445,0.871570010818455));
#3939=CARTESIAN_POINT('Ctrl Pts',(-0.641218458191084,1.72151907376638,0.871587301101789));
#3940=CARTESIAN_POINT('Ctrl Pts',(-0.641569139967685,1.72079144266163,0.871598131703831));
#3941=CARTESIAN_POINT('Ctrl Pts',(-0.641925847751988,1.72006134426252,0.871595469925098));
#3942=CARTESIAN_POINT('Ctrl Pts',(-0.642278703297138,1.71934196346906,0.871588822633474));
#3943=CARTESIAN_POINT('Ctrl Pts',(-0.642404175016794,1.71908615922712,0.871586458926506));
#3944=CARTESIAN_POINT('Ctrl Pts',(-0.642529476237473,1.71883102396823,0.871583641616068));
#3945=CARTESIAN_POINT('Ctrl Pts',(-0.642654870398245,1.71857570050121,0.87158079818593));
#3946=CARTESIAN_POINT('Origin',(-0.617398207723623,1.70627290393153,0.862491302553121));
#3947=CARTESIAN_POINT('Ctrl Pts',(-0.608528874778881,1.76127526660836,0.876546473047667));
#3948=CARTESIAN_POINT('Ctrl Pts',(-0.611855020183374,1.76030081718919,0.875633208232767));
#3949=CARTESIAN_POINT('Ctrl Pts',(-0.617623042227167,1.75809494633394,0.873555258202242));
#3950=CARTESIAN_POINT('Ctrl Pts',(-0.626299917547894,1.75244260103874,0.868288751735951));
#3951=CARTESIAN_POINT('Ctrl Pts',(-0.631528420847339,1.74739401865901,0.863467551411726));
#3952=CARTESIAN_POINT('Ctrl Pts',(-0.633591161250359,1.74482885848402,0.861054270503911));
#3953=CARTESIAN_POINT('Ctrl Pts',(-0.609325334430827,1.76250639837164,0.874751803067708));
#3954=CARTESIAN_POINT('Ctrl Pts',(-0.612457672684237,1.76151007346172,0.873854537843186));
#3955=CARTESIAN_POINT('Ctrl Pts',(-0.617987897323206,1.7592940166962,0.871762033178888));
#3956=CARTESIAN_POINT('Ctrl Pts',(-0.626431995631337,1.75373687518458,0.866399083527529));
#3957=CARTESIAN_POINT('Ctrl Pts',(-0.631438061193026,1.74882251831002,0.861735384690948));
#3958=CARTESIAN_POINT('Ctrl Pts',(-0.633442642693741,1.74628370634261,0.859420281850215));
#3959=CARTESIAN_POINT('Ctrl Pts',(-0.610933774253064,1.76473155412887,0.87080377448105));
#3960=CARTESIAN_POINT('Ctrl Pts',(-0.613731960146255,1.76371684302589,0.869923317246508));
#3961=CARTESIAN_POINT('Ctrl Pts',(-0.618899031138398,1.76148981998448,0.867751005994514));
#3962=CARTESIAN_POINT('Ctrl Pts',(-0.62690744203016,1.75608251759159,0.862233870145737));
#3963=CARTESIAN_POINT('Ctrl Pts',(-0.631479147308099,1.75141059403011,0.857950167475196));
#3964=CARTESIAN_POINT('Ctrl Pts',(-0.633374365322509,1.74890749673008,0.855833276575404));
#3965=CARTESIAN_POINT('Ctrl Pts',(-0.613668658194151,1.76753533729747,0.863050699021815));
#3966=CARTESIAN_POINT('Ctrl Pts',(-0.616156103349601,1.76651252430905,0.862156672720504));
#3967=CARTESIAN_POINT('Ctrl Pts',(-0.620874867149837,1.7642306181884,0.859976790157));
#3968=CARTESIAN_POINT('Ctrl Pts',(-0.628249735977872,1.7588912780652,0.854657412407327));
#3969=CARTESIAN_POINT('Ctrl Pts',(-0.632163990236097,1.75437677371276,0.851435989327517));
#3970=CARTESIAN_POINT('Ctrl Pts',(-0.633887837887909,1.75185236188642,0.849767791415548));
#3971=CARTESIAN_POINT('Ctrl Pts',(-0.616952240150428,1.76980687692446,0.852682363460992));
#3972=CARTESIAN_POINT('Ctrl Pts',(-0.619176347428963,1.76872590390176,0.851960065897973));
#3973=CARTESIAN_POINT('Ctrl Pts',(-0.623594418629004,1.76621950606095,0.850027264529365));
#3974=CARTESIAN_POINT('Ctrl Pts',(-0.630025531677249,1.76071401252377,0.84645175089603));
#3975=CARTESIAN_POINT('Ctrl Pts',(-0.633371233145808,1.7561570526379,0.844689496611543));
#3976=CARTESIAN_POINT('Ctrl Pts',(-0.634900336169434,1.7535961047942,0.843625835024059));
#3977=CARTESIAN_POINT('Ctrl Pts',(-0.620782743710447,1.77112129835627,0.839367231096764));
#3978=CARTESIAN_POINT('Ctrl Pts',(-0.622787356516893,1.76989277192586,0.839300972856122));
#3979=CARTESIAN_POINT('Ctrl Pts',(-0.626745395362437,1.76701989762165,0.83894155264031));
#3980=CARTESIAN_POINT('Ctrl Pts',(-0.632037439136323,1.76137670447588,0.838453494940276));
#3981=CARTESIAN_POINT('Ctrl Pts',(-0.635031937845593,1.75679668350353,0.837804228788489));
#3982=CARTESIAN_POINT('Ctrl Pts',(-0.636320224969708,1.75430896092005,0.837402320716153));
#3983=CARTESIAN_POINT('Ctrl Pts',(-0.622771861482698,1.77105513324731,0.831845826200858));
#3984=CARTESIAN_POINT('Ctrl Pts',(-0.624773673066856,1.76975221557437,0.832214126270572));
#3985=CARTESIAN_POINT('Ctrl Pts',(-0.628610694577181,1.76674199265594,0.832825868445291));
#3986=CARTESIAN_POINT('Ctrl Pts',(-0.633597344606714,1.76109430236681,0.833379003976287));
#3987=CARTESIAN_POINT('Ctrl Pts',(-0.636227039813857,1.75666852130578,0.833541150481506));
#3988=CARTESIAN_POINT('Ctrl Pts',(-0.637327953242303,1.75432414310885,0.83357467760313));
#3989=CARTESIAN_POINT('Ctrl Pts',(-0.62374400913724,1.77105513324731,0.828069772520369));
#3990=CARTESIAN_POINT('Ctrl Pts',(-0.625778115142545,1.76970728737875,0.828593454530602));
#3991=CARTESIAN_POINT('Ctrl Pts',(-0.629597297127702,1.76661098188519,0.829576705597271));
#3992=CARTESIAN_POINT('Ctrl Pts',(-0.634372623169622,1.76093199719923,0.830806116618443));
#3993=CARTESIAN_POINT('Ctrl Pts',(-0.636805701440143,1.75659289620266,0.831432514316714));
#3994=CARTESIAN_POINT('Ctrl Pts',(-0.637812709324589,1.75432414310885,0.83169176919914));
#3995=CARTESIAN_POINT('',(-0.62374400913724,1.77105513324731,0.828069772520369));
#3996=CARTESIAN_POINT('Ctrl Pts',(-0.608528874778881,1.76127526660836,0.876546473047667));
#3997=CARTESIAN_POINT('Ctrl Pts',(-0.609325334430827,1.76250639837164,0.874751803067708));
#3998=CARTESIAN_POINT('Ctrl Pts',(-0.610933774253064,1.76473155412887,0.87080377448105));
#3999=CARTESIAN_POINT('Ctrl Pts',(-0.613668658194151,1.76753533729747,0.863050699021815));
#4000=CARTESIAN_POINT('Ctrl Pts',(-0.616952240150428,1.76980687692446,0.852682363460992));
#4001=CARTESIAN_POINT('Ctrl Pts',(-0.620782743710447,1.77112129835627,0.839367231096764));
#4002=CARTESIAN_POINT('Ctrl Pts',(-0.622771861482698,1.77105513324731,0.831845826200858));
#4003=CARTESIAN_POINT('Ctrl Pts',(-0.62374400913724,1.77105513324731,0.828069772520369));
#4004=CARTESIAN_POINT('',(-0.637812709324589,1.75432414310885,0.83169176919914));
#4005=CARTESIAN_POINT('Origin',(-0.603152967060865,1.73792041434928,0.822768594371719));
#4006=CARTESIAN_POINT('Ctrl Pts',(-0.637812709324589,1.75432414310885,0.83169176919914));
#4007=CARTESIAN_POINT('Ctrl Pts',(-0.637517703862505,1.75432414310885,0.832837640873739));
#4008=CARTESIAN_POINT('Ctrl Pts',(-0.637216801388429,1.75432315576888,0.833986666254288));
#4009=CARTESIAN_POINT('Ctrl Pts',(-0.63691520516188,1.75429296916831,0.835167977684796));
#4010=CARTESIAN_POINT('Ctrl Pts',(-0.636536311870034,1.75425504594695,0.8366520512149));
#4011=CARTESIAN_POINT('Ctrl Pts',(-0.636156516857499,1.75417087329861,0.838185716329544));
#4012=CARTESIAN_POINT('Ctrl Pts',(-0.635797245601879,1.75400551360821,0.839746621020316));
#4013=CARTESIAN_POINT('Ctrl Pts',(-0.635424957068635,1.75383416253117,0.841364081111464));
#4014=CARTESIAN_POINT('Ctrl Pts',(-0.635076026391477,1.75357641065448,0.843004551975525));
#4015=CARTESIAN_POINT('Ctrl Pts',(-0.634772625097265,1.75320764134217,0.844632501598674));
#4016=CARTESIAN_POINT('Ctrl Pts',(-0.634480850755172,1.75285300401685,0.84619806489493));
#4017=CARTESIAN_POINT('Ctrl Pts',(-0.634230524528336,1.75239431964182,0.847757070234581));
#4018=CARTESIAN_POINT('Ctrl Pts',(-0.634027799196726,1.75181990678018,0.849310199754594));
#4019=CARTESIAN_POINT('Ctrl Pts',(-0.633742695102406,1.75101207750013,0.851494453600161));
#4020=CARTESIAN_POINT('Ctrl Pts',(-0.633551471034019,1.74997604004782,0.853664928514407));
#4021=CARTESIAN_POINT('Ctrl Pts',(-0.633477286219507,1.74874688948492,0.85571157369909));
#4022=CARTESIAN_POINT('Ctrl Pts',(-0.63342154412535,1.74782331197299,0.857249412532293));
#4023=CARTESIAN_POINT('Ctrl Pts',(-0.633432500311855,1.74679323173733,0.858712539775287));
#4024=CARTESIAN_POINT('Ctrl Pts',(-0.633516678713147,1.74566836784411,0.86007514853191));
#4025=CARTESIAN_POINT('Ctrl Pts',(-0.633537194704561,1.74539421559578,0.860407244047177));
#4026=CARTESIAN_POINT('Ctrl Pts',(-0.633562019145558,1.74511432670921,0.860733651520838));
#4027=CARTESIAN_POINT('Ctrl Pts',(-0.633591161250359,1.74482885848402,0.861054270503911));
#4028=CARTESIAN_POINT('Ctrl Pts',(-0.608528874778881,1.76127526660836,0.876546473047667));
#4029=CARTESIAN_POINT('Ctrl Pts',(-0.609325334430827,1.76250639837164,0.874751803067708));
#4030=CARTESIAN_POINT('Ctrl Pts',(-0.610933774253064,1.76473155412887,0.87080377448105));
#4031=CARTESIAN_POINT('Ctrl Pts',(-0.613668658194151,1.76753533729747,0.863050699021815));
#4032=CARTESIAN_POINT('Ctrl Pts',(-0.616952240150428,1.76980687692446,0.852682363460992));
#4033=CARTESIAN_POINT('Ctrl Pts',(-0.620782743710447,1.77112129835627,0.839367231096764));
#4034=CARTESIAN_POINT('Ctrl Pts',(-0.622771861482698,1.77105513324731,0.831845826200858));
#4035=CARTESIAN_POINT('Ctrl Pts',(-0.62374400913724,1.77105513324731,0.828069772520369));
#4036=CARTESIAN_POINT('Ctrl Pts',(-0.606530162127632,1.76430160229966,0.874468621229302));
#4037=CARTESIAN_POINT('Ctrl Pts',(-0.607447635469964,1.76528401470128,0.872647129281856));
#4038=CARTESIAN_POINT('Ctrl Pts',(-0.609261180036449,1.76708437435311,0.868647962588891));
#4039=CARTESIAN_POINT('Ctrl Pts',(-0.612202405772996,1.76939227177498,0.860866480256767));
#4040=CARTESIAN_POINT('Ctrl Pts',(-0.615552139321328,1.77127971294411,0.850610351417729));
#4041=CARTESIAN_POINT('Ctrl Pts',(-0.619159827021053,1.77235409736054,0.838024644059687));
#4042=CARTESIAN_POINT('Ctrl Pts',(-0.620878066304599,1.77235805092025,0.83105796461109));
#4043=CARTESIAN_POINT('Ctrl Pts',(-0.621709903131936,1.77240297911587,0.827546090510135));
#4044=CARTESIAN_POINT('Ctrl Pts',(-0.602746281641279,1.76932008722184,0.869848508666456));
#4045=CARTESIAN_POINT('Ctrl Pts',(-0.603839279113138,1.76994606764935,0.867978628096243));
#4046=CARTESIAN_POINT('Ctrl Pts',(-0.605949362476888,1.77110927758396,0.863895554709839));
#4047=CARTESIAN_POINT('Ctrl Pts',(-0.609185926423732,1.77264149456448,0.855996073568608));
#4048=CARTESIAN_POINT('Ctrl Pts',(-0.612576665564869,1.77391645704739,0.845910776835463));
#4049=CARTESIAN_POINT('Ctrl Pts',(-0.615630396012682,1.77455560899391,0.835091643547991));
#4050=CARTESIAN_POINT('Ctrl Pts',(-0.616820509778652,1.7746204283798,0.829378038306552));
#4051=CARTESIAN_POINT('Ctrl Pts',(-0.617392767348022,1.77469798669139,0.82643464089056));
#4052=CARTESIAN_POINT('Ctrl Pts',(-0.596078705080029,1.77543586366727,0.858214891436962));
#4053=CARTESIAN_POINT('Ctrl Pts',(-0.59746125643102,1.77564192421762,0.856333614081667));
#4054=CARTESIAN_POINT('Ctrl Pts',(-0.600053807285943,1.77602732162812,0.852309678307699));
#4055=CARTESIAN_POINT('Ctrl Pts',(-0.603818386688177,1.77648955216075,0.845085446722348));
#4056=CARTESIAN_POINT('Ctrl Pts',(-0.607073489802541,1.77672938626624,0.837658252834956));
#4057=CARTESIAN_POINT('Ctrl Pts',(-0.609313444482436,1.77673284476459,0.830893367089475));
#4058=CARTESIAN_POINT('Ctrl Pts',(-0.610072412551279,1.7767826935551,0.826696043095622));
#4059=CARTESIAN_POINT('Ctrl Pts',(-0.610403568761928,1.77681444918177,0.824635266838302));
#4060=CARTESIAN_POINT('Ctrl Pts',(-0.59102522412471,1.77729049308944,0.848953900575522));
#4061=CARTESIAN_POINT('Ctrl Pts',(-0.592646999554364,1.77729049308944,0.847520509183215));
#4062=CARTESIAN_POINT('Ctrl Pts',(-0.595619516753428,1.77729049308944,0.844508667413196));
#4063=CARTESIAN_POINT('Ctrl Pts',(-0.5995917827308,1.77729049308944,0.839160573858041));
#4064=CARTESIAN_POINT('Ctrl Pts',(-0.602558200111686,1.77729049308944,0.833772846896811));
#4065=CARTESIAN_POINT('Ctrl Pts',(-0.604525678847159,1.77729049308944,0.828263141652192));
#4066=CARTESIAN_POINT('Ctrl Pts',(-0.605250806471788,1.77729049308944,0.824963752630458));
#4067=CARTESIAN_POINT('Ctrl Pts',(-0.605569855335702,1.77729049308944,0.823390823944305));
#4068=CARTESIAN_POINT('Ctrl Pts',(-0.58861519405205,1.77729049308944,0.844829451183219));
#4069=CARTESIAN_POINT('Ctrl Pts',(-0.590299836032798,1.77729049308944,0.843619600392052));
#4070=CARTESIAN_POINT('Ctrl Pts',(-0.593350376924025,1.77729049308944,0.841028768204391));
#4071=CARTESIAN_POINT('Ctrl Pts',(-0.597311733704487,1.77729049308944,0.836332519150133));
#4072=CARTESIAN_POINT('Ctrl Pts',(-0.600141977237659,1.77729049308944,0.83169836968342));
#4073=CARTESIAN_POINT('Ctrl Pts',(-0.602050071080595,1.77729049308944,0.826919147702936));
#4074=CARTESIAN_POINT('Ctrl Pts',(-0.602809001137611,1.77729049308944,0.824104640171343));
#4075=CARTESIAN_POINT('Ctrl Pts',(-0.603152967060865,1.77729049308944,0.822768594371719));
#4076=CARTESIAN_POINT('',(-0.58861519405205,1.77729049308944,0.844829451183219));
#4077=CARTESIAN_POINT('Ctrl Pts',(-0.608528874778881,1.76127526660836,0.876546473047667));
#4078=CARTESIAN_POINT('Ctrl Pts',(-0.606530162127632,1.76430160229966,0.874468621229302));
#4079=CARTESIAN_POINT('Ctrl Pts',(-0.602746281641279,1.76932008722184,0.869848508666456));
#4080=CARTESIAN_POINT('Ctrl Pts',(-0.596078705080029,1.77543586366727,0.858214891436962));
#4081=CARTESIAN_POINT('Ctrl Pts',(-0.59102522412471,1.77729049308944,0.848953900575522));
#4082=CARTESIAN_POINT('Ctrl Pts',(-0.58861519405205,1.77729049308944,0.844829451183219));
#4083=CARTESIAN_POINT('',(-0.603152967060865,1.77729049308944,0.822768594371719));
#4084=CARTESIAN_POINT('Ctrl Pts',(-0.58861519405205,1.77729049308944,0.844829451183218));
#4085=CARTESIAN_POINT('Ctrl Pts',(-0.589710937985914,1.77729049308944,0.844042526317015));
#4086=CARTESIAN_POINT('Ctrl Pts',(-0.590745138215364,1.77729049308944,0.84321630167575));
#4087=CARTESIAN_POINT('Ctrl Pts',(-0.591720088984544,1.77729049308944,0.842344161232729));
#4088=CARTESIAN_POINT('Ctrl Pts',(-0.592620136894572,1.77729049308944,0.841539025006566));
#4089=CARTESIAN_POINT('Ctrl Pts',(-0.593476574070863,1.77729049308944,0.840688923055853));
#4090=CARTESIAN_POINT('Ctrl Pts',(-0.594293511419036,1.77729049308944,0.839798422928212));
#4091=CARTESIAN_POINT('Ctrl Pts',(-0.595568693907172,1.77729049308944,0.838408414048107));
#4092=CARTESIAN_POINT('Ctrl Pts',(-0.596742876678768,1.77729049308944,0.836926344852551));
#4093=CARTESIAN_POINT('Ctrl Pts',(-0.597748699472273,1.77729049308944,0.835457872133332));
#4094=CARTESIAN_POINT('Ctrl Pts',(-0.598368411797656,1.77729049308944,0.834553109734364));
#4095=CARTESIAN_POINT('Ctrl Pts',(-0.598922728821402,1.77729049308944,0.833655020081639));
#4096=CARTESIAN_POINT('Ctrl Pts',(-0.599415600150871,1.77729049308944,0.832762133429793));
#4097=CARTESIAN_POINT('Ctrl Pts',(-0.599897498957889,1.77729049308944,0.831889124620797));
#4098=CARTESIAN_POINT('Ctrl Pts',(-0.600325103651167,1.77729049308944,0.831013581589218));
#4099=CARTESIAN_POINT('Ctrl Pts',(-0.600713055188131,1.77729049308944,0.830130385538493));
#4100=CARTESIAN_POINT('Ctrl Pts',(-0.601286688402324,1.77729049308944,0.828824473482302));
#4101=CARTESIAN_POINT('Ctrl Pts',(-0.601770366649625,1.77729049308944,0.827508211171629));
#4102=CARTESIAN_POINT('Ctrl Pts',(-0.602167573810715,1.77729049308944,0.826267962152297));
#4103=CARTESIAN_POINT('Ctrl Pts',(-0.602415417914138,1.77729049308944,0.825494087871245));
#4104=CARTESIAN_POINT('Ctrl Pts',(-0.60262880740725,1.77729049308944,0.824751712916005));
#4105=CARTESIAN_POINT('Ctrl Pts',(-0.60282089875684,1.77729049308944,0.824038170817997));
#4106=CARTESIAN_POINT('Ctrl Pts',(-0.602936662460434,1.77729049308944,0.82360815522327));
#4107=CARTESIAN_POINT('Ctrl Pts',(-0.603044983585603,1.77729049308944,0.823188027980688));
#4108=CARTESIAN_POINT('Ctrl Pts',(-0.603152967060865,1.77729049308944,0.822768594371719));
#4109=CARTESIAN_POINT('Origin',(-0.603152967060865,1.73792041434928,0.822768594371719));
#4110=CARTESIAN_POINT('Ctrl Pts',(-0.30206011752478,1.7640078570493,1.09880101835263));
#4111=CARTESIAN_POINT('Ctrl Pts',(-0.303768111785669,1.76471307028471,1.09941191438711));
#4112=CARTESIAN_POINT('Ctrl Pts',(-0.307488434582952,1.76607554272206,1.1003727965656));
#4113=CARTESIAN_POINT('Ctrl Pts',(-0.314507621314415,1.76805239597749,1.10103345264258));
#4114=CARTESIAN_POINT('Ctrl Pts',(-0.323575429003798,1.76994966798999,1.10077900956513));
#4115=CARTESIAN_POINT('Ctrl Pts',(-0.334257988283594,1.77117703813096,1.09946534649053));
#4116=CARTESIAN_POINT('Ctrl Pts',(-0.339331694371035,1.77105513324731,1.09838334564931));
#4117=CARTESIAN_POINT('Ctrl Pts',(-0.341926944112707,1.77105513324731,1.09783483669546));
#4118=CARTESIAN_POINT('Ctrl Pts',(-0.302979209810636,1.76648249599115,1.09642588361953));
#4119=CARTESIAN_POINT('Ctrl Pts',(-0.304640381632476,1.76704180955217,1.09709186694074));
#4120=CARTESIAN_POINT('Ctrl Pts',(-0.308284027912545,1.7681669566318,1.09815229243915));
#4121=CARTESIAN_POINT('Ctrl Pts',(-0.315150490089401,1.76986420721068,1.09893730726035));
#4122=CARTESIAN_POINT('Ctrl Pts',(-0.323981003987343,1.77150333038524,1.09875902706575));
#4123=CARTESIAN_POINT('Ctrl Pts',(-0.33400565799822,1.77242408596075,1.09755229636749));
#4124=CARTESIAN_POINT('Ctrl Pts',(-0.338917082030651,1.77235805092025,1.09639569994213));
#4125=CARTESIAN_POINT('Ctrl Pts',(-0.341492609401927,1.77240297911587,1.09577979814407));
#4126=CARTESIAN_POINT('Ctrl Pts',(-0.304799688872398,1.77056696187593,1.09167734359527));
#4127=CARTESIAN_POINT('Ctrl Pts',(-0.30639944174641,1.77095872322591,1.09242863538144));
#4128=CARTESIAN_POINT('Ctrl Pts',(-0.309911220994796,1.77178175477273,1.09363907461779));
#4129=CARTESIAN_POINT('Ctrl Pts',(-0.316553017875797,1.7730875062442,1.0945590097678));
#4130=CARTESIAN_POINT('Ctrl Pts',(-0.324903118396042,1.77423980958276,1.09444093535406));
#4131=CARTESIAN_POINT('Ctrl Pts',(-0.333478719186312,1.77457750697381,1.09342080472329));
#4132=CARTESIAN_POINT('Ctrl Pts',(-0.338043610153778,1.77462042837981,1.09213599001134));
#4133=CARTESIAN_POINT('Ctrl Pts',(-0.340570788259266,1.77469798669139,1.09141823564715));
#4134=CARTESIAN_POINT('Ctrl Pts',(-0.307654983547342,1.77569866817594,1.08223208472467));
#4135=CARTESIAN_POINT('Ctrl Pts',(-0.309268187105001,1.77588945698364,1.08317475475681));
#4136=CARTESIAN_POINT('Ctrl Pts',(-0.31279512401422,1.77626747335489,1.08475031757352));
#4137=CARTESIAN_POINT('Ctrl Pts',(-0.319083993858498,1.77667092664031,1.08626617556857));
#4138=CARTESIAN_POINT('Ctrl Pts',(-0.325919372104941,1.77674849733854,1.08684436267659));
#4139=CARTESIAN_POINT('Ctrl Pts',(-0.332474345421099,1.77670567119625,1.08629710590953));
#4140=CARTESIAN_POINT('Ctrl Pts',(-0.336828995616251,1.7767826935551,1.08502989048129));
#4141=CARTESIAN_POINT('Ctrl Pts',(-0.339078411982631,1.77681444918177,1.08435711272621));
#4142=CARTESIAN_POINT('Ctrl Pts',(-0.311448068037466,1.77729049308944,1.07506737142975));
#4143=CARTESIAN_POINT('Ctrl Pts',(-0.312876882322667,1.77729049308944,1.07628808898894));
#4144=CARTESIAN_POINT('Ctrl Pts',(-0.315978644399098,1.77729049308944,1.07839993932464));
#4145=CARTESIAN_POINT('Ctrl Pts',(-0.321274499134588,1.77729049308944,1.08048125671583));
#4146=CARTESIAN_POINT('Ctrl Pts',(-0.326876053429342,1.77729049308944,1.08128591412405));
#4147=CARTESIAN_POINT('Ctrl Pts',(-0.332510638501716,1.77729049308944,1.08086439454792));
#4148=CARTESIAN_POINT('Ctrl Pts',(-0.336197094267705,1.77729049308944,1.07994951350339));
#4149=CARTESIAN_POINT('Ctrl Pts',(-0.338046288033585,1.77729049308944,1.0794736565979));
#4150=CARTESIAN_POINT('Ctrl Pts',(-0.313385324776081,1.77729049308944,1.07185103066044));
#4151=CARTESIAN_POINT('Ctrl Pts',(-0.314701970488027,1.77729049308944,1.07310797363014));
#4152=CARTESIAN_POINT('Ctrl Pts',(-0.317574708663089,1.77729049308944,1.07528103949313));
#4153=CARTESIAN_POINT('Ctrl Pts',(-0.322423446702271,1.77729049308944,1.07741313210558));
#4154=CARTESIAN_POINT('Ctrl Pts',(-0.327467330578512,1.77729049308944,1.07828733217916));
#4155=CARTESIAN_POINT('Ctrl Pts',(-0.332538413731521,1.77729049308944,1.07806207777247));
#4156=CARTESIAN_POINT('Ctrl Pts',(-0.335869682639261,1.77729049308944,1.07738285294359));
#4157=CARTESIAN_POINT('Ctrl Pts',(-0.33753021931981,1.77729049308944,1.07703189664723));
#4158=CARTESIAN_POINT('',(-0.30206011752478,1.7640078570493,1.09880101835263));
#4159=CARTESIAN_POINT('',(-0.341926944112707,1.77105513324731,1.09783483669546));
#4160=CARTESIAN_POINT('Ctrl Pts',(-0.30206011752478,1.7640078570493,1.09880101835263));
#4161=CARTESIAN_POINT('Ctrl Pts',(-0.303768111785669,1.76471307028471,1.09941191438711));
#4162=CARTESIAN_POINT('Ctrl Pts',(-0.307488434582952,1.76607554272206,1.1003727965656));
#4163=CARTESIAN_POINT('Ctrl Pts',(-0.314507621314415,1.76805239597749,1.10103345264258));
#4164=CARTESIAN_POINT('Ctrl Pts',(-0.323575429003798,1.76994966798999,1.10077900956513));
#4165=CARTESIAN_POINT('Ctrl Pts',(-0.334257988283594,1.77117703813096,1.09946534649053));
#4166=CARTESIAN_POINT('Ctrl Pts',(-0.339331694371035,1.77105513324731,1.09838334564931));
#4167=CARTESIAN_POINT('Ctrl Pts',(-0.341926944112707,1.77105513324731,1.09783483669546));
#4168=CARTESIAN_POINT('',(-0.313385324776081,1.77729049308944,1.07185103066044));
#4169=CARTESIAN_POINT('Ctrl Pts',(-0.30206011752478,1.7640078570493,1.09880101835263));
#4170=CARTESIAN_POINT('Ctrl Pts',(-0.302979209810636,1.76648249599115,1.09642588361953));
#4171=CARTESIAN_POINT('Ctrl Pts',(-0.304799688872398,1.77056696187593,1.09167734359527));
#4172=CARTESIAN_POINT('Ctrl Pts',(-0.307654983547342,1.77569866817594,1.08223208472467));
#4173=CARTESIAN_POINT('Ctrl Pts',(-0.311448068037466,1.77729049308944,1.07506737142975));
#4174=CARTESIAN_POINT('Ctrl Pts',(-0.313385324776081,1.77729049308944,1.07185103066044));
#4175=CARTESIAN_POINT('',(-0.33753021931981,1.77729049308944,1.07703189664723));
#4176=CARTESIAN_POINT('Ctrl Pts',(-0.313385324776081,1.77729049308944,1.07185103066044));
#4177=CARTESIAN_POINT('Ctrl Pts',(-0.314984709811381,1.77729049308944,1.07337789225861));
#4178=CARTESIAN_POINT('Ctrl Pts',(-0.316762345435727,1.77729049308944,1.07465353331305));
#4179=CARTESIAN_POINT('Ctrl Pts',(-0.318659723323702,1.77729049308944,1.07564582679837));
#4180=CARTESIAN_POINT('Ctrl Pts',(-0.320222888392576,1.77729049308944,1.07646333317079));
#4181=CARTESIAN_POINT('Ctrl Pts',(-0.321862964133552,1.77729049308944,1.07708562621109));
#4182=CARTESIAN_POINT('Ctrl Pts',(-0.323527102954772,1.77729049308944,1.07749947049969));
#4183=CARTESIAN_POINT('Ctrl Pts',(-0.325452106860821,1.77729049308944,1.07797818769678));
#4184=CARTESIAN_POINT('Ctrl Pts',(-0.327406857067186,1.77729049308944,1.07817578388218));
#4185=CARTESIAN_POINT('Ctrl Pts',(-0.329359525089704,1.77729049308944,1.07815087402214));
#4186=CARTESIAN_POINT('Ctrl Pts',(-0.330816371642675,1.77729049308944,1.07813228927383));
#4187=CARTESIAN_POINT('Ctrl Pts',(-0.332271793641204,1.77729049308944,1.07798887646178));
#4188=CARTESIAN_POINT('Ctrl Pts',(-0.333717172984492,1.77729049308944,1.07776331517092));
#4189=CARTESIAN_POINT('Ctrl Pts',(-0.334994263719589,1.77729049308944,1.07756401646358));
#4190=CARTESIAN_POINT('Ctrl Pts',(-0.336263002439872,1.77729049308944,1.07729972436105));
#4191=CARTESIAN_POINT('Ctrl Pts',(-0.33753021931981,1.77729049308944,1.07703189664723));
#4192=CARTESIAN_POINT('Origin',(-0.33753021931981,1.73792041434928,1.07703189664723));
#4193=CARTESIAN_POINT('Ctrl Pts',(-0.30206011752478,1.7640078570493,1.09880101835263));
#4194=CARTESIAN_POINT('Ctrl Pts',(-0.302979209810636,1.76648249599115,1.09642588361953));
#4195=CARTESIAN_POINT('Ctrl Pts',(-0.304799688872398,1.77056696187593,1.09167734359527));
#4196=CARTESIAN_POINT('Ctrl Pts',(-0.307654983547342,1.77569866817594,1.08223208472467));
#4197=CARTESIAN_POINT('Ctrl Pts',(-0.311448068037466,1.77729049308944,1.07506737142975));
#4198=CARTESIAN_POINT('Ctrl Pts',(-0.313385324776081,1.77729049308944,1.07185103066044));
#4199=CARTESIAN_POINT('Ctrl Pts',(-0.300903578635405,1.76478742717901,1.0967650414783));
#4200=CARTESIAN_POINT('Ctrl Pts',(-0.301802158733473,1.76707093914665,1.09447330410742));
#4201=CARTESIAN_POINT('Ctrl Pts',(-0.303546042754285,1.77087742652669,1.0898490464441));
#4202=CARTESIAN_POINT('Ctrl Pts',(-0.306367281863671,1.77576242489358,1.08049107447509));
#4203=CARTESIAN_POINT('Ctrl Pts',(-0.310148404201506,1.77729049308944,1.07363223115261));
#4204=CARTESIAN_POINT('Ctrl Pts',(-0.312068679064136,1.77729049308944,1.07059408769074));
#4205=CARTESIAN_POINT('Ctrl Pts',(-0.298750841664021,1.76622530166517,1.09230253546546));
#4206=CARTESIAN_POINT('Ctrl Pts',(-0.299590774214305,1.76818959943541,1.09013162039853));
#4207=CARTESIAN_POINT('Ctrl Pts',(-0.301172629167312,1.77145850008825,1.08579861868514));
#4208=CARTESIAN_POINT('Ctrl Pts',(-0.304037365289429,1.77594031524882,1.07655706711515));
#4209=CARTESIAN_POINT('Ctrl Pts',(-0.307778062038064,1.77729049308944,1.07042742775229));
#4210=CARTESIAN_POINT('Ctrl Pts',(-0.309671598840681,1.77729049308944,1.06773583330815));
#4211=CARTESIAN_POINT('Ctrl Pts',(-0.295811022412782,1.7681984582667,1.08379134448562));
#4212=CARTESIAN_POINT('Ctrl Pts',(-0.296572361582722,1.76971676700746,1.0819238947203));
#4213=CARTESIAN_POINT('Ctrl Pts',(-0.29802009259272,1.77234296572982,1.07798199971873));
#4214=CARTESIAN_POINT('Ctrl Pts',(-0.301376728827292,1.77638244924863,1.06933840596289));
#4215=CARTESIAN_POINT('Ctrl Pts',(-0.305112838361714,1.77729049308944,1.06489282133566));
#4216=CARTESIAN_POINT('Ctrl Pts',(-0.307027184254187,1.77729049308944,1.0628164994662));
#4217=CARTESIAN_POINT('Ctrl Pts',(-0.293047316347058,1.76990757548748,1.07280767736271));
#4218=CARTESIAN_POINT('Ctrl Pts',(-0.293834022448415,1.77114243424256,1.07122686487105));
#4219=CARTESIAN_POINT('Ctrl Pts',(-0.295529853182294,1.77355186866387,1.06760057935174));
#4220=CARTESIAN_POINT('Ctrl Pts',(-0.299773762265415,1.77679972346374,1.06149291745134));
#4221=CARTESIAN_POINT('Ctrl Pts',(-0.303509342927823,1.77729049308944,1.05894537140485));
#4222=CARTESIAN_POINT('Ctrl Pts',(-0.305450877797302,1.77729049308944,1.05756301754737));
#4223=CARTESIAN_POINT('Ctrl Pts',(-0.290905118071642,1.77144814878257,1.05854208757722));
#4224=CARTESIAN_POINT('Ctrl Pts',(-0.291967367951391,1.77256887894017,1.05781399535685));
#4225=CARTESIAN_POINT('Ctrl Pts',(-0.294415824904904,1.77469970837963,1.05618307243425));
#4226=CARTESIAN_POINT('Ctrl Pts',(-0.299260383994327,1.77680194301861,1.0541040484053));
#4227=CARTESIAN_POINT('Ctrl Pts',(-0.302909478301841,1.77729049308944,1.05281157016075));
#4228=CARTESIAN_POINT('Ctrl Pts',(-0.304796166844562,1.77729049308944,1.05213975165202));
#4229=CARTESIAN_POINT('Ctrl Pts',(-0.290864827826465,1.77152487854586,1.05084756643383));
#4230=CARTESIAN_POINT('Ctrl Pts',(-0.292039036826962,1.77269908754636,1.05064810359439));
#4231=CARTESIAN_POINT('Ctrl Pts',(-0.294713758380822,1.77477685239874,1.05019093379683));
#4232=CARTESIAN_POINT('Ctrl Pts',(-0.299498609702702,1.77680800386454,1.04941826168721));
#4233=CARTESIAN_POINT('Ctrl Pts',(-0.30300914744261,1.77729049308944,1.04894097725744));
#4234=CARTESIAN_POINT('Ctrl Pts',(-0.304784252652972,1.77729049308944,1.04871184827062));
#4235=CARTESIAN_POINT('Ctrl Pts',(-0.290864827826465,1.77152487854586,1.04701462925428));
#4236=CARTESIAN_POINT('Ctrl Pts',(-0.292079526792497,1.7727395775119,1.04701462925428));
#4237=CARTESIAN_POINT('Ctrl Pts',(-0.294828635791562,1.77484903675745,1.04701462925428));
#4238=CARTESIAN_POINT('Ctrl Pts',(-0.299630882348383,1.77683819241114,1.04701462925428));
#4239=CARTESIAN_POINT('Ctrl Pts',(-0.303066408901009,1.77729049308944,1.04701462925428));
#4240=CARTESIAN_POINT('Ctrl Pts',(-0.304784252652972,1.77729049308944,1.04701462925428));
#4241=CARTESIAN_POINT('',(-0.290864827826465,1.77152487854586,1.04701462925428));
#4242=CARTESIAN_POINT('Ctrl Pts',(-0.30206011752478,1.7640078570493,1.09880101835263));
#4243=CARTESIAN_POINT('Ctrl Pts',(-0.300903578635405,1.76478742717901,1.0967650414783));
#4244=CARTESIAN_POINT('Ctrl Pts',(-0.298750841664021,1.76622530166518,1.09230253546546));
#4245=CARTESIAN_POINT('Ctrl Pts',(-0.295811022412782,1.7681984582667,1.08379134448562));
#4246=CARTESIAN_POINT('Ctrl Pts',(-0.293047316347058,1.76990757548748,1.07280767736271));
#4247=CARTESIAN_POINT('Ctrl Pts',(-0.290905118071642,1.77144814878258,1.05854208757722));
#4248=CARTESIAN_POINT('Ctrl Pts',(-0.290864827826465,1.77152487854586,1.05084756643383));
#4249=CARTESIAN_POINT('Ctrl Pts',(-0.290864827826465,1.77152487854586,1.04701462925428));
#4250=CARTESIAN_POINT('',(-0.304784252652972,1.77729049308944,1.04701462925428));
#4251=CARTESIAN_POINT('Origin',(-0.304784252652972,1.75760545371936,1.04701462925428));
#4252=CARTESIAN_POINT('Ctrl Pts',(-0.304784252652972,1.77729049308944,1.04701462925428));
#4253=CARTESIAN_POINT('Ctrl Pts',(-0.304784252652972,1.77729049308944,1.04829332936299));
#4254=CARTESIAN_POINT('Ctrl Pts',(-0.304786133934701,1.77729049308944,1.04957723316587));
#4255=CARTESIAN_POINT('Ctrl Pts',(-0.304836551529854,1.77729049308944,1.05089003109921));
#4256=CARTESIAN_POINT('Ctrl Pts',(-0.304898743872134,1.77729049308944,1.05250942564129));
#4257=CARTESIAN_POINT('Ctrl Pts',(-0.305035082525975,1.77729049308944,1.05417077209636));
#4258=CARTESIAN_POINT('Ctrl Pts',(-0.305294907637644,1.77729049308944,1.05583414115958));
#4259=CARTESIAN_POINT('Ctrl Pts',(-0.305555739941927,1.77729049308944,1.05750395814857));
#4260=CARTESIAN_POINT('Ctrl Pts',(-0.305939784925245,1.77729049308944,1.05916942663241));
#4261=CARTESIAN_POINT('Ctrl Pts',(-0.306471848987582,1.77729049308944,1.06078616747985));
#4262=CARTESIAN_POINT('Ctrl Pts',(-0.30699297745519,1.77729049308944,1.06236967920332));
#4263=CARTESIAN_POINT('Ctrl Pts',(-0.307658195009414,1.77729049308944,1.06391428580479));
#4264=CARTESIAN_POINT('Ctrl Pts',(-0.308468409354691,1.77729049308944,1.06539752609788));
#4265=CARTESIAN_POINT('Ctrl Pts',(-0.309772205187736,1.77729049308944,1.06778435437957));
#4266=CARTESIAN_POINT('Ctrl Pts',(-0.311449235779626,1.77729049308944,1.07000273279964));
#4267=CARTESIAN_POINT('Ctrl Pts',(-0.313385324776081,1.77729049308944,1.07185103066044));
#4268=CARTESIAN_POINT('Ctrl Pts',(-0.30206011752478,1.7640078570493,1.09880101835263));
#4269=CARTESIAN_POINT('Ctrl Pts',(-0.300903578635405,1.76478742717901,1.0967650414783));
#4270=CARTESIAN_POINT('Ctrl Pts',(-0.298750841664021,1.76622530166518,1.09230253546546));
#4271=CARTESIAN_POINT('Ctrl Pts',(-0.295811022412782,1.7681984582667,1.08379134448562));
#4272=CARTESIAN_POINT('Ctrl Pts',(-0.293047316347058,1.76990757548748,1.07280767736271));
#4273=CARTESIAN_POINT('Ctrl Pts',(-0.290905118071642,1.77144814878258,1.05854208757722));
#4274=CARTESIAN_POINT('Ctrl Pts',(-0.290864827826465,1.77152487854586,1.05084756643383));
#4275=CARTESIAN_POINT('Ctrl Pts',(-0.290864827826465,1.77152487854586,1.04701462925428));
#4276=CARTESIAN_POINT('Ctrl Pts',(-0.299213460423298,1.76283250165696,1.09778285829518));
#4277=CARTESIAN_POINT('Ctrl Pts',(-0.298296728954638,1.76364579535472,1.09567391930633));
#4278=CARTESIAN_POINT('Ctrl Pts',(-0.296561266399922,1.76517144296973,1.0910655280108));
#4279=CARTESIAN_POINT('Ctrl Pts',(-0.294107944852676,1.76728516371231,1.08238540137029));
#4280=CARTESIAN_POINT('Ctrl Pts',(-0.29168970529785,1.76903929143291,1.07138821290063));
#4281=CARTESIAN_POINT('Ctrl Pts',(-0.28978979080318,1.77039226136389,1.05781084818512));
#4282=CARTESIAN_POINT('Ctrl Pts',(-0.289690618825967,1.77035066954537,1.05062114736443));
#4283=CARTESIAN_POINT('Ctrl Pts',(-0.289650128860433,1.77031017957983,1.04701462925428));
#4284=CARTESIAN_POINT('Ctrl Pts',(-0.294446446474457,1.76033209670408,1.09519551676086));
#4285=CARTESIAN_POINT('Ctrl Pts',(-0.293877661834223,1.76126038739184,1.09295121476515));
#4286=CARTESIAN_POINT('Ctrl Pts',(-0.292757994364807,1.76303843927491,1.08805934359371));
#4287=CARTESIAN_POINT('Ctrl Pts',(-0.290982846837441,1.76546661289577,1.07893748116188));
#4288=CARTESIAN_POINT('Ctrl Pts',(-0.289055122507288,1.76716728640399,1.06798185034997));
#4289=CARTESIAN_POINT('Ctrl Pts',(-0.287669064338633,1.76796126526369,1.05614167587228));
#4290=CARTESIAN_POINT('Ctrl Pts',(-0.287612853973593,1.76767594799151,1.05011840040964));
#4291=CARTESIAN_POINT('Ctrl Pts',(-0.287540669614881,1.76756107058077,1.04701462925428));
#4292=CARTESIAN_POINT('Ctrl Pts',(-0.287465167475782,1.75551278466018,1.0875255415747));
#4293=CARTESIAN_POINT('Ctrl Pts',(-0.28726715705818,1.75665073573041,1.08508140864596));
#4294=CARTESIAN_POINT('Ctrl Pts',(-0.286825437743872,1.75875946742466,1.07979795741847));
#4295=CARTESIAN_POINT('Ctrl Pts',(-0.286100736739635,1.76128810355482,1.07093906069007));
#4296=CARTESIAN_POINT('Ctrl Pts',(-0.285574685095201,1.7625966248824,1.06230490827899));
#4297=CARTESIAN_POINT('Ctrl Pts',(-0.285589695611132,1.76313023255752,1.05402388561453));
#4298=CARTESIAN_POINT('Ctrl Pts',(-0.285581702507785,1.76289109666963,1.04930448325618));
#4299=CARTESIAN_POINT('Ctrl Pts',(-0.285551513961187,1.76275882402395,1.04701462925428));
#4300=CARTESIAN_POINT('Ctrl Pts',(-0.285099213282893,1.74935171666382,1.08175403487273));
#4301=CARTESIAN_POINT('Ctrl Pts',(-0.285099213282893,1.75082400486075,1.0794933297807));
#4302=CARTESIAN_POINT('Ctrl Pts',(-0.285099213282893,1.75359872520827,1.0746263604609));
#4303=CARTESIAN_POINT('Ctrl Pts',(-0.285099213282893,1.75686702694566,1.06701786819639));
#4304=CARTESIAN_POINT('Ctrl Pts',(-0.285099213282893,1.75867640828372,1.0598303595662));
#4305=CARTESIAN_POINT('Ctrl Pts',(-0.285099213282893,1.7594888471877,1.05267154978805));
#4306=CARTESIAN_POINT('Ctrl Pts',(-0.285099213282893,1.75938055892972,1.0488270165703));
#4307=CARTESIAN_POINT('Ctrl Pts',(-0.285099213282893,1.75932329747132,1.04701462925428));
#4308=CARTESIAN_POINT('Ctrl Pts',(-0.285099213282893,1.74622500823279,1.07923840105994));
#4309=CARTESIAN_POINT('Ctrl Pts',(-0.285099213282893,1.74792706758809,1.07703130620745));
#4310=CARTESIAN_POINT('Ctrl Pts',(-0.285099213282893,1.75110331261194,1.07225947959242));
#4311=CARTESIAN_POINT('Ctrl Pts',(-0.285099213282893,1.75469947290581,1.06505880630764));
#4312=CARTESIAN_POINT('Ctrl Pts',(-0.285099213282893,1.75668050327912,1.05841907136356));
#4313=CARTESIAN_POINT('Ctrl Pts',(-0.285099213282893,1.75760445930732,1.05198423270947));
#4314=CARTESIAN_POINT('Ctrl Pts',(-0.285099213282893,1.75760545371936,1.04859967048539));
#4315=CARTESIAN_POINT('Ctrl Pts',(-0.285099213282893,1.75760545371936,1.04701462925428));
#4316=CARTESIAN_POINT('',(-0.285099213282893,1.74622500823279,1.07923840105994));
#4317=CARTESIAN_POINT('Ctrl Pts',(-0.30206011752478,1.7640078570493,1.09880101835263));
#4318=CARTESIAN_POINT('Ctrl Pts',(-0.299213460423298,1.76283250165696,1.09778285829518));
#4319=CARTESIAN_POINT('Ctrl Pts',(-0.294446446474457,1.76033209670408,1.09519551676086));
#4320=CARTESIAN_POINT('Ctrl Pts',(-0.287465167475782,1.75551278466018,1.0875255415747));
#4321=CARTESIAN_POINT('Ctrl Pts',(-0.285099213282893,1.74935171666382,1.08175403487273));
#4322=CARTESIAN_POINT('Ctrl Pts',(-0.285099213282893,1.74622500823279,1.07923840105994));
#4323=CARTESIAN_POINT('',(-0.285099213282893,1.75760545371936,1.04701462925428));
#4324=CARTESIAN_POINT('Ctrl Pts',(-0.285099213282893,1.74622500823279,1.07923840105994));
#4325=CARTESIAN_POINT('Ctrl Pts',(-0.285099213282893,1.74718262266552,1.0779966430222));
#4326=CARTESIAN_POINT('Ctrl Pts',(-0.285099213282893,1.74809727091867,1.07670958277183));
#4327=CARTESIAN_POINT('Ctrl Pts',(-0.285099213282893,1.74896833440248,1.07538557722956));
#4328=CARTESIAN_POINT('Ctrl Pts',(-0.285099213282893,1.75037521181542,1.07324714125257));
#4329=CARTESIAN_POINT('Ctrl Pts',(-0.285099213282893,1.75166509831028,1.07101875852559));
#4330=CARTESIAN_POINT('Ctrl Pts',(-0.285099213282893,1.75275078522646,1.06885426220375));
#4331=CARTESIAN_POINT('Ctrl Pts',(-0.285099213282893,1.75341529516907,1.06752945179552));
#4332=CARTESIAN_POINT('Ctrl Pts',(-0.285099213282893,1.75400174281589,1.06623066894983));
#4333=CARTESIAN_POINT('Ctrl Pts',(-0.285099213282893,1.75450564675142,1.0649641531118));
#4334=CARTESIAN_POINT('Ctrl Pts',(-0.285099213282893,1.75503912081897,1.06362331548765));
#4335=CARTESIAN_POINT('Ctrl Pts',(-0.285099213282893,1.75548246485423,1.06231209242212));
#4336=CARTESIAN_POINT('Ctrl Pts',(-0.285099213282893,1.75585732171748,1.06100205549967));
#4337=CARTESIAN_POINT('Ctrl Pts',(-0.285099213282893,1.75629004253314,1.05948979761883));
#4338=CARTESIAN_POINT('Ctrl Pts',(-0.285099213282893,1.75663116595761,1.05798078078952));
#4339=CARTESIAN_POINT('Ctrl Pts',(-0.285099213282893,1.756891764755,1.05651976130051));
#4340=CARTESIAN_POINT('Ctrl Pts',(-0.285099213282893,1.7571389938462,1.05513369764976));
#4341=CARTESIAN_POINT('Ctrl Pts',(-0.285099213282893,1.7573120716362,1.05379656379112));
#4342=CARTESIAN_POINT('Ctrl Pts',(-0.285099213282893,1.75742202205627,1.05255088610828));
#4343=CARTESIAN_POINT('Ctrl Pts',(-0.285099213282893,1.75751362832514,1.05151303755204));
#4344=CARTESIAN_POINT('Ctrl Pts',(-0.285099213282893,1.75756100722736,1.05054020938517));
#4345=CARTESIAN_POINT('Ctrl Pts',(-0.285099213282893,1.75758333839483,1.04961885556349));
#4346=CARTESIAN_POINT('Ctrl Pts',(-0.285099213282893,1.75759252935285,1.04923964904396));
#4347=CARTESIAN_POINT('Ctrl Pts',(-0.285099213282893,1.7575977878235,1.04887193965413));
#4348=CARTESIAN_POINT('Ctrl Pts',(-0.285099213282893,1.75760101056221,1.04849863404119));
#4349=CARTESIAN_POINT('Ctrl Pts',(-0.285099213282893,1.75760358039656,1.04820095753771));
#4350=CARTESIAN_POINT('Ctrl Pts',(-0.285099213282893,1.75760471772531,1.04789376961493));
#4351=CARTESIAN_POINT('Ctrl Pts',(-0.285099213282893,1.75760515492777,1.04760824705774));
#4352=CARTESIAN_POINT('Ctrl Pts',(-0.285099213282893,1.75760546339128,1.04740679967296));
#4353=CARTESIAN_POINT('Ctrl Pts',(-0.285099213282893,1.75760545371936,1.04721181423082));
#4354=CARTESIAN_POINT('Ctrl Pts',(-0.285099213282893,1.75760545371936,1.04701462925428));
#4355=CARTESIAN_POINT('Origin',(-0.304784252652972,1.75760545371936,1.04701462925428));
#4356=CARTESIAN_POINT('Ctrl Pts',(-0.30206011752478,1.7640078570493,1.09880101835263));
#4357=CARTESIAN_POINT('Ctrl Pts',(-0.299213460423298,1.76283250165696,1.09778285829518));
#4358=CARTESIAN_POINT('Ctrl Pts',(-0.294446446474457,1.76033209670408,1.09519551676086));
#4359=CARTESIAN_POINT('Ctrl Pts',(-0.287465167475782,1.75551278466018,1.0875255415747));
#4360=CARTESIAN_POINT('Ctrl Pts',(-0.285099213282893,1.74935171666382,1.08175403487273));
#4361=CARTESIAN_POINT('Ctrl Pts',(-0.285099213282893,1.74622500823279,1.07923840105994));
#4362=CARTESIAN_POINT('Ctrl Pts',(-0.301508662153266,1.76252307368419,1.1002260991925));
#4363=CARTESIAN_POINT('Ctrl Pts',(-0.298782549252172,1.76136404058788,1.09920271643619));
#4364=CARTESIAN_POINT('Ctrl Pts',(-0.294125671342881,1.75885442650459,1.09665898229897));
#4365=CARTESIAN_POINT('Ctrl Pts',(-0.287272171220512,1.7538250225833,1.08928070017662));
#4366=CARTESIAN_POINT('Ctrl Pts',(-0.285099213282893,1.74767098123815,1.08384703104391));
#4367=CARTESIAN_POINT('Ctrl Pts',(-0.285099213282893,1.74452294887748,1.08144549591243));
#4368=CARTESIAN_POINT('Ctrl Pts',(-0.300397513838344,1.75925283186216,1.10303682966527));
#4369=CARTESIAN_POINT('Ctrl Pts',(-0.297868020395363,1.75810067335342,1.10201871458383));
#4370=CARTESIAN_POINT('Ctrl Pts',(-0.293377510999043,1.75554272699118,1.09954609433008));
#4371=CARTESIAN_POINT('Ctrl Pts',(-0.28684008929348,1.75003820438755,1.09268971569921));
#4372=CARTESIAN_POINT('Ctrl Pts',(-0.285099213282893,1.74393598736168,1.08788690100683));
#4373=CARTESIAN_POINT('Ctrl Pts',(-0.285099213282893,1.74074456585852,1.08567341270796));
#4374=CARTESIAN_POINT('Ctrl Pts',(-0.298579905212728,1.75274363587973,1.10767106110742));
#4375=CARTESIAN_POINT('Ctrl Pts',(-0.296240269550547,1.75155402090859,1.10666547835483));
#4376=CARTESIAN_POINT('Ctrl Pts',(-0.291936162547217,1.74884347647943,1.10421421346455));
#4377=CARTESIAN_POINT('Ctrl Pts',(-0.286247267346351,1.74275396063399,1.09805151316676));
#4378=CARTESIAN_POINT('Ctrl Pts',(-0.285099213282893,1.7372273911676,1.09372673395453));
#4379=CARTESIAN_POINT('Ctrl Pts',(-0.285099213282893,1.73422485906394,1.09154886474601));
#4380=CARTESIAN_POINT('Ctrl Pts',(-0.296542854289791,1.74447868171605,1.11272923630963));
#4381=CARTESIAN_POINT('Ctrl Pts',(-0.294377963077314,1.74335014077332,1.11160044280675));
#4382=CARTESIAN_POINT('Ctrl Pts',(-0.290372538696801,1.74064138988297,1.10886637344432));
#4383=CARTESIAN_POINT('Ctrl Pts',(-0.285992691720465,1.73535851805057,1.10260988645891));
#4384=CARTESIAN_POINT('Ctrl Pts',(-0.285099213282893,1.73083314728556,1.09814124694661));
#4385=CARTESIAN_POINT('Ctrl Pts',(-0.285099213282893,1.72827018309799,1.09581628837448));
#4386=CARTESIAN_POINT('Ctrl Pts',(-0.294971888473538,1.73428807496068,1.11813196979649));
#4387=CARTESIAN_POINT('Ctrl Pts',(-0.293053088783824,1.73346310671473,1.11666448890655));
#4388=CARTESIAN_POINT('Ctrl Pts',(-0.289579139623479,1.73145936358677,1.11319925879887));
#4389=CARTESIAN_POINT('Ctrl Pts',(-0.286036994982548,1.72764685445461,1.10655578107483));
#4390=CARTESIAN_POINT('Ctrl Pts',(-0.285099213282893,1.72395882751114,1.1017941811623));
#4391=CARTESIAN_POINT('Ctrl Pts',(-0.285099213282893,1.72205135927815,1.09932606031374));
#4392=CARTESIAN_POINT('Ctrl Pts',(-0.295056896360271,1.72921484928284,1.12040232710949));
#4393=CARTESIAN_POINT('Ctrl Pts',(-0.293046528620074,1.72845674430648,1.1187925521483));
#4394=CARTESIAN_POINT('Ctrl Pts',(-0.289466301567505,1.72666683512351,1.11504588805609));
#4395=CARTESIAN_POINT('Ctrl Pts',(-0.285940043400994,1.72314799885177,1.1082577050711));
#4396=CARTESIAN_POINT('Ctrl Pts',(-0.285099213282893,1.72034677198585,1.10330312285942));
#4397=CARTESIAN_POINT('Ctrl Pts',(-0.285099213282893,1.71894223760224,1.10079203881952));
#4398=CARTESIAN_POINT('Ctrl Pts',(-0.295054437437574,1.72678382309009,1.1215241960406));
#4399=CARTESIAN_POINT('Ctrl Pts',(-0.292975770068141,1.72601140080463,1.11985397146398));
#4400=CARTESIAN_POINT('Ctrl Pts',(-0.289341183067036,1.72421891704341,1.11597804700207));
#4401=CARTESIAN_POINT('Ctrl Pts',(-0.285887454394075,1.72099936145011,1.10901633579968));
#4402=CARTESIAN_POINT('Ctrl Pts',(-0.285099213282893,1.71866889800397,1.10397712681273));
#4403=CARTESIAN_POINT('Ctrl Pts',(-0.285099213282893,1.71750359275216,1.10145736332655));
#4404=CARTESIAN_POINT('',(-0.295054437437574,1.72678382309009,1.1215241960406));
#4405=CARTESIAN_POINT('Ctrl Pts',(-0.30206011752478,1.7640078570493,1.09880101835263));
#4406=CARTESIAN_POINT('Ctrl Pts',(-0.301508662153266,1.76252307368419,1.1002260991925));
#4407=CARTESIAN_POINT('Ctrl Pts',(-0.300397513838344,1.75925283186216,1.10303682966527));
#4408=CARTESIAN_POINT('Ctrl Pts',(-0.298579905212728,1.75274363587973,1.10767106110742));
#4409=CARTESIAN_POINT('Ctrl Pts',(-0.296542854289791,1.74447868171605,1.11272923630963));
#4410=CARTESIAN_POINT('Ctrl Pts',(-0.294971888473538,1.73428807496068,1.11813196979649));
#4411=CARTESIAN_POINT('Ctrl Pts',(-0.295056896360271,1.72921484928284,1.12040232710949));
#4412=CARTESIAN_POINT('Ctrl Pts',(-0.295054437437574,1.72678382309009,1.1215241960406));
#4413=CARTESIAN_POINT('',(-0.285099213282893,1.71750359275216,1.10145736332655));
#4414=CARTESIAN_POINT('Origin',(-0.314626772338011,1.71750359275216,1.10145736332655));
#4415=CARTESIAN_POINT('Ctrl Pts',(-0.285099213282893,1.71750359275216,1.10145736332655));
#4416=CARTESIAN_POINT('Ctrl Pts',(-0.285099213282893,1.71813128852013,1.10116707529795));
#4417=CARTESIAN_POINT('Ctrl Pts',(-0.285099213282893,1.71876322091496,1.10087433853509));
#4418=CARTESIAN_POINT('Ctrl Pts',(-0.285099213282893,1.71944238285,1.10054850115578));
#4419=CARTESIAN_POINT('Ctrl Pts',(-0.285099213282893,1.72020619582907,1.10018205126137));
#4420=CARTESIAN_POINT('Ctrl Pts',(-0.285099213282893,1.72102902569246,1.09977416684349));
#4421=CARTESIAN_POINT('Ctrl Pts',(-0.285099213282893,1.72191253305745,1.09931550780683));
#4422=CARTESIAN_POINT('Ctrl Pts',(-0.285099213282893,1.72349878978592,1.09849202742421));
#4423=CARTESIAN_POINT('Ctrl Pts',(-0.285099213282893,1.72527596150621,1.09750796879483));
#4424=CARTESIAN_POINT('Ctrl Pts',(-0.285099213282893,1.72705977778668,1.09641794660973));
#4425=CARTESIAN_POINT('Ctrl Pts',(-0.285099213282893,1.72805960584421,1.09580698976629));
#4426=CARTESIAN_POINT('Ctrl Pts',(-0.285099213282893,1.72905901401905,1.09516410009265));
#4427=CARTESIAN_POINT('Ctrl Pts',(-0.285099213282893,1.73005233976416,1.0944823686535));
#4428=CARTESIAN_POINT('Ctrl Pts',(-0.285099213282893,1.73110299946539,1.09376128822876));
#4429=CARTESIAN_POINT('Ctrl Pts',(-0.285099213282893,1.73215341350411,1.0929918635093));
#4430=CARTESIAN_POINT('Ctrl Pts',(-0.285099213282893,1.73322732722292,1.09215211343123));
#4431=CARTESIAN_POINT('Ctrl Pts',(-0.285099213282893,1.73443761813227,1.09120572279684));
#4432=CARTESIAN_POINT('Ctrl Pts',(-0.285099213282893,1.73567691539141,1.09017093377274));
#4433=CARTESIAN_POINT('Ctrl Pts',(-0.285099213282893,1.73692067381346,1.08906657119548));
#4434=CARTESIAN_POINT('Ctrl Pts',(-0.285099213282893,1.73859763261432,1.08757755973596));
#4435=CARTESIAN_POINT('Ctrl Pts',(-0.285099213282893,1.74027607027325,1.08596851298047));
#4436=CARTESIAN_POINT('Ctrl Pts',(-0.285099213282893,1.7418481542381,1.08431905052918));
#4437=CARTESIAN_POINT('Ctrl Pts',(-0.285099213282893,1.74293993892461,1.08317352784365));
#4438=CARTESIAN_POINT('Ctrl Pts',(-0.285099213282893,1.74397884245586,1.08200971834964));
#4439=CARTESIAN_POINT('Ctrl Pts',(-0.285099213282893,1.74495971522758,1.08082297526286));
#4440=CARTESIAN_POINT('Ctrl Pts',(-0.285099213282893,1.7453912219983,1.08030090176687));
#4441=CARTESIAN_POINT('Ctrl Pts',(-0.285099213282893,1.74581230694744,1.07977355917864));
#4442=CARTESIAN_POINT('Ctrl Pts',(-0.285099213282893,1.74622500823279,1.07923840105994));
#4443=CARTESIAN_POINT('Ctrl Pts',(-0.30206011752478,1.7640078570493,1.09880101835263));
#4444=CARTESIAN_POINT('Ctrl Pts',(-0.301508662153266,1.76252307368419,1.1002260991925));
#4445=CARTESIAN_POINT('Ctrl Pts',(-0.300397513838344,1.75925283186216,1.10303682966527));
#4446=CARTESIAN_POINT('Ctrl Pts',(-0.298579905212728,1.75274363587973,1.10767106110742));
#4447=CARTESIAN_POINT('Ctrl Pts',(-0.296542854289791,1.74447868171605,1.11272923630963));
#4448=CARTESIAN_POINT('Ctrl Pts',(-0.294971888473538,1.73428807496068,1.11813196979649));
#4449=CARTESIAN_POINT('Ctrl Pts',(-0.295056896360271,1.72921484928284,1.12040232710949));
#4450=CARTESIAN_POINT('Ctrl Pts',(-0.295054437437574,1.72678382309009,1.1215241960406));
#4451=CARTESIAN_POINT('Ctrl Pts',(-0.303987682340405,1.76270857349979,1.1021943131432));
#4452=CARTESIAN_POINT('Ctrl Pts',(-0.30337089377978,1.76120039304898,1.1034464166998));
#4453=CARTESIAN_POINT('Ctrl Pts',(-0.302157250059718,1.75785162064144,1.10600939704487));
#4454=CARTESIAN_POINT('Ctrl Pts',(-0.300263876526882,1.75140109037062,1.11032251205626));
#4455=CARTESIAN_POINT('Ctrl Pts',(-0.298267087732705,1.74345483273928,1.11505211526992));
#4456=CARTESIAN_POINT('Ctrl Pts',(-0.296878842283497,1.73410466602086,1.12006744537835));
#4457=CARTESIAN_POINT('Ctrl Pts',(-0.297066990886836,1.72970284023778,1.12213675417414));
#4458=CARTESIAN_POINT('Ctrl Pts',(-0.297133104807007,1.72755624537556,1.12319442061722));
#4459=CARTESIAN_POINT('Ctrl Pts',(-0.308113588356936,1.759826984372,1.1079319227514));
#4460=CARTESIAN_POINT('Ctrl Pts',(-0.307399158681525,1.75824543242528,1.10902052387692));
#4461=CARTESIAN_POINT('Ctrl Pts',(-0.306049494737068,1.75482215175884,1.11127539852683));
#4462=CARTESIAN_POINT('Ctrl Pts',(-0.304095816572831,1.74860655143267,1.11507501483524));
#4463=CARTESIAN_POINT('Ctrl Pts',(-0.302258268594973,1.74110323461401,1.1194689545718));
#4464=CARTESIAN_POINT('Ctrl Pts',(-0.301265800766039,1.73372632255016,1.12351304957823));
#4465=CARTESIAN_POINT('Ctrl Pts',(-0.301622737237833,1.73051557051182,1.12512041048808));
#4466=CARTESIAN_POINT('Ctrl Pts',(-0.301812662642414,1.72885325580219,1.12599897290868));
#4467=CARTESIAN_POINT('Ctrl Pts',(-0.31801792058625,1.75287521535079,1.11565082069472));
#4468=CARTESIAN_POINT('Ctrl Pts',(-0.316964840201314,1.75138965439295,1.11657000719613));
#4469=CARTESIAN_POINT('Ctrl Pts',(-0.315002025682157,1.74827039962794,1.11846180024148));
#4470=CARTESIAN_POINT('Ctrl Pts',(-0.312295590187582,1.74297287158917,1.12156073094636));
#4471=CARTESIAN_POINT('Ctrl Pts',(-0.310179383746138,1.73790562387853,1.12436749757904));
#4472=CARTESIAN_POINT('Ctrl Pts',(-0.309265801726596,1.73366349119091,1.12645732113715));
#4473=CARTESIAN_POINT('Ctrl Pts',(-0.309632714158274,1.73117140708569,1.12765127461656));
#4474=CARTESIAN_POINT('Ctrl Pts',(-0.309844997634727,1.72990186339739,1.12826639865452));
#4475=CARTESIAN_POINT('Ctrl Pts',(-0.323348749513233,1.74944710737798,1.11823587889364));
#4476=CARTESIAN_POINT('Ctrl Pts',(-0.322159113962337,1.74826792084016,1.11896326674312));
#4477=CARTESIAN_POINT('Ctrl Pts',(-0.319990119232717,1.74578951000125,1.12042934234132));
#4478=CARTESIAN_POINT('Ctrl Pts',(-0.317369322958146,1.74164306785881,1.12271033694267));
#4479=CARTESIAN_POINT('Ctrl Pts',(-0.315763237434019,1.73760588561497,1.12478908782202));
#4480=CARTESIAN_POINT('Ctrl Pts',(-0.315216535314619,1.73356307298318,1.12672696440214));
#4481=CARTESIAN_POINT('Ctrl Pts',(-0.315365078525026,1.7311370616215,1.12782762997688));
#4482=CARTESIAN_POINT('Ctrl Pts',(-0.315451608857548,1.72994769474844,1.12836550072645));
#4483=CARTESIAN_POINT('Ctrl Pts',(-0.325324335327242,1.74782577530753,1.11867889257834));
#4484=CARTESIAN_POINT('Ctrl Pts',(-0.324229220002537,1.74683051645551,1.11931196756074));
#4485=CARTESIAN_POINT('Ctrl Pts',(-0.322290532120548,1.74465365795575,1.1206145588957));
#4486=CARTESIAN_POINT('Ctrl Pts',(-0.320067773760278,1.74086299048039,1.12268952380822));
#4487=CARTESIAN_POINT('Ctrl Pts',(-0.318774079552715,1.73710588944725,1.12460702944421));
#4488=CARTESIAN_POINT('Ctrl Pts',(-0.318238300376242,1.73324334346125,1.12646631295803));
#4489=CARTESIAN_POINT('Ctrl Pts',(-0.318212288435273,1.73092850904687,1.12754033894307));
#4490=CARTESIAN_POINT('Ctrl Pts',(-0.318207297116453,1.72980638932184,1.12805995309953));
#4491=CARTESIAN_POINT('',(-0.325324335327242,1.74782577530753,1.11867889257834));
#4492=CARTESIAN_POINT('Ctrl Pts',(-0.30206011752478,1.7640078570493,1.09880101835263));
#4493=CARTESIAN_POINT('Ctrl Pts',(-0.303987682340405,1.76270857349979,1.1021943131432));
#4494=CARTESIAN_POINT('Ctrl Pts',(-0.308113588356936,1.759826984372,1.1079319227514));
#4495=CARTESIAN_POINT('Ctrl Pts',(-0.31801792058625,1.75287521535079,1.11565082069472));
#4496=CARTESIAN_POINT('Ctrl Pts',(-0.323348749513233,1.74944710737798,1.11823587889364));
#4497=CARTESIAN_POINT('Ctrl Pts',(-0.325324335327242,1.74782577530753,1.11867889257834));
#4498=CARTESIAN_POINT('',(-0.318207297116453,1.72980638932184,1.12805995309953));
#4499=CARTESIAN_POINT('Ctrl Pts',(-0.325324335327242,1.74782577530753,1.11867889257834));
#4500=CARTESIAN_POINT('Ctrl Pts',(-0.324418171360556,1.74700223856315,1.11920273671084));
#4501=CARTESIAN_POINT('Ctrl Pts',(-0.323599350509597,1.74611806555638,1.11973736067382));
#4502=CARTESIAN_POINT('Ctrl Pts',(-0.322858070593598,1.74516811051153,1.12028834452221));
#4503=CARTESIAN_POINT('Ctrl Pts',(-0.321923578063838,1.74397055224258,1.12098294082684));
#4504=CARTESIAN_POINT('Ctrl Pts',(-0.321111893293099,1.74267100652015,1.12170231282314));
#4505=CARTESIAN_POINT('Ctrl Pts',(-0.320458434391203,1.74135780138604,1.12240331226246));
#4506=CARTESIAN_POINT('Ctrl Pts',(-0.319997347975561,1.74043119215854,1.12289794370433));
#4507=CARTESIAN_POINT('Ctrl Pts',(-0.319617356708631,1.73950136274837,1.12338147217087));
#4508=CARTESIAN_POINT('Ctrl Pts',(-0.319317608886769,1.73857573470724,1.12385143140985));
#4509=CARTESIAN_POINT('Ctrl Pts',(-0.319038704352196,1.73771447120782,1.12428871152752));
#4510=CARTESIAN_POINT('Ctrl Pts',(-0.318826654377423,1.73684898624358,1.12471824671054));
#4511=CARTESIAN_POINT('Ctrl Pts',(-0.318666213227627,1.73597938704179,1.12514246931134));
#4512=CARTESIAN_POINT('Ctrl Pts',(-0.318466090857306,1.73489471360413,1.12567161306606));
#4513=CARTESIAN_POINT('Ctrl Pts',(-0.318347584264058,1.73380968965158,1.12618950858733));
#4514=CARTESIAN_POINT('Ctrl Pts',(-0.318283439904648,1.73277457590491,1.12667693263209));
#4515=CARTESIAN_POINT('Ctrl Pts',(-0.318237583928593,1.73203458642463,1.12702538580132));
#4516=CARTESIAN_POINT('Ctrl Pts',(-0.318219689078754,1.73132186028345,1.12735742008538));
#4517=CARTESIAN_POINT('Ctrl Pts',(-0.318212576973835,1.73062932062431,1.12767866060308));
#4518=CARTESIAN_POINT('Ctrl Pts',(-0.318209740508178,1.73035312040214,1.12780677846779));
#4519=CARTESIAN_POINT('Ctrl Pts',(-0.318208512787711,1.73007968957513,1.12793339736987));
#4520=CARTESIAN_POINT('Ctrl Pts',(-0.318207297116453,1.72980638932184,1.12805995309953));
#4521=CARTESIAN_POINT('Origin',(-0.314626772338011,1.71750359275216,1.10145736332655));
#4522=CARTESIAN_POINT('Ctrl Pts',(-0.600986171454443,1.75795461536467,0.579743088991927));
#4523=CARTESIAN_POINT('Ctrl Pts',(-0.601922605182252,1.75903076643102,0.581346598049116));
#4524=CARTESIAN_POINT('Ctrl Pts',(-0.603817618263609,1.76110774429452,0.584880050621578));
#4525=CARTESIAN_POINT('Ctrl Pts',(-0.60684023831595,1.76409100187357,0.591478238081203));
#4526=CARTESIAN_POINT('Ctrl Pts',(-0.610125761424273,1.76698249497831,0.599789932282446));
#4527=CARTESIAN_POINT('Ctrl Pts',(-0.613734134528133,1.76967934515534,0.610206403473212));
#4528=CARTESIAN_POINT('Ctrl Pts',(-0.617211944986727,1.77117204130135,0.620940807970556));
#4529=CARTESIAN_POINT('Ctrl Pts',(-0.618809452754282,1.77105513324731,0.626135687403765));
#4530=CARTESIAN_POINT('Ctrl Pts',(-0.61960560406819,1.77105513324731,0.628769936577813));
#4531=CARTESIAN_POINT('Ctrl Pts',(-0.604274486232079,1.75669318110532,0.579498001203987));
#4532=CARTESIAN_POINT('Ctrl Pts',(-0.605067338647861,1.75779622878144,0.58119516687957));
#4533=CARTESIAN_POINT('Ctrl Pts',(-0.606714639833008,1.75993327073239,0.584909443909));
#4534=CARTESIAN_POINT('Ctrl Pts',(-0.609441288460104,1.76299822976643,0.591742432957498));
#4535=CARTESIAN_POINT('Ctrl Pts',(-0.612494542023627,1.76593336882476,0.600217209195788));
#4536=CARTESIAN_POINT('Ctrl Pts',(-0.615921778917541,1.76857132289282,0.610559389739448));
#4537=CARTESIAN_POINT('Ctrl Pts',(-0.619173067016679,1.76992035963631,0.620717521234397));
#4538=CARTESIAN_POINT('Ctrl Pts',(-0.620798295314036,1.76974472754177,0.625657656259375));
#4539=CARTESIAN_POINT('Ctrl Pts',(-0.621616217877825,1.76970728737875,0.628162267097616));
#4540=CARTESIAN_POINT('Ctrl Pts',(-0.610140161881247,1.75390302360566,0.579431054878181));
#4541=CARTESIAN_POINT('Ctrl Pts',(-0.610745720243447,1.75507659466505,0.581311449292816));
#4542=CARTESIAN_POINT('Ctrl Pts',(-0.612054727356344,1.75735486300356,0.585391107410431));
#4543=CARTESIAN_POINT('Ctrl Pts',(-0.614391189821569,1.76059627299831,0.592755460075168));
#4544=CARTESIAN_POINT('Ctrl Pts',(-0.61718272647031,1.76359577804599,0.601631001400615));
#4545=CARTESIAN_POINT('Ctrl Pts',(-0.620244912372094,1.7660273540518,0.611586592788366));
#4546=CARTESIAN_POINT('Ctrl Pts',(-0.622994524781067,1.76700924951715,0.620354227407495));
#4547=CARTESIAN_POINT('Ctrl Pts',(-0.624576759875526,1.76672015752748,0.624744970389329));
#4548=CARTESIAN_POINT('Ctrl Pts',(-0.625391291556798,1.76661098188519,0.627021323446868));
#4549=CARTESIAN_POINT('Ctrl Pts',(-0.619045113811324,1.74776576476451,0.580954379113396));
#4550=CARTESIAN_POINT('Ctrl Pts',(-0.619435531889373,1.74922683288371,0.583229964856856));
#4551=CARTESIAN_POINT('Ctrl Pts',(-0.620339796128448,1.75203855110542,0.588064969503821));
#4552=CARTESIAN_POINT('Ctrl Pts',(-0.622026164389276,1.75576101632827,0.596030733241755));
#4553=CARTESIAN_POINT('Ctrl Pts',(-0.623937875635855,1.75875959532545,0.604388019440104));
#4554=CARTESIAN_POINT('Ctrl Pts',(-0.625897672494813,1.76072843074065,0.612415415629671));
#4555=CARTESIAN_POINT('Ctrl Pts',(-0.627877971787319,1.76134202581019,0.619282263027462));
#4556=CARTESIAN_POINT('Ctrl Pts',(-0.629393697428993,1.76106725150555,0.623534733997628));
#4557=CARTESIAN_POINT('Ctrl Pts',(-0.630111466641261,1.76093199719923,0.625594741014046));
#4558=CARTESIAN_POINT('Ctrl Pts',(-0.623114406638645,1.74435943887135,0.58265618493322));
#4559=CARTESIAN_POINT('Ctrl Pts',(-0.62332357149163,1.74590280280359,0.584942297468935));
#4560=CARTESIAN_POINT('Ctrl Pts',(-0.623886665479492,1.74880468830798,0.589732249520371));
#4561=CARTESIAN_POINT('Ctrl Pts',(-0.625124714654362,1.75230813056497,0.597207819591133));
#4562=CARTESIAN_POINT('Ctrl Pts',(-0.626729973297238,1.75482580479655,0.604794160016698));
#4563=CARTESIAN_POINT('Ctrl Pts',(-0.628593796332095,1.75631233602516,0.612159168041183));
#4564=CARTESIAN_POINT('Ctrl Pts',(-0.630591316063815,1.75677777388925,0.618900297453572));
#4565=CARTESIAN_POINT('Ctrl Pts',(-0.631906813345679,1.75665591712193,0.62295061738579));
#4566=CARTESIAN_POINT('Ctrl Pts',(-0.632516444925517,1.75659289620266,0.62486788243142));
#4567=CARTESIAN_POINT('Ctrl Pts',(-0.624360800725901,1.74268679956558,0.583631966946656));
#4568=CARTESIAN_POINT('Ctrl Pts',(-0.624549623080338,1.74421257433655,0.585868858282627));
#4569=CARTESIAN_POINT('Ctrl Pts',(-0.62510487600896,1.74702909426934,0.59057767801994));
#4570=CARTESIAN_POINT('Ctrl Pts',(-0.626377760137422,1.75027596101157,0.597880711590563));
#4571=CARTESIAN_POINT('Ctrl Pts',(-0.628015738973955,1.75251701403246,0.60524601294766));
#4572=CARTESIAN_POINT('Ctrl Pts',(-0.629858119770411,1.7538265795645,0.612345585207205));
#4573=CARTESIAN_POINT('Ctrl Pts',(-0.631758032436175,1.75431877566611,0.618853924491647));
#4574=CARTESIAN_POINT('Ctrl Pts',(-0.632960471170103,1.75432414310885,0.622742775533656));
#4575=CARTESIAN_POINT('Ctrl Pts',(-0.633511822724707,1.75432414310885,0.624567048573155));
#4576=CARTESIAN_POINT('',(-0.600986171454443,1.75795461536467,0.579743088991927));
#4577=CARTESIAN_POINT('',(-0.619605604068191,1.77105513324731,0.628769936577813));
#4578=CARTESIAN_POINT('Ctrl Pts',(-0.600986171454443,1.75795461536467,0.579743088991927));
#4579=CARTESIAN_POINT('Ctrl Pts',(-0.601922605182252,1.75903076643102,0.581346598049116));
#4580=CARTESIAN_POINT('Ctrl Pts',(-0.603817618263609,1.76110774429452,0.584880050621578));
#4581=CARTESIAN_POINT('Ctrl Pts',(-0.60684023831595,1.76409100187357,0.591478238081203));
#4582=CARTESIAN_POINT('Ctrl Pts',(-0.610125761424273,1.76698249497831,0.599789932282446));
#4583=CARTESIAN_POINT('Ctrl Pts',(-0.613734134528133,1.76967934515534,0.610206403473212));
#4584=CARTESIAN_POINT('Ctrl Pts',(-0.617211944986727,1.77117204130135,0.620940807970556));
#4585=CARTESIAN_POINT('Ctrl Pts',(-0.618809452754282,1.77105513324731,0.626135687403765));
#4586=CARTESIAN_POINT('Ctrl Pts',(-0.61960560406819,1.77105513324731,0.628769936577813));
#4587=CARTESIAN_POINT('',(-0.624360800725901,1.74268679956558,0.583631966946656));
#4588=CARTESIAN_POINT('Ctrl Pts',(-0.600986171454443,1.75795461536467,0.579743088991927));
#4589=CARTESIAN_POINT('Ctrl Pts',(-0.604274486232079,1.75669318110532,0.579498001203987));
#4590=CARTESIAN_POINT('Ctrl Pts',(-0.610140161881247,1.75390302360566,0.579431054878181));
#4591=CARTESIAN_POINT('Ctrl Pts',(-0.619045113811324,1.74776576476451,0.580954379113396));
#4592=CARTESIAN_POINT('Ctrl Pts',(-0.623114406638645,1.74435943887135,0.58265618493322));
#4593=CARTESIAN_POINT('Ctrl Pts',(-0.624360800725901,1.74268679956558,0.583631966946656));
#4594=CARTESIAN_POINT('',(-0.633511822724707,1.75432414310885,0.624567048573155));
#4595=CARTESIAN_POINT('Ctrl Pts',(-0.624360800725901,1.74268679956558,0.583631966946656));
#4596=CARTESIAN_POINT('Ctrl Pts',(-0.624579702796295,1.74445563280208,0.586225198802869));
#4597=CARTESIAN_POINT('Ctrl Pts',(-0.624917778991869,1.74606407778478,0.58897314584819));
#4598=CARTESIAN_POINT('Ctrl Pts',(-0.625351520620398,1.74744964969287,0.591766076075775));
#4599=CARTESIAN_POINT('Ctrl Pts',(-0.625692551565297,1.74853906068311,0.593962027702046));
#4600=CARTESIAN_POINT('Ctrl Pts',(-0.626092979263868,1.7494889705851,0.596183494502449));
#4601=CARTESIAN_POINT('Ctrl Pts',(-0.626542474691044,1.75029975003097,0.598409785298963));
#4602=CARTESIAN_POINT('Ctrl Pts',(-0.627116841384241,1.75133576659773,0.601254546792812));
#4603=CARTESIAN_POINT('Ctrl Pts',(-0.627772038919622,1.75214886349255,0.604116163554187));
#4604=CARTESIAN_POINT('Ctrl Pts',(-0.628465540395943,1.75275491768451,0.606899264900777));
#4605=CARTESIAN_POINT('Ctrl Pts',(-0.628983591780252,1.75320764521838,0.608978264808495));
#4606=CARTESIAN_POINT('Ctrl Pts',(-0.629522203618016,1.75354399433182,0.61100922847829));
#4607=CARTESIAN_POINT('Ctrl Pts',(-0.630065142822078,1.75378101262036,0.612960972011894));
#4608=CARTESIAN_POINT('Ctrl Pts',(-0.630522264207468,1.75398056742798,0.614604219913932));
#4609=CARTESIAN_POINT('Ctrl Pts',(-0.630983059254697,1.75410977824571,0.616192764800206));
#4610=CARTESIAN_POINT('Ctrl Pts',(-0.631440121992422,1.75419096461904,0.617730684611015));
#4611=CARTESIAN_POINT('Ctrl Pts',(-0.631730289412881,1.7542425059909,0.618707036843526));
#4612=CARTESIAN_POINT('Ctrl Pts',(-0.632017208322815,1.75427480286256,0.619657776122229));
#4613=CARTESIAN_POINT('Ctrl Pts',(-0.632297902440262,1.75429431067486,0.620581274275507));
#4614=CARTESIAN_POINT('Ctrl Pts',(-0.632549851392993,1.75431182074213,0.621410199351258));
#4615=CARTESIAN_POINT('Ctrl Pts',(-0.632799720062815,1.75431916282408,0.622226835396066));
#4616=CARTESIAN_POINT('Ctrl Pts',(-0.633040506426002,1.7543221320116,0.623016212185112));
#4617=CARTESIAN_POINT('Ctrl Pts',(-0.633201670790182,1.75432411936342,0.623544561908166));
#4618=CARTESIAN_POINT('Ctrl Pts',(-0.633357778041641,1.75432414310885,0.624057356417854));
#4619=CARTESIAN_POINT('Ctrl Pts',(-0.633511822724707,1.75432414310885,0.624567048573154));
#4620=CARTESIAN_POINT('Origin',(-0.599252371028433,1.73792041434928,0.634921311089585));
#4621=CARTESIAN_POINT('Ctrl Pts',(-0.600986171454443,1.75795461536467,0.579743088991927));
#4622=CARTESIAN_POINT('Ctrl Pts',(-0.604274486232079,1.75669318110532,0.579498001203987));
#4623=CARTESIAN_POINT('Ctrl Pts',(-0.610140161881247,1.75390302360566,0.579431054878181));
#4624=CARTESIAN_POINT('Ctrl Pts',(-0.619045113811324,1.74776576476451,0.580954379113396));
#4625=CARTESIAN_POINT('Ctrl Pts',(-0.623114406638645,1.74435943887135,0.58265618493322));
#4626=CARTESIAN_POINT('Ctrl Pts',(-0.624360800725901,1.74268679956558,0.583631966946656));
#4627=CARTESIAN_POINT('Ctrl Pts',(-0.601693895115452,1.75624774716864,0.578017036040767));
#4628=CARTESIAN_POINT('Ctrl Pts',(-0.604831672740614,1.75497328029535,0.577770941041949));
#4629=CARTESIAN_POINT('Ctrl Pts',(-0.610488855866093,1.75213631484089,0.577648410070175));
#4630=CARTESIAN_POINT('Ctrl Pts',(-0.619098805589479,1.74594956028165,0.578829119177574));
#4631=CARTESIAN_POINT('Ctrl Pts',(-0.622974485901619,1.74272315053323,0.580424282509362));
#4632=CARTESIAN_POINT('Ctrl Pts',(-0.624171978371464,1.74116102479461,0.581395075610686));
#4633=CARTESIAN_POINT('Ctrl Pts',(-0.60310953247986,1.75254517425174,0.574566981424198));
#4634=CARTESIAN_POINT('Ctrl Pts',(-0.605988247919038,1.75123107863287,0.574292564685291));
#4635=CARTESIAN_POINT('Ctrl Pts',(-0.611242300157317,1.74832539217081,0.574056788679684));
#4636=CARTESIAN_POINT('Ctrl Pts',(-0.619315241469466,1.74209703482888,0.574642336131624));
#4637=CARTESIAN_POINT('Ctrl Pts',(-0.622830123313136,1.73926817335355,0.576151473698631));
#4638=CARTESIAN_POINT('Ctrl Pts',(-0.623971801003723,1.73788854606457,0.577170396928035));
#4639=CARTESIAN_POINT('Ctrl Pts',(-0.605400142384252,1.7457353991467,0.569139683544392));
#4640=CARTESIAN_POINT('Ctrl Pts',(-0.607937735802636,1.74441576362007,0.568828210573951));
#4641=CARTESIAN_POINT('Ctrl Pts',(-0.612665229186174,1.74149857822456,0.568465075871542));
#4642=CARTESIAN_POINT('Ctrl Pts',(-0.62006834514746,1.73558002339951,0.568627670464694));
#4643=CARTESIAN_POINT('Ctrl Pts',(-0.623144092138862,1.73351547786918,0.570478146912216));
#4644=CARTESIAN_POINT('Ctrl Pts',(-0.624292632203449,1.73234796140593,0.571705234467838));
#4645=CARTESIAN_POINT('Ctrl Pts',(-0.607930900261962,1.73726940402252,0.563249204169691));
#4646=CARTESIAN_POINT('Ctrl Pts',(-0.610164649406512,1.73606421248105,0.562965316738651));
#4647=CARTESIAN_POINT('Ctrl Pts',(-0.614567945234972,1.73321309518638,0.562528803342681));
#4648=CARTESIAN_POINT('Ctrl Pts',(-0.62123416950516,1.72856050635589,0.563141143659174));
#4649=CARTESIAN_POINT('Ctrl Pts',(-0.624008811682922,1.72738549408017,0.565706747532513));
#4650=CARTESIAN_POINT('Ctrl Pts',(-0.62518941392715,1.7264606540965,0.567228762578065));
#4651=CARTESIAN_POINT('Ctrl Pts',(-0.610776467175013,1.72698761203716,0.557004775209907));
#4652=CARTESIAN_POINT('Ctrl Pts',(-0.612827370896042,1.72609407186867,0.556864041878169));
#4653=CARTESIAN_POINT('Ctrl Pts',(-0.616963360613085,1.72408431951952,0.556843719814358));
#4654=CARTESIAN_POINT('Ctrl Pts',(-0.622697337241371,1.72195619809556,0.559006454153829));
#4655=CARTESIAN_POINT('Ctrl Pts',(-0.62538703585499,1.72136114333006,0.562193779646851));
#4656=CARTESIAN_POINT('Ctrl Pts',(-0.626578542883257,1.72065295818507,0.563942474043683));
#4657=CARTESIAN_POINT('Ctrl Pts',(-0.614018669608793,1.71602538720854,0.551707795889895));
#4658=CARTESIAN_POINT('Ctrl Pts',(-0.615873446280687,1.715977905618,0.551967134021296));
#4659=CARTESIAN_POINT('Ctrl Pts',(-0.619608407481705,1.71579272715445,0.552964728495896));
#4660=CARTESIAN_POINT('Ctrl Pts',(-0.624606506441045,1.71577095914026,0.556444586253547));
#4661=CARTESIAN_POINT('Ctrl Pts',(-0.627301493543294,1.71525437463986,0.559728301595543));
#4662=CARTESIAN_POINT('Ctrl Pts',(-0.628412402644019,1.71477229431752,0.561531376335448));
#4663=CARTESIAN_POINT('Ctrl Pts',(-0.615808308842704,1.71070705772374,0.550145088855823));
#4664=CARTESIAN_POINT('Ctrl Pts',(-0.617657680296776,1.71105212192354,0.550535388030146));
#4665=CARTESIAN_POINT('Ctrl Pts',(-0.621314559333023,1.71159526960149,0.551858668002013));
#4666=CARTESIAN_POINT('Ctrl Pts',(-0.626164426540272,1.71187121596966,0.555418999227419));
#4667=CARTESIAN_POINT('Ctrl Pts',(-0.628657812063414,1.71156579542349,0.558653915433185));
#4668=CARTESIAN_POINT('Ctrl Pts',(-0.629659037686375,1.71125767470652,0.560407449302565));
#4669=CARTESIAN_POINT('Ctrl Pts',(-0.616713532125159,1.70799762261844,0.549287614641295));
#4670=CARTESIAN_POINT('Ctrl Pts',(-0.618574446038982,1.70852243276033,0.54973805775752));
#4671=CARTESIAN_POINT('Ctrl Pts',(-0.622217195136098,1.70936713752625,0.551202926826526));
#4672=CARTESIAN_POINT('Ctrl Pts',(-0.626948890150905,1.7099046530696,0.554892938988475));
#4673=CARTESIAN_POINT('Ctrl Pts',(-0.629328191559941,1.70974404686449,0.558124365758073));
#4674=CARTESIAN_POINT('Ctrl Pts',(-0.63027012870907,1.70953763763545,0.559859725927577));
#4675=CARTESIAN_POINT('',(-0.616713532125159,1.70799762261844,0.549287614641295));
#4676=CARTESIAN_POINT('Ctrl Pts',(-0.600986171454443,1.75795461536467,0.579743088991927));
#4677=CARTESIAN_POINT('Ctrl Pts',(-0.601693895115452,1.75624774716864,0.578017036040767));
#4678=CARTESIAN_POINT('Ctrl Pts',(-0.60310953247986,1.75254517425174,0.574566981424198));
#4679=CARTESIAN_POINT('Ctrl Pts',(-0.605400142384252,1.7457353991467,0.569139683544392));
#4680=CARTESIAN_POINT('Ctrl Pts',(-0.607930900261961,1.73726940402252,0.563249204169691));
#4681=CARTESIAN_POINT('Ctrl Pts',(-0.610776467175013,1.72698761203716,0.557004775209907));
#4682=CARTESIAN_POINT('Ctrl Pts',(-0.614018669608793,1.71602538720854,0.551707795889895));
#4683=CARTESIAN_POINT('Ctrl Pts',(-0.615808308842704,1.71070705772374,0.550145088855823));
#4684=CARTESIAN_POINT('Ctrl Pts',(-0.616713532125159,1.70799762261844,0.549287614641295));
#4685=CARTESIAN_POINT('',(-0.63027012870907,1.70953763763545,0.559859725927577));
#4686=CARTESIAN_POINT('Origin',(-0.614151673338663,1.70133577325566,0.567633115932544));
#4687=CARTESIAN_POINT('Ctrl Pts',(-0.63027012870907,1.70953763763545,0.559859725927577));
#4688=CARTESIAN_POINT('Ctrl Pts',(-0.629911407913833,1.71054732857028,0.56018124883881));
#4689=CARTESIAN_POINT('Ctrl Pts',(-0.629551088206973,1.71156135977227,0.560504166957779));
#4690=CARTESIAN_POINT('Ctrl Pts',(-0.629187283821411,1.71261087679824,0.560857562372921));
#4691=CARTESIAN_POINT('Ctrl Pts',(-0.6287405578846,1.71389960913692,0.561291506833624));
#4692=CARTESIAN_POINT('Ctrl Pts',(-0.628288996820287,1.71524080011426,0.561771143928453));
#4693=CARTESIAN_POINT('Ctrl Pts',(-0.627851328347242,1.71661787044453,0.562318621971912));
#4694=CARTESIAN_POINT('Ctrl Pts',(-0.627384172074769,1.7180877205298,0.562902986206016));
#4695=CARTESIAN_POINT('Ctrl Pts',(-0.626934689092023,1.71959303664304,0.563562713996253));
#4696=CARTESIAN_POINT('Ctrl Pts',(-0.626529351242085,1.72109224085354,0.564310934119051));
#4697=CARTESIAN_POINT('Ctrl Pts',(-0.626012683669567,1.72300321511924,0.565264659695417));
#4698=CARTESIAN_POINT('Ctrl Pts',(-0.625569679515566,1.72490211865468,0.566363668804229));
#4699=CARTESIAN_POINT('Ctrl Pts',(-0.625206267849977,1.72681222791306,0.567653722979052));
#4700=CARTESIAN_POINT('Ctrl Pts',(-0.624852560824357,1.72867132911527,0.568909327210484));
#4701=CARTESIAN_POINT('Ctrl Pts',(-0.624573335418892,1.73054052848786,0.57034370256991));
#4702=CARTESIAN_POINT('Ctrl Pts',(-0.624381076440099,1.73236125764034,0.571931922607661));
#4703=CARTESIAN_POINT('Ctrl Pts',(-0.624214438003392,1.73393935537881,0.573308495529757));
#4704=CARTESIAN_POINT('Ctrl Pts',(-0.624113981385103,1.73547625879552,0.574797316495381));
#4705=CARTESIAN_POINT('Ctrl Pts',(-0.624084544634173,1.73694022313703,0.576382979625637));
#4706=CARTESIAN_POINT('Ctrl Pts',(-0.624053168694453,1.73850062825922,0.578073100621335));
#4707=CARTESIAN_POINT('Ctrl Pts',(-0.624102207565791,1.73998402804553,0.57987925021908));
#4708=CARTESIAN_POINT('Ctrl Pts',(-0.624224052298535,1.74138534265194,0.581791310736944));
#4709=CARTESIAN_POINT('Ctrl Pts',(-0.624262529083595,1.74182785731547,0.582395111491495));
#4710=CARTESIAN_POINT('Ctrl Pts',(-0.624308220733059,1.74226192812081,0.583009076024742));
#4711=CARTESIAN_POINT('Ctrl Pts',(-0.624360800725901,1.74268679956558,0.583631966946656));
#4712=CARTESIAN_POINT('Ctrl Pts',(-0.600986171454443,1.75795461536467,0.579743088991927));
#4713=CARTESIAN_POINT('Ctrl Pts',(-0.601693895115452,1.75624774716864,0.578017036040767));
#4714=CARTESIAN_POINT('Ctrl Pts',(-0.60310953247986,1.75254517425174,0.574566981424198));
#4715=CARTESIAN_POINT('Ctrl Pts',(-0.605400142384252,1.7457353991467,0.569139683544392));
#4716=CARTESIAN_POINT('Ctrl Pts',(-0.607930900261961,1.73726940402252,0.563249204169691));
#4717=CARTESIAN_POINT('Ctrl Pts',(-0.610776467175013,1.72698761203716,0.557004775209907));
#4718=CARTESIAN_POINT('Ctrl Pts',(-0.614018669608793,1.71602538720854,0.551707795889895));
#4719=CARTESIAN_POINT('Ctrl Pts',(-0.615808308842704,1.71070705772374,0.550145088855823));
#4720=CARTESIAN_POINT('Ctrl Pts',(-0.616713532125159,1.70799762261844,0.549287614641295));
#4721=CARTESIAN_POINT('Ctrl Pts',(-0.599113303998825,1.75580231323197,0.576536070877548));
#4722=CARTESIAN_POINT('Ctrl Pts',(-0.599891804891279,1.75410382634647,0.575003844663992));
#4723=CARTESIAN_POINT('Ctrl Pts',(-0.601451350460741,1.75042017146641,0.571912801709108));
#4724=CARTESIAN_POINT('Ctrl Pts',(-0.60394216822694,1.74362014761069,0.566925054013364));
#4725=CARTESIAN_POINT('Ctrl Pts',(-0.606592606031719,1.73528104700193,0.561473832020554));
#4726=CARTESIAN_POINT('Ctrl Pts',(-0.609432673626723,1.7253794056111,0.55580429117904));
#4727=CARTESIAN_POINT('Ctrl Pts',(-0.612489832291765,1.71509724432716,0.551140151632413));
#4728=CARTESIAN_POINT('Ctrl Pts',(-0.614059517753349,1.71006094517891,0.549659514768774));
#4729=CARTESIAN_POINT('Ctrl Pts',(-0.614852618211335,1.70747281247656,0.548837171525071));
#4730=CARTESIAN_POINT('Ctrl Pts',(-0.59553832593131,1.75129099903755,0.57149121104458));
#4731=CARTESIAN_POINT('Ctrl Pts',(-0.596451397808059,1.74959497037809,0.570216862068156));
#4732=CARTESIAN_POINT('Ctrl Pts',(-0.59827008117935,1.74588972470867,0.56757251060883));
#4733=CARTESIAN_POINT('Ctrl Pts',(-0.601072667835554,1.73908326238365,0.563159205116589));
#4734=CARTESIAN_POINT('Ctrl Pts',(-0.603870332939468,1.73099099476228,0.558412434119724));
#4735=CARTESIAN_POINT('Ctrl Pts',(-0.606626970726025,1.72186678080631,0.553846176358216));
#4736=CARTESIAN_POINT('Ctrl Pts',(-0.609247818370233,1.71305917029364,0.550448105401417));
#4737=CARTESIAN_POINT('Ctrl Pts',(-0.610440637906462,1.70859328109247,0.549213856962814));
#4738=CARTESIAN_POINT('Ctrl Pts',(-0.611052333259039,1.70621845197863,0.548500418591853));
#4739=CARTESIAN_POINT('Ctrl Pts',(-0.588804264430803,1.74169945957452,0.565501651432149));
#4740=CARTESIAN_POINT('Ctrl Pts',(-0.590026514664873,1.7399789757126,0.564452584047232));
#4741=CARTESIAN_POINT('Ctrl Pts',(-0.592440957214192,1.73624006637208,0.56227494209474));
#4742=CARTESIAN_POINT('Ctrl Pts',(-0.596024622246281,1.72974350980209,0.558829642963754));
#4743=CARTESIAN_POINT('Ctrl Pts',(-0.599225538610348,1.72295522343757,0.555681324325805));
#4744=CARTESIAN_POINT('Ctrl Pts',(-0.601948329666942,1.71621550982305,0.553181573517272));
#4745=CARTESIAN_POINT('Ctrl Pts',(-0.604203696562567,1.70973858288618,0.551230836007368));
#4746=CARTESIAN_POINT('Ctrl Pts',(-0.605168325172376,1.70583519169492,0.550225172351042));
#4747=CARTESIAN_POINT('Ctrl Pts',(-0.60563317105016,1.70389324895115,0.549733367196901));
#4748=CARTESIAN_POINT('Ctrl Pts',(-0.584817464139899,1.73268622011485,0.564657725548965));
#4749=CARTESIAN_POINT('Ctrl Pts',(-0.586330288061819,1.7312885241867,0.563765093226842));
#4750=CARTESIAN_POINT('Ctrl Pts',(-0.589292222222744,1.72822904583758,0.561919146885442));
#4751=CARTESIAN_POINT('Ctrl Pts',(-0.593390304282598,1.723035097259,0.559082110084426));
#4752=CARTESIAN_POINT('Ctrl Pts',(-0.596657706807126,1.71780471584191,0.556608041432677));
#4753=CARTESIAN_POINT('Ctrl Pts',(-0.599228595697113,1.71232928861301,0.554524919893474));
#4754=CARTESIAN_POINT('Ctrl Pts',(-0.601253486687454,1.70679983764713,0.552789162028713));
#4755=CARTESIAN_POINT('Ctrl Pts',(-0.602121808580341,1.70370287697473,0.552013729119887));
#4756=CARTESIAN_POINT('Ctrl Pts',(-0.602536462764145,1.70218831261681,0.55163929962031));
#4757=CARTESIAN_POINT('Ctrl Pts',(-0.583445108662842,1.72842231146041,0.565438951106533));
#4758=CARTESIAN_POINT('Ctrl Pts',(-0.585073312386332,1.72718584217165,0.564512081659816));
#4759=CARTESIAN_POINT('Ctrl Pts',(-0.588224306426943,1.72441838294911,0.562605607982531));
#4760=CARTESIAN_POINT('Ctrl Pts',(-0.592418385829091,1.71971070261129,0.559768690097999));
#4761=CARTESIAN_POINT('Ctrl Pts',(-0.595608875364242,1.71505651503553,0.557406734354125));
#4762=CARTESIAN_POINT('Ctrl Pts',(-0.598070816511681,1.71016441387969,0.555461390615501));
#4763=CARTESIAN_POINT('Ctrl Pts',(-0.599969891813818,1.70531004971783,0.553877893150324));
#4764=CARTESIAN_POINT('Ctrl Pts',(-0.600793247142483,1.702637260237,0.55316496328553));
#4765=CARTESIAN_POINT('Ctrl Pts',(-0.601187299842937,1.70133577325566,0.552820088056216));
#4766=CARTESIAN_POINT('',(-0.583445108662842,1.72842231146041,0.565438951106533));
#4767=CARTESIAN_POINT('Ctrl Pts',(-0.600986171454443,1.75795461536467,0.579743088991927));
#4768=CARTESIAN_POINT('Ctrl Pts',(-0.599113303998825,1.75580231323197,0.576536070877548));
#4769=CARTESIAN_POINT('Ctrl Pts',(-0.59553832593131,1.75129099903755,0.57149121104458));
#4770=CARTESIAN_POINT('Ctrl Pts',(-0.588804264430803,1.74169945957452,0.565501651432149));
#4771=CARTESIAN_POINT('Ctrl Pts',(-0.584817464139899,1.73268622011485,0.564657725548965));
#4772=CARTESIAN_POINT('Ctrl Pts',(-0.583445108662842,1.72842231146041,0.565438951106533));
#4773=CARTESIAN_POINT('',(-0.601187299842937,1.70133577325566,0.552820088056216));
#4774=CARTESIAN_POINT('Ctrl Pts',(-0.583445108662842,1.72842231146041,0.565438951106533));
#4775=CARTESIAN_POINT('Ctrl Pts',(-0.584622390410642,1.72752827547193,0.564768773003835));
#4776=CARTESIAN_POINT('Ctrl Pts',(-0.585769058035805,1.72656014295643,0.564086660253372));
#4777=CARTESIAN_POINT('Ctrl Pts',(-0.586878927304849,1.72553144857678,0.563399457070067));
#4778=CARTESIAN_POINT('Ctrl Pts',(-0.588604420571023,1.7239321564128,0.562331074965652));
#4779=CARTESIAN_POINT('Ctrl Pts',(-0.590235297642724,1.72219201757979,0.561251721096775));
#4780=CARTESIAN_POINT('Ctrl Pts',(-0.591674667762298,1.72043645486559,0.560251295168402));
#4781=CARTESIAN_POINT('Ctrl Pts',(-0.592539991239548,1.71938104207653,0.559649857059261));
#4782=CARTESIAN_POINT('Ctrl Pts',(-0.593335265715833,1.71832112377415,0.559078382643953));
#4783=CARTESIAN_POINT('Ctrl Pts',(-0.594057509338229,1.71726347570036,0.558546842517539));
#4784=CARTESIAN_POINT('Ctrl Pts',(-0.594910465867099,1.71601441263936,0.557919103334912));
#4785=CARTESIAN_POINT('Ctrl Pts',(-0.595663536347392,1.71476436064549,0.557346201551581));
#4786=CARTESIAN_POINT('Ctrl Pts',(-0.596353530143704,1.71348172033702,0.556809535353372));
#4787=CARTESIAN_POINT('Ctrl Pts',(-0.597060740876407,1.71216707519499,0.556259478095928));
#4788=CARTESIAN_POINT('Ctrl Pts',(-0.59770139346767,1.71081961556425,0.555747170870781));
#4789=CARTESIAN_POINT('Ctrl Pts',(-0.598275990459432,1.70949145421306,0.555278947046531));
#4790=CARTESIAN_POINT('Ctrl Pts',(-0.598829890947681,1.70821113212394,0.554827588253185));
#4791=CARTESIAN_POINT('Ctrl Pts',(-0.599319714637923,1.70695459056566,0.554419390732284));
#4792=CARTESIAN_POINT('Ctrl Pts',(-0.599744052316802,1.70577395167338,0.554060985966393));
#4793=CARTESIAN_POINT('Ctrl Pts',(-0.600066263712396,1.70487745974228,0.553788839264477));
#4794=CARTESIAN_POINT('Ctrl Pts',(-0.600350449313482,1.70402542280497,0.553545684528428));
#4795=CARTESIAN_POINT('Ctrl Pts',(-0.60060857577875,1.70321288476442,0.553322980280928));
#4796=CARTESIAN_POINT('Ctrl Pts',(-0.600812720874529,1.70257027085833,0.553146849639347));
#4797=CARTESIAN_POINT('Ctrl Pts',(-0.601000694369855,1.70195209841618,0.552983405311106));
#4798=CARTESIAN_POINT('Ctrl Pts',(-0.601187299842937,1.70133577325566,0.552820088056216));
#4799=CARTESIAN_POINT('Origin',(-0.614151673338663,1.70133577325566,0.567633115932544));
#4800=CARTESIAN_POINT('Ctrl Pts',(-0.600986171454443,1.75795461536467,0.579743088991927));
#4801=CARTESIAN_POINT('Ctrl Pts',(-0.599113303998825,1.75580231323197,0.576536070877548));
#4802=CARTESIAN_POINT('Ctrl Pts',(-0.59553832593131,1.75129099903755,0.57149121104458));
#4803=CARTESIAN_POINT('Ctrl Pts',(-0.588804264430803,1.74169945957452,0.565501651432149));
#4804=CARTESIAN_POINT('Ctrl Pts',(-0.584817464139899,1.73268622011485,0.564657725548965));
#4805=CARTESIAN_POINT('Ctrl Pts',(-0.583445108662842,1.72842231146041,0.565438951106533));
#4806=CARTESIAN_POINT('Ctrl Pts',(-0.599342014065625,1.75858533249434,0.579865632885897));
#4807=CARTESIAN_POINT('Ctrl Pts',(-0.597516720195509,1.75649292207783,0.576861972513113));
#4808=CARTESIAN_POINT('Ctrl Pts',(-0.59396595661729,1.75209795224814,0.572072413256082));
#4809=CARTESIAN_POINT('Ctrl Pts',(-0.58716924133666,1.74265378191558,0.566354257346547));
#4810=CARTESIAN_POINT('Ctrl Pts',(-0.583228398247031,1.73384703222886,0.565593759290953));
#4811=CARTESIAN_POINT('Ctrl Pts',(-0.581816904939352,1.72965878074917,0.566365820553249));
#4812=CARTESIAN_POINT('Ctrl Pts',(-0.595894480813238,1.75976026265107,0.580229231462514));
#4813=CARTESIAN_POINT('Ctrl Pts',(-0.59414448131324,1.75777399735807,0.577579429274821));
#4814=CARTESIAN_POINT('Ctrl Pts',(-0.590607939180792,1.75358100560947,0.573239484775114));
#4815=CARTESIAN_POINT('Ctrl Pts',(-0.583707329981185,1.74432826496875,0.568025969608125));
#4816=CARTESIAN_POINT('Ctrl Pts',(-0.579898480278621,1.73593533082253,0.567450070137512));
#4817=CARTESIAN_POINT('Ctrl Pts',(-0.578410898208914,1.73186674324826,0.568196601892947));
#4818=CARTESIAN_POINT('Ctrl Pts',(-0.589773776807007,1.76141725912264,0.581207300677764));
#4819=CARTESIAN_POINT('Ctrl Pts',(-0.588064024721579,1.75954584439156,0.578946465386622));
#4820=CARTESIAN_POINT('Ctrl Pts',(-0.58450650408271,1.75552952545634,0.575124617101574));
#4821=CARTESIAN_POINT('Ctrl Pts',(-0.577567534466646,1.74639444797563,0.570588284297102));
#4822=CARTESIAN_POINT('Ctrl Pts',(-0.574176716594962,1.73856569745153,0.570223909204687));
#4823=CARTESIAN_POINT('Ctrl Pts',(-0.572673771473053,1.73459973555297,0.57086679265776));
#4824=CARTESIAN_POINT('Ctrl Pts',(-0.582280951519436,1.76305056684957,0.582599952078506));
#4825=CARTESIAN_POINT('Ctrl Pts',(-0.580655667930872,1.76121579876578,0.580580512101579));
#4826=CARTESIAN_POINT('Ctrl Pts',(-0.577134368982737,1.75715068647719,0.577057238101313));
#4827=CARTESIAN_POINT('Ctrl Pts',(-0.570979094367017,1.7479188577721,0.572964258224274));
#4828=CARTESIAN_POINT('Ctrl Pts',(-0.568415464318374,1.74042009657236,0.572595543166696));
#4829=CARTESIAN_POINT('Ctrl Pts',(-0.5671356438975,1.73647592109993,0.573058274322254));
#4830=CARTESIAN_POINT('Ctrl Pts',(-0.573239354429456,1.76461282434145,0.584379828257862));
#4831=CARTESIAN_POINT('Ctrl Pts',(-0.571848924295405,1.76265867948174,0.582422372883042));
#4832=CARTESIAN_POINT('Ctrl Pts',(-0.568821822378118,1.75816998678762,0.578904632376954));
#4833=CARTESIAN_POINT('Ctrl Pts',(-0.564659667836967,1.74869146133733,0.575045770556968));
#4834=CARTESIAN_POINT('Ctrl Pts',(-0.562841491461452,1.74134991346399,0.574540321484942));
#4835=CARTESIAN_POINT('Ctrl Pts',(-0.561873335751875,1.73747128341641,0.574831916063654));
#4836=CARTESIAN_POINT('Ctrl Pts',(-0.562995887029531,1.76575976975394,0.586625607837958));
#4837=CARTESIAN_POINT('Ctrl Pts',(-0.562146774347089,1.76353354278053,0.584518451791295));
#4838=CARTESIAN_POINT('Ctrl Pts',(-0.560397798811426,1.75841171484411,0.580720372280672));
#4839=CARTESIAN_POINT('Ctrl Pts',(-0.558360714527431,1.74884183600982,0.576949600257078));
#4840=CARTESIAN_POINT('Ctrl Pts',(-0.557163595311111,1.74162081485604,0.576171011112525));
#4841=CARTESIAN_POINT('Ctrl Pts',(-0.556669144308043,1.73790817615868,0.576288958628684));
#4842=CARTESIAN_POINT('Ctrl Pts',(-0.557621503056505,1.76575926400229,0.587925580825994));
#4843=CARTESIAN_POINT('Ctrl Pts',(-0.557014513014147,1.76339734934612,0.585640011418476));
#4844=CARTESIAN_POINT('Ctrl Pts',(-0.55587889063799,1.75802311042333,0.581622442371331));
#4845=CARTESIAN_POINT('Ctrl Pts',(-0.554551884047025,1.74844760936792,0.577766147861391));
#4846=CARTESIAN_POINT('Ctrl Pts',(-0.554012680250886,1.7414515376172,0.57690478267262));
#4847=CARTESIAN_POINT('Ctrl Pts',(-0.553846485680215,1.73792041434928,0.576940241493661));
#4848=CARTESIAN_POINT('Ctrl Pts',(-0.554880597709738,1.76575926400229,0.588510372927128));
#4849=CARTESIAN_POINT('Ctrl Pts',(-0.5543736774262,1.76332986607023,0.58613445076122));
#4850=CARTESIAN_POINT('Ctrl Pts',(-0.553493354227803,1.7578316480721,0.582008398858863));
#4851=CARTESIAN_POINT('Ctrl Pts',(-0.552663236333437,1.74822715495846,0.57811765790887));
#4852=CARTESIAN_POINT('Ctrl Pts',(-0.552474481428315,1.7413561018532,0.577232968584795));
#4853=CARTESIAN_POINT('Ctrl Pts',(-0.552474481428315,1.73792041434928,0.577232968584795));
#4854=CARTESIAN_POINT('',(-0.554880597709738,1.76575926400229,0.588510372927128));
#4855=CARTESIAN_POINT('Ctrl Pts',(-0.600986171454443,1.75795461536467,0.579743088991927));
#4856=CARTESIAN_POINT('Ctrl Pts',(-0.599342014065625,1.75858533249434,0.579865632885897));
#4857=CARTESIAN_POINT('Ctrl Pts',(-0.595894480813238,1.75976026265107,0.580229231462514));
#4858=CARTESIAN_POINT('Ctrl Pts',(-0.589773776807007,1.76141725912264,0.581207300677764));
#4859=CARTESIAN_POINT('Ctrl Pts',(-0.582280951519436,1.76305056684957,0.582599952078506));
#4860=CARTESIAN_POINT('Ctrl Pts',(-0.573239354429456,1.76461282434145,0.584379828257862));
#4861=CARTESIAN_POINT('Ctrl Pts',(-0.562995887029531,1.76575976975394,0.586625607837958));
#4862=CARTESIAN_POINT('Ctrl Pts',(-0.557621503056505,1.76575926400229,0.587925580825994));
#4863=CARTESIAN_POINT('Ctrl Pts',(-0.554880597709738,1.76575926400229,0.588510372927128));
#4864=CARTESIAN_POINT('',(-0.552474481428315,1.73792041434928,0.577232968584795));
#4865=CARTESIAN_POINT('Origin',(-0.560689476268996,1.73792041434928,0.615736435438753));
#4866=CARTESIAN_POINT('Ctrl Pts',(-0.552474481428315,1.73792041434928,0.577232968584795));
#4867=CARTESIAN_POINT('Ctrl Pts',(-0.553251173429305,1.73792041434928,0.577067255694444));
#4868=CARTESIAN_POINT('Ctrl Pts',(-0.554030800627624,1.73791975563204,0.576892327656792));
#4869=CARTESIAN_POINT('Ctrl Pts',(-0.554856047828453,1.73790411635738,0.57669670284499));
#4870=CARTESIAN_POINT('Ctrl Pts',(-0.555811566369837,1.73788600830819,0.576470197217776));
#4871=CARTESIAN_POINT('Ctrl Pts',(-0.556827249929712,1.73784794413432,0.576215730956424));
#4872=CARTESIAN_POINT('Ctrl Pts',(-0.557898853042857,1.73777754020603,0.575928663194406));
#4873=CARTESIAN_POINT('Ctrl Pts',(-0.559427855940338,1.73767708528104,0.575519064309786));
#4874=CARTESIAN_POINT('Ctrl Pts',(-0.561063462775677,1.73751175552998,0.575043545299894));
#4875=CARTESIAN_POINT('Ctrl Pts',(-0.562709425534526,1.73725788798321,0.574519847229325));
#4876=CARTESIAN_POINT('Ctrl Pts',(-0.56381386885553,1.73708754250306,0.574168445089056));
#4877=CARTESIAN_POINT('Ctrl Pts',(-0.564920899648924,1.73687766157707,0.573796717295586));
#4878=CARTESIAN_POINT('Ctrl Pts',(-0.566031968266288,1.73661686513536,0.573403166594282));
#4879=CARTESIAN_POINT('Ctrl Pts',(-0.567168478776129,1.73635009682574,0.573000604141165));
#4880=CARTESIAN_POINT('Ctrl Pts',(-0.568317456387239,1.73602772764817,0.572572509983154));
#4881=CARTESIAN_POINT('Ctrl Pts',(-0.569495957820052,1.73564103738599,0.572109198308703));
#4882=CARTESIAN_POINT('Ctrl Pts',(-0.570938132255405,1.73516783065499,0.571542227209739));
#4883=CARTESIAN_POINT('Ctrl Pts',(-0.572422925249251,1.73459900097429,0.570922095573539));
#4884=CARTESIAN_POINT('Ctrl Pts',(-0.573907296502419,1.73394893945472,0.570261433818363));
#4885=CARTESIAN_POINT('Ctrl Pts',(-0.575596808697249,1.7332090390677,0.569509468237216));
#4886=CARTESIAN_POINT('Ctrl Pts',(-0.577278260944192,1.73236737527735,0.568707707616438));
#4887=CARTESIAN_POINT('Ctrl Pts',(-0.578877713766597,1.73144648832416,0.567896042342612));
#4888=CARTESIAN_POINT('Ctrl Pts',(-0.580064024644772,1.73076346835955,0.5672940318736));
#4889=CARTESIAN_POINT('Ctrl Pts',(-0.581204467845871,1.7300372638881,0.566687910338468));
#4890=CARTESIAN_POINT('Ctrl Pts',(-0.582306019277422,1.72925765458679,0.56607832044038));
#4891=CARTESIAN_POINT('Ctrl Pts',(-0.582689643088408,1.72898614961419,0.565866026040732));
#4892=CARTESIAN_POINT('Ctrl Pts',(-0.583069079220056,1.72870787084771,0.565653009210292));
#4893=CARTESIAN_POINT('Ctrl Pts',(-0.583445108662842,1.72842231146041,0.565438951106533));
#4894=CARTESIAN_POINT('Ctrl Pts',(-0.600986171454443,1.75795461536467,0.579743088991927));
#4895=CARTESIAN_POINT('Ctrl Pts',(-0.599342014065625,1.75858533249434,0.579865632885897));
#4896=CARTESIAN_POINT('Ctrl Pts',(-0.595894480813238,1.75976026265107,0.580229231462514));
#4897=CARTESIAN_POINT('Ctrl Pts',(-0.589773776807007,1.76141725912264,0.581207300677764));
#4898=CARTESIAN_POINT('Ctrl Pts',(-0.582280951519436,1.76305056684957,0.582599952078506));
#4899=CARTESIAN_POINT('Ctrl Pts',(-0.573239354429456,1.76461282434145,0.584379828257862));
#4900=CARTESIAN_POINT('Ctrl Pts',(-0.562995887029531,1.76575976975394,0.586625607837958));
#4901=CARTESIAN_POINT('Ctrl Pts',(-0.557621503056505,1.76575926400229,0.587925580825994));
#4902=CARTESIAN_POINT('Ctrl Pts',(-0.554880597709738,1.76575926400229,0.588510372927128));
#4903=CARTESIAN_POINT('Ctrl Pts',(-0.599570724132425,1.76136835175672,0.583195194894246));
#4904=CARTESIAN_POINT('Ctrl Pts',(-0.597950243002232,1.76181288180388,0.583179798477699));
#4905=CARTESIAN_POINT('Ctrl Pts',(-0.594521879293079,1.76267907890781,0.583314797375776));
#4906=CARTESIAN_POINT('Ctrl Pts',(-0.588427189308916,1.76401829511169,0.584015814043031));
#4907=CARTESIAN_POINT('Ctrl Pts',(-0.581103432171855,1.76542192360157,0.585156943006537));
#4908=CARTESIAN_POINT('Ctrl Pts',(-0.572368104250364,1.76688068389132,0.586811600708004));
#4909=CARTESIAN_POINT('Ctrl Pts',(-0.562858663852017,1.76800834426791,0.588973091500817));
#4910=CARTESIAN_POINT('Ctrl Pts',(-0.557923948060332,1.76812117865847,0.590276127133637));
#4911=CARTESIAN_POINT('Ctrl Pts',(-0.555387517993276,1.76818866193436,0.590886295093036));
#4912=CARTESIAN_POINT('Ctrl Pts',(-0.596775836759488,1.7669760359705,0.58996402182854));
#4913=CARTESIAN_POINT('Ctrl Pts',(-0.595144640944628,1.76721487424762,0.589759271300071));
#4914=CARTESIAN_POINT('Ctrl Pts',(-0.591703665973413,1.76773089702726,0.589544469242074));
#4915=CARTESIAN_POINT('Ctrl Pts',(-0.585717403757016,1.7686729081752,0.58979863308088));
#4916=CARTESIAN_POINT('Ctrl Pts',(-0.578599096485086,1.76985833163482,0.590705069413689));
#4917=CARTESIAN_POINT('Ctrl Pts',(-0.570480637332424,1.77121290078736,0.592324748839889));
#4918=CARTESIAN_POINT('Ctrl Pts',(-0.562663438067575,1.77214086198972,0.594348027192998));
#4919=CARTESIAN_POINT('Ctrl Pts',(-0.558650009561606,1.77228727316094,0.595616415551079));
#4920=CARTESIAN_POINT('Ctrl Pts',(-0.55653478093846,1.77240758042546,0.596263486635986));
#4921=CARTESIAN_POINT('Ctrl Pts',(-0.590777499809607,1.77472600400264,0.603126400936875));
#4922=CARTESIAN_POINT('Ctrl Pts',(-0.589144976403504,1.77481489697086,0.602707512642834));
#4923=CARTESIAN_POINT('Ctrl Pts',(-0.585743856258041,1.77505017683129,0.602121278752149));
#4924=CARTESIAN_POINT('Ctrl Pts',(-0.580032255494941,1.77554208799521,0.601910177889955));
#4925=CARTESIAN_POINT('Ctrl Pts',(-0.573959577480402,1.776036499438,0.602221947357202));
#4926=CARTESIAN_POINT('Ctrl Pts',(-0.568272984087365,1.77630140254611,0.602929055678917));
#4927=CARTESIAN_POINT('Ctrl Pts',(-0.56314027819719,1.77625192583069,0.604031031400556));
#4928=CARTESIAN_POINT('Ctrl Pts',(-0.560066541476214,1.77633557748852,0.605105208587392));
#4929=CARTESIAN_POINT('Ctrl Pts',(-0.558538862817408,1.77638589173285,0.60565656620514));
#4930=CARTESIAN_POINT('Ctrl Pts',(-0.586654001010879,1.77729049308944,0.612851477829803));
#4931=CARTESIAN_POINT('Ctrl Pts',(-0.585211057125969,1.77729049308944,0.612248207361094));
#4932=CARTESIAN_POINT('Ctrl Pts',(-0.582248129898984,1.77729049308944,0.61124670102541));
#4933=CARTESIAN_POINT('Ctrl Pts',(-0.577473086683243,1.77729049308944,0.610347961357287));
#4934=CARTESIAN_POINT('Ctrl Pts',(-0.572666151896234,1.77729049308944,0.610050192196741));
#4935=CARTESIAN_POINT('Ctrl Pts',(-0.568123903722207,1.77729049308944,0.610392094701273));
#4936=CARTESIAN_POINT('Ctrl Pts',(-0.563725193695552,1.77729049308944,0.61128925056431));
#4937=CARTESIAN_POINT('Ctrl Pts',(-0.561207155368757,1.77729049308944,0.612015385259649));
#4938=CARTESIAN_POINT('Ctrl Pts',(-0.559972582728974,1.77729049308944,0.612376374088582));
#4939=CARTESIAN_POINT('Ctrl Pts',(-0.584857631031681,1.77729049308944,0.617207443406662));
#4940=CARTESIAN_POINT('Ctrl Pts',(-0.583533983601019,1.77729049308944,0.616577217710851));
#4941=CARTESIAN_POINT('Ctrl Pts',(-0.580803319235652,1.77729049308944,0.615529404881811));
#4942=CARTESIAN_POINT('Ctrl Pts',(-0.576405268215617,1.77729049308944,0.61456971337863));
#4943=CARTESIAN_POINT('Ctrl Pts',(-0.572066679422829,1.77729049308944,0.614193336753727));
#4944=CARTESIAN_POINT('Ctrl Pts',(-0.567989633335309,1.77729049308944,0.614391743040843));
#4945=CARTESIAN_POINT('Ctrl Pts',(-0.564042853579843,1.77729049308944,0.615019100838224));
#4946=CARTESIAN_POINT('Ctrl Pts',(-0.561790743608394,1.77729049308944,0.615501472038037));
#4947=CARTESIAN_POINT('Ctrl Pts',(-0.560689476268996,1.77729049308944,0.615736435438753));
#4948=CARTESIAN_POINT('',(-0.584857631031681,1.77729049308944,0.617207443406662));
#4949=CARTESIAN_POINT('Ctrl Pts',(-0.60098617120627,1.75795461545987,0.579743089010424));
#4950=CARTESIAN_POINT('Ctrl Pts',(-0.599570723887825,1.76136835182382,0.583195194891922));
#4951=CARTESIAN_POINT('Ctrl Pts',(-0.596775836513272,1.76697603600655,0.589964021797635));
#4952=CARTESIAN_POINT('Ctrl Pts',(-0.59077749956319,1.77472600401606,0.603126400873647));
#4953=CARTESIAN_POINT('Ctrl Pts',(-0.586654000793078,1.77729049308944,0.612851477738744));
#4954=CARTESIAN_POINT('Ctrl Pts',(-0.584857630831886,1.77729049308944,0.617207443311534));
#4955=CARTESIAN_POINT('',(-0.560689476268996,1.77729049308944,0.615736435438753));
#4956=CARTESIAN_POINT('Ctrl Pts',(-0.584857631031681,1.77729049308944,0.617207443406662));
#4957=CARTESIAN_POINT('Ctrl Pts',(-0.583425064059834,1.77729049308944,0.61652535805998));
#4958=CARTESIAN_POINT('Ctrl Pts',(-0.581941367465296,1.77729049308944,0.615967457935219));
#4959=CARTESIAN_POINT('Ctrl Pts',(-0.580402978953242,1.77729049308944,0.615529447525416));
#4960=CARTESIAN_POINT('Ctrl Pts',(-0.578655441205863,1.77729049308944,0.615031888086511));
#4961=CARTESIAN_POINT('Ctrl Pts',(-0.576836046681782,1.77729049308944,0.614686235640979));
#4962=CARTESIAN_POINT('Ctrl Pts',(-0.575054099364983,1.77729049308944,0.614487055108897));
#4963=CARTESIAN_POINT('Ctrl Pts',(-0.573829877514946,1.77729049308944,0.614350215395861));
#4964=CARTESIAN_POINT('Ctrl Pts',(-0.572627636020609,1.77729049308944,0.614282947051015));
#4965=CARTESIAN_POINT('Ctrl Pts',(-0.571457580057539,1.77729049308944,0.61428162510958));
#4966=CARTESIAN_POINT('Ctrl Pts',(-0.570381744788066,1.77729049308944,0.614280409619667));
#4967=CARTESIAN_POINT('Ctrl Pts',(-0.569325449987181,1.77729049308944,0.614336048887942));
#4968=CARTESIAN_POINT('Ctrl Pts',(-0.568281322704945,1.77729049308944,0.61443631931844));
#4969=CARTESIAN_POINT('Ctrl Pts',(-0.566891807846038,1.77729049308944,0.614569758273113));
#4970=CARTESIAN_POINT('Ctrl Pts',(-0.565531241071683,1.77729049308944,0.614780376929197));
#4971=CARTESIAN_POINT('Ctrl Pts',(-0.564260933640277,1.77729049308944,0.61501248520218));
#4972=CARTESIAN_POINT('Ctrl Pts',(-0.563426562913014,1.77729049308944,0.615164939910186));
#4973=CARTESIAN_POINT('Ctrl Pts',(-0.562632918550781,1.77729049308944,0.615326060775129));
#4974=CARTESIAN_POINT('Ctrl Pts',(-0.561869795821559,1.77729049308944,0.615486061202795));
#4975=CARTESIAN_POINT('Ctrl Pts',(-0.561471084317709,1.77729049308944,0.615569657207327));
#4976=CARTESIAN_POINT('Ctrl Pts',(-0.56108006946098,1.77729049308944,0.61565309953892));
#4977=CARTESIAN_POINT('Ctrl Pts',(-0.560689476268996,1.77729049308944,0.615736435438753));
#4978=CARTESIAN_POINT('Origin',(-0.560689476268996,1.73792041434928,0.615736435438753));
#4979=CARTESIAN_POINT('Ctrl Pts',(-0.42147508499638,1.75794779361357,0.40020789194965));
#4980=CARTESIAN_POINT('Ctrl Pts',(-0.421324634994729,1.75869917700436,0.402185323697247));
#4981=CARTESIAN_POINT('Ctrl Pts',(-0.420839004051108,1.76010244545718,0.406423321671283));
#4982=CARTESIAN_POINT('Ctrl Pts',(-0.419526039284106,1.76209596368386,0.414223332297207));
#4983=CARTESIAN_POINT('Ctrl Pts',(-0.417671376577462,1.764001648718,0.423934452327819));
#4984=CARTESIAN_POINT('Ctrl Pts',(-0.415030720884682,1.76569569135335,0.436442047249059));
#4985=CARTESIAN_POINT('Ctrl Pts',(-0.41342305794709,1.76575926400229,0.443061996226997));
#4986=CARTESIAN_POINT('Ctrl Pts',(-0.412721307425729,1.76575926400229,0.446351082643119));
#4987=CARTESIAN_POINT('Ctrl Pts',(-0.424681075243022,1.75578724153883,0.4020827845392));
#4988=CARTESIAN_POINT('Ctrl Pts',(-0.424290599566442,1.75661067537081,0.404012389768881));
#4989=CARTESIAN_POINT('Ctrl Pts',(-0.423399498315113,1.75814258876614,0.4081821684276));
#4990=CARTESIAN_POINT('Ctrl Pts',(-0.421660915983201,1.76025919679173,0.415885842359171));
#4991=CARTESIAN_POINT('Ctrl Pts',(-0.419609899289747,1.76213120884167,0.425487486769493));
#4992=CARTESIAN_POINT('Ctrl Pts',(-0.417086285017684,1.76352310167256,0.437403690402833));
#4993=CARTESIAN_POINT('Ctrl Pts',(-0.415690556802929,1.7634108460013,0.443689000221118));
#4994=CARTESIAN_POINT('Ctrl Pts',(-0.415097229591637,1.76332986607023,0.446858002926657));
#4995=CARTESIAN_POINT('Ctrl Pts',(-0.429783997678585,1.7512514036499,0.405695236637263));
#4996=CARTESIAN_POINT('Ctrl Pts',(-0.429085646878005,1.75221315833605,0.407579140673581));
#4997=CARTESIAN_POINT('Ctrl Pts',(-0.427640612964901,1.75398909168477,0.411680717151821));
#4998=CARTESIAN_POINT('Ctrl Pts',(-0.425313584648101,1.75627655874386,0.419440578335644));
#4999=CARTESIAN_POINT('Ctrl Pts',(-0.423077689591484,1.75787784879337,0.428908777418926));
#5000=CARTESIAN_POINT('Ctrl Pts',(-0.420811346277879,1.75850358915261,0.439406413540187));
#5001=CARTESIAN_POINT('Ctrl Pts',(-0.419686429279033,1.75806140289358,0.444875682432828));
#5002=CARTESIAN_POINT('Ctrl Pts',(-0.419223281493994,1.7578316480721,0.447738326125053));
#5003=CARTESIAN_POINT('Ctrl Pts',(-0.435752515675335,1.74166999551668,0.412363594521253));
#5004=CARTESIAN_POINT('Ctrl Pts',(-0.434724888521948,1.74280111428175,0.414330626491215));
#5005=CARTESIAN_POINT('Ctrl Pts',(-0.43264744509181,1.74481352406728,0.418670315743446));
#5006=CARTESIAN_POINT('Ctrl Pts',(-0.429618512166247,1.74717034911631,0.426340355865972));
#5007=CARTESIAN_POINT('Ctrl Pts',(-0.427015308128021,1.74848272945229,0.433998696943894));
#5008=CARTESIAN_POINT('Ctrl Pts',(-0.424565686438582,1.74892503383258,0.441725632456112));
#5009=CARTESIAN_POINT('Ctrl Pts',(-0.423535834500961,1.74849170024982,0.446302066763112));
#5010=CARTESIAN_POINT('Ctrl Pts',(-0.423114022443987,1.74822715495846,0.44856844401942));
#5011=CARTESIAN_POINT('Ctrl Pts',(-0.436610048684123,1.73263961353169,0.416352959752801));
#5012=CARTESIAN_POINT('Ctrl Pts',(-0.435480431004915,1.73401725848825,0.418267775651769));
#5013=CARTESIAN_POINT('Ctrl Pts',(-0.433157922707038,1.7365583090986,0.422478250880021));
#5014=CARTESIAN_POINT('Ctrl Pts',(-0.429962964765931,1.7395125351998,0.429417595311829));
#5015=CARTESIAN_POINT('Ctrl Pts',(-0.427428539443377,1.7410994173461,0.436077871351593));
#5016=CARTESIAN_POINT('Ctrl Pts',(-0.425297827402812,1.74165834576171,0.443076764692299));
#5017=CARTESIAN_POINT('Ctrl Pts',(-0.424392534862672,1.74147062477,0.446911360337455));
#5018=CARTESIAN_POINT('Ctrl Pts',(-0.423998711768061,1.7413561018532,0.448757198924542));
#5019=CARTESIAN_POINT('Ctrl Pts',(-0.435828011118414,1.72837570487725,0.417724640509246));
#5020=CARTESIAN_POINT('Ctrl Pts',(-0.43470918231997,1.7298432367035,0.419687047431722));
#5021=CARTESIAN_POINT('Ctrl Pts',(-0.43241538083154,1.73253180196918,0.424007325279196));
#5022=CARTESIAN_POINT('Ctrl Pts',(-0.429391763267631,1.73555674257095,0.430850507329985));
#5023=CARTESIAN_POINT('Ctrl Pts',(-0.427064711280455,1.73717810016507,0.437205430022466));
#5024=CARTESIAN_POINT('Ctrl Pts',(-0.425151491042247,1.73789518478078,0.443676271263918));
#5025=CARTESIAN_POINT('Ctrl Pts',(-0.424349984277423,1.73792041434928,0.44711079382226));
#5026=CARTESIAN_POINT('Ctrl Pts',(-0.423998711768061,1.73792041434928,0.448757198924542));
#5027=CARTESIAN_POINT('',(-0.42147508499638,1.75794779361357,0.40020789194965));
#5028=CARTESIAN_POINT('',(-0.412721307425729,1.76575926400229,0.446351082643119));
#5029=CARTESIAN_POINT('Ctrl Pts',(-0.42147508499638,1.75794779361357,0.40020789194965));
#5030=CARTESIAN_POINT('Ctrl Pts',(-0.421324634994729,1.75869917700436,0.402185323697247));
#5031=CARTESIAN_POINT('Ctrl Pts',(-0.420839004051108,1.76010244545718,0.406423321671283));
#5032=CARTESIAN_POINT('Ctrl Pts',(-0.419526039284106,1.76209596368386,0.414223332297207));
#5033=CARTESIAN_POINT('Ctrl Pts',(-0.417671376577462,1.764001648718,0.423934452327819));
#5034=CARTESIAN_POINT('Ctrl Pts',(-0.415030720884682,1.76569569135335,0.436442047249059));
#5035=CARTESIAN_POINT('Ctrl Pts',(-0.41342305794709,1.76575926400229,0.443061996226997));
#5036=CARTESIAN_POINT('Ctrl Pts',(-0.412721307425729,1.76575926400229,0.446351082643119));
#5037=CARTESIAN_POINT('',(-0.435828011118414,1.72837570487725,0.417724640509246));
#5038=CARTESIAN_POINT('Ctrl Pts',(-0.42147508499638,1.75794779361357,0.40020789194965));
#5039=CARTESIAN_POINT('Ctrl Pts',(-0.424681075243022,1.75578724153883,0.4020827845392));
#5040=CARTESIAN_POINT('Ctrl Pts',(-0.429783997678585,1.7512514036499,0.405695236637263));
#5041=CARTESIAN_POINT('Ctrl Pts',(-0.435752515675335,1.74166999551668,0.412363594521253));
#5042=CARTESIAN_POINT('Ctrl Pts',(-0.436610048684123,1.73263961353169,0.416352959752801));
#5043=CARTESIAN_POINT('Ctrl Pts',(-0.435828011118414,1.72837570487725,0.417724640509246));
#5044=CARTESIAN_POINT('',(-0.423998711768061,1.73792041434928,0.448757198924542));
#5045=CARTESIAN_POINT('Ctrl Pts',(-0.435828011118414,1.72837570487725,0.417724640509246));
#5046=CARTESIAN_POINT('Ctrl Pts',(-0.435152769135372,1.7292613981146,0.418909003607257));
#5047=CARTESIAN_POINT('Ctrl Pts',(-0.434471196588217,1.73009773323712,0.420156817592754));
#5048=CARTESIAN_POINT('Ctrl Pts',(-0.43379670002621,1.73088433734016,0.421455808023313));
#5049=CARTESIAN_POINT('Ctrl Pts',(-0.432789193131214,1.73205930116071,0.423396131946429));
#5050=CARTESIAN_POINT('Ctrl Pts',(-0.43180277399745,1.73312087487884,0.425446103982863));
#5051=CARTESIAN_POINT('Ctrl Pts',(-0.430905262484481,1.7340127876397,0.427470680704036));
#5052=CARTESIAN_POINT('Ctrl Pts',(-0.43033944348904,1.73457507700879,0.428747036438772));
#5053=CARTESIAN_POINT('Ctrl Pts',(-0.429808739986431,1.73506881886368,0.430011161320057));
#5054=CARTESIAN_POINT('Ctrl Pts',(-0.42931483304779,1.73548917872692,0.431249895645595));
#5055=CARTESIAN_POINT('Ctrl Pts',(-0.428724130923418,1.73599192012371,0.432731395378403));
#5056=CARTESIAN_POINT('Ctrl Pts',(-0.428184009259892,1.73638961659866,0.434179286721714));
#5057=CARTESIAN_POINT('Ctrl Pts',(-0.427674947959082,1.73670915066207,0.435636219266338));
#5058=CARTESIAN_POINT('Ctrl Pts',(-0.427169637684063,1.73702633023397,0.437082416381771));
#5059=CARTESIAN_POINT('Ctrl Pts',(-0.426696290835299,1.73726721818115,0.43853751212305));
#5060=CARTESIAN_POINT('Ctrl Pts',(-0.426265692716389,1.73744746925595,0.439958927336628));
#5061=CARTESIAN_POINT('Ctrl Pts',(-0.425837238692685,1.73762682279903,0.441373264838039));
#5062=CARTESIAN_POINT('Ctrl Pts',(-0.425453108012175,1.73774509034713,0.442747718196905));
#5063=CARTESIAN_POINT('Ctrl Pts',(-0.425118727532166,1.73781679620331,0.444030049089273));
#5064=CARTESIAN_POINT('Ctrl Pts',(-0.424867182029035,1.73787073860351,0.444994712365948));
#5065=CARTESIAN_POINT('Ctrl Pts',(-0.424643562371621,1.73789821270541,0.445906341729029));
#5066=CARTESIAN_POINT('Ctrl Pts',(-0.424441484956246,1.73791047775447,0.446773375170374));
#5067=CARTESIAN_POINT('Ctrl Pts',(-0.424283094008585,1.73792009126195,0.447452967435414));
#5068=CARTESIAN_POINT('Ctrl Pts',(-0.424137763855837,1.73792041434928,0.44810546541083));
#5069=CARTESIAN_POINT('Ctrl Pts',(-0.423998711768061,1.73792041434928,0.448757198924542));
#5070=CARTESIAN_POINT('Origin',(-0.385495244914104,1.73792041434928,0.440542204083861));
#5071=CARTESIAN_POINT('Ctrl Pts',(-0.42147508499638,1.75794779361357,0.40020789194965));
#5072=CARTESIAN_POINT('Ctrl Pts',(-0.424681075243022,1.75578724153883,0.4020827845392));
#5073=CARTESIAN_POINT('Ctrl Pts',(-0.429783997678585,1.7512514036499,0.405695236637263));
#5074=CARTESIAN_POINT('Ctrl Pts',(-0.435752515675335,1.74166999551668,0.412363594521253));
#5075=CARTESIAN_POINT('Ctrl Pts',(-0.436610048684123,1.73263961353169,0.416352959752801));
#5076=CARTESIAN_POINT('Ctrl Pts',(-0.435828011118414,1.72837570487725,0.417724640509246));
#5077=CARTESIAN_POINT('Ctrl Pts',(-0.423549129146016,1.75590007897794,0.399355395755783));
#5078=CARTESIAN_POINT('Ctrl Pts',(-0.42653270967535,1.75374464980626,0.4011453312416));
#5079=CARTESIAN_POINT('Ctrl Pts',(-0.431312145459551,1.74922912773751,0.404595287787803));
#5080=CARTESIAN_POINT('Ctrl Pts',(-0.437017886962058,1.73961482795065,0.41089092478719));
#5081=CARTESIAN_POINT('Ctrl Pts',(-0.437687530525617,1.73097770799818,0.414529589237595));
#5082=CARTESIAN_POINT('Ctrl Pts',(-0.436946839916859,1.72690817305101,0.41576223358677));
#5083=CARTESIAN_POINT('Ctrl Pts',(-0.427700320862439,1.75139649315954,0.397682115855674));
#5084=CARTESIAN_POINT('Ctrl Pts',(-0.430272724748753,1.74926435513913,0.399306452472679));
#5085=CARTESIAN_POINT('Ctrl Pts',(-0.43444260100506,1.74480419562376,0.402450870309944));
#5086=CARTESIAN_POINT('Ctrl Pts',(-0.439611741425534,1.7351357169272,0.408082812532653));
#5087=CARTESIAN_POINT('Ctrl Pts',(-0.439854905471424,1.72735493551322,0.411094571367999));
#5088=CARTESIAN_POINT('Ctrl Pts',(-0.439182143154441,1.72363181195308,0.412119013850402));
#5089=CARTESIAN_POINT('Ctrl Pts',(-0.43432878493241,1.74272410216845,0.394882397829037));
#5090=CARTESIAN_POINT('Ctrl Pts',(-0.436348605976094,1.7406550114911,0.396278307391053));
#5091=CARTESIAN_POINT('Ctrl Pts',(-0.439890276868268,1.73612030977706,0.399056766827129));
#5092=CARTESIAN_POINT('Ctrl Pts',(-0.443758513531177,1.72701793703111,0.40384355091376));
#5093=CARTESIAN_POINT('Ctrl Pts',(-0.443227636677495,1.72090761758815,0.406363315605503));
#5094=CARTESIAN_POINT('Ctrl Pts',(-0.442517521277269,1.7177940907104,0.407335948736779));
#5095=CARTESIAN_POINT('Ctrl Pts',(-0.44171154763821,1.73143336857668,0.39166009522974));
#5096=CARTESIAN_POINT('Ctrl Pts',(-0.443203832420827,1.72957196785192,0.392966393454656));
#5097=CARTESIAN_POINT('Ctrl Pts',(-0.445730365674936,1.72556953693638,0.395685106862107));
#5098=CARTESIAN_POINT('Ctrl Pts',(-0.44719525232109,1.71887542520565,0.400269308026581));
#5099=CARTESIAN_POINT('Ctrl Pts',(-0.445949900526923,1.71458598551336,0.40290900180069));
#5100=CARTESIAN_POINT('Ctrl Pts',(-0.445067749107612,1.71218626376012,0.40402503902928));
#5101=CARTESIAN_POINT('Ctrl Pts',(-0.448915966328402,1.71790322879275,0.387840226639308));
#5102=CARTESIAN_POINT('Ctrl Pts',(-0.449541294656747,1.71686720759408,0.389308357694886));
#5103=CARTESIAN_POINT('Ctrl Pts',(-0.450363557575164,1.71457508045751,0.392422784977781));
#5104=CARTESIAN_POINT('Ctrl Pts',(-0.449676030146936,1.71097620840244,0.397372745489471));
#5105=CARTESIAN_POINT('Ctrl Pts',(-0.448169405060139,1.70783293262259,0.400284431574476));
#5106=CARTESIAN_POINT('Ctrl Pts',(-0.447107059645651,1.70619986605533,0.401546559751862));
#5107=CARTESIAN_POINT('Ctrl Pts',(-0.45091509665415,1.71124894474473,0.385604416166622));
#5108=CARTESIAN_POINT('Ctrl Pts',(-0.451407696935364,1.71057857171931,0.387330782691083));
#5109=CARTESIAN_POINT('Ctrl Pts',(-0.451875135715872,1.70906824691517,0.390913381516889));
#5110=CARTESIAN_POINT('Ctrl Pts',(-0.450908146971007,1.70622358024361,0.396156324356017));
#5111=CARTESIAN_POINT('Ctrl Pts',(-0.449143065333074,1.70400578984624,0.399192802609255));
#5112=CARTESIAN_POINT('Ctrl Pts',(-0.447997742021483,1.70289755763319,0.400517243750443));
#5113=CARTESIAN_POINT('Ctrl Pts',(-0.451944065711584,1.70799762261837,0.384518148227675));
#5114=CARTESIAN_POINT('Ctrl Pts',(-0.452394508827809,1.70747281247649,0.386379062141499));
#5115=CARTESIAN_POINT('Ctrl Pts',(-0.452731261761026,1.70621845197856,0.390179347093796));
#5116=CARTESIAN_POINT('Ctrl Pts',(-0.451498313155976,1.70389324895108,0.395598509302675));
#5117=CARTESIAN_POINT('Ctrl Pts',(-0.449592380732566,1.70218831261674,0.398695217588691));
#5118=CARTESIAN_POINT('Ctrl Pts',(-0.44841159229666,1.70133577325559,0.400044380509898));
#5119=CARTESIAN_POINT('',(-0.451944065711584,1.70799762261837,0.384518148227675));
#5120=CARTESIAN_POINT('Ctrl Pts',(-0.42147508499638,1.75794779361357,0.40020789194965));
#5121=CARTESIAN_POINT('Ctrl Pts',(-0.423549129146016,1.75590007897794,0.399355395755783));
#5122=CARTESIAN_POINT('Ctrl Pts',(-0.427700320862439,1.75139649315954,0.397682115855674));
#5123=CARTESIAN_POINT('Ctrl Pts',(-0.43432878493241,1.74272410216845,0.394882397829037));
#5124=CARTESIAN_POINT('Ctrl Pts',(-0.44171154763821,1.73143336857668,0.39166009522974));
#5125=CARTESIAN_POINT('Ctrl Pts',(-0.448915966328402,1.71790322879275,0.387840226639308));
#5126=CARTESIAN_POINT('Ctrl Pts',(-0.45091509665415,1.71124894474473,0.385604416166622));
#5127=CARTESIAN_POINT('Ctrl Pts',(-0.451944065711584,1.70799762261837,0.384518148227675));
#5128=CARTESIAN_POINT('',(-0.44841159229666,1.70133577325559,0.400044380509898));
#5129=CARTESIAN_POINT('Origin',(-0.433598564420335,1.70133577325559,0.387080007014168));
#5130=CARTESIAN_POINT('Ctrl Pts',(-0.44841159229666,1.70133577325559,0.400044380509898));
#5131=CARTESIAN_POINT('Ctrl Pts',(-0.448218417241412,1.7020647755096,0.400265101355324));
#5132=CARTESIAN_POINT('Ctrl Pts',(-0.448024479080347,1.70279798655758,0.400488368923364));
#5133=CARTESIAN_POINT('Ctrl Pts',(-0.447810007717948,1.70357160039189,0.400737656064501));
#5134=CARTESIAN_POINT('Ctrl Pts',(-0.447562813750976,1.70446324704564,0.401024977768636));
#5135=CARTESIAN_POINT('Ctrl Pts',(-0.447288676642675,1.70540775539187,0.40134655315996));
#5136=CARTESIAN_POINT('Ctrl Pts',(-0.44698169068799,1.70639834889805,0.401712017293803));
#5137=CARTESIAN_POINT('Ctrl Pts',(-0.446524128716471,1.70787482660247,0.402256740878216));
#5138=CARTESIAN_POINT('Ctrl Pts',(-0.445996019134223,1.70944718149491,0.402896271546594));
#5139=CARTESIAN_POINT('Ctrl Pts',(-0.445413572311994,1.71100194092315,0.403622717791988));
#5140=CARTESIAN_POINT('Ctrl Pts',(-0.44503806127902,1.71200431452473,0.404091067123802));
#5141=CARTESIAN_POINT('Ctrl Pts',(-0.444640641065173,1.71299736842994,0.404594572590512));
#5142=CARTESIAN_POINT('Ctrl Pts',(-0.444216413884702,1.71397847717756,0.405143507541813));
#5143=CARTESIAN_POINT('Ctrl Pts',(-0.443775594684728,1.71499795823187,0.405713911978892));
#5144=CARTESIAN_POINT('Ctrl Pts',(-0.443302336490335,1.71601189927008,0.406337780150522));
#5145=CARTESIAN_POINT('Ctrl Pts',(-0.44279109577808,1.71703559515172,0.40703004016434));
#5146=CARTESIAN_POINT('Ctrl Pts',(-0.442164717876524,1.71828983892144,0.407878204961063));
#5147=CARTESIAN_POINT('Ctrl Pts',(-0.441482406342057,1.71955769213368,0.408828362869509));
#5148=CARTESIAN_POINT('Ctrl Pts',(-0.440770938870851,1.72080416108484,0.409859450110903));
#5149=CARTESIAN_POINT('Ctrl Pts',(-0.439970496400531,1.72220651147586,0.411019483495448));
#5150=CARTESIAN_POINT('Ctrl Pts',(-0.439136986205409,1.72357585778441,0.412277046875577));
#5151=CARTESIAN_POINT('Ctrl Pts',(-0.438308133183307,1.72484780193021,0.41359120811796));
#5152=CARTESIAN_POINT('Ctrl Pts',(-0.437688223825531,1.72579910458283,0.414574085455748));
#5153=CARTESIAN_POINT('Ctrl Pts',(-0.437070973594809,1.7266948913522,0.4155875672802));
#5154=CARTESIAN_POINT('Ctrl Pts',(-0.436453420951669,1.72753854684929,0.416642253121296));
#5155=CARTESIAN_POINT('Ctrl Pts',(-0.436245271630235,1.72782290531037,0.416997740454381));
#5156=CARTESIAN_POINT('Ctrl Pts',(-0.436036862615291,1.72810176107186,0.417358318491249));
#5157=CARTESIAN_POINT('Ctrl Pts',(-0.435828011118414,1.72837570487725,0.417724640509246));
#5158=CARTESIAN_POINT('Ctrl Pts',(-0.42147508499638,1.75794779361357,0.40020789194965));
#5159=CARTESIAN_POINT('Ctrl Pts',(-0.423549129146016,1.75590007897794,0.399355395755783));
#5160=CARTESIAN_POINT('Ctrl Pts',(-0.427700320862439,1.75139649315954,0.397682115855674));
#5161=CARTESIAN_POINT('Ctrl Pts',(-0.43432878493241,1.74272410216845,0.394882397829037));
#5162=CARTESIAN_POINT('Ctrl Pts',(-0.44171154763821,1.73143336857668,0.39166009522974));
#5163=CARTESIAN_POINT('Ctrl Pts',(-0.448915966328402,1.71790322879275,0.387840226639308));
#5164=CARTESIAN_POINT('Ctrl Pts',(-0.45091509665415,1.71124894474473,0.385604416166622));
#5165=CARTESIAN_POINT('Ctrl Pts',(-0.451944065711584,1.70799762261837,0.384518148227675));
#5166=CARTESIAN_POINT('Ctrl Pts',(-0.421725834999131,1.75669548796226,0.396912172370321));
#5167=CARTESIAN_POINT('Ctrl Pts',(-0.423790520759627,1.75464263695593,0.396254716317685));
#5168=CARTESIAN_POINT('Ctrl Pts',(-0.427977402754012,1.75007833730081,0.394890724997184));
#5169=CARTESIAN_POINT('Ctrl Pts',(-0.434654199980299,1.7414107269819,0.39246774700581));
#5170=CARTESIAN_POINT('Ctrl Pts',(-0.441953397528736,1.73033809729661,0.389550563106423));
#5171=CARTESIAN_POINT('Ctrl Pts',(-0.448735412481386,1.71766625288822,0.385958037074433));
#5172=CARTESIAN_POINT('Ctrl Pts',(-0.450536826268207,1.71155805975611,0.3837573532045));
#5173=CARTESIAN_POINT('Ctrl Pts',(-0.451493622595359,1.70852243276026,0.382657234313851));
#5174=CARTESIAN_POINT('Ctrl Pts',(-0.421776373420992,1.75394297246793,0.391125555585161));
#5175=CARTESIAN_POINT('Ctrl Pts',(-0.423912983807985,1.75181279107728,0.390700018306683));
#5176=CARTESIAN_POINT('Ctrl Pts',(-0.428279923690464,1.74710403031469,0.389757451058605));
#5177=CARTESIAN_POINT('Ctrl Pts',(-0.435094675506048,1.73848167306272,0.387915516183596));
#5178=CARTESIAN_POINT('Ctrl Pts',(-0.442293080134149,1.72774575790024,0.385288866219954));
#5179=CARTESIAN_POINT('Ctrl Pts',(-0.447912104065357,1.71714803252378,0.382166717054868));
#5180=CARTESIAN_POINT('Ctrl Pts',(-0.449241864115769,1.71204089601646,0.380097648180426));
#5181=CARTESIAN_POINT('Ctrl Pts',(-0.450028753526355,1.70936713752618,0.379014485216736));
#5182=CARTESIAN_POINT('Ctrl Pts',(-0.42022869707483,1.74777806979337,0.382166018304529));
#5183=CARTESIAN_POINT('Ctrl Pts',(-0.422781875409951,1.74558927248449,0.382097533319027));
#5184=CARTESIAN_POINT('Ctrl Pts',(-0.42788240249234,1.74083600351045,0.381815165876646));
#5185=CARTESIAN_POINT('Ctrl Pts',(-0.434928209011937,1.73288138050965,0.380793703011034));
#5186=CARTESIAN_POINT('Ctrl Pts',(-0.440875836342035,1.72443818666133,0.379155434470594));
#5187=CARTESIAN_POINT('Ctrl Pts',(-0.444488136439628,1.71700887237902,0.377117588107459));
#5188=CARTESIAN_POINT('Ctrl Pts',(-0.445707469077671,1.7122645285496,0.375224146534687));
#5189=CARTESIAN_POINT('Ctrl Pts',(-0.446338741364405,1.70990465306953,0.374282790201927));
#5190=CARTESIAN_POINT('Ctrl Pts',(-0.418522245136188,1.74438517087682,0.378107306585824));
#5191=CARTESIAN_POINT('Ctrl Pts',(-0.421201809269456,1.74240939376569,0.37826928805292));
#5192=CARTESIAN_POINT('Ctrl Pts',(-0.426397872548684,1.73811941474375,0.378410248725225));
#5193=CARTESIAN_POINT('Ctrl Pts',(-0.43281962553533,1.73118714881568,0.377869888364656));
#5194=CARTESIAN_POINT('Ctrl Pts',(-0.43786908644039,1.72370231264363,0.37647101657394));
#5195=CARTESIAN_POINT('Ctrl Pts',(-0.441154303006392,1.71650385616439,0.374396858008963));
#5196=CARTESIAN_POINT('Ctrl Pts',(-0.442471854984672,1.71193014513521,0.372707944188723));
#5197=CARTESIAN_POINT('Ctrl Pts',(-0.443107314594807,1.70974404686442,0.371903488792891));
#5198=CARTESIAN_POINT('Ctrl Pts',(-0.417546407970281,1.7427124603842,0.376861057814541));
#5199=CARTESIAN_POINT('Ctrl Pts',(-0.420232026228048,1.74086857217233,0.377081388198646));
#5200=CARTESIAN_POINT('Ctrl Pts',(-0.425364326578672,1.73678428766368,0.377280264594906));
#5201=CARTESIAN_POINT('Ctrl Pts',(-0.431470964964362,1.7301186477275,0.376708125478108));
#5202=CARTESIAN_POINT('Ctrl Pts',(-0.436190863535605,1.72290367985122,0.375271598684631));
#5203=CARTESIAN_POINT('Ctrl Pts',(-0.439331344702789,1.71597827446224,0.373255116761168));
#5204=CARTESIAN_POINT('Ctrl Pts',(-0.440714686375317,1.71160168212067,0.371694860870995));
#5205=CARTESIAN_POINT('Ctrl Pts',(-0.441371954425303,1.70953763763538,0.370961551643761));
#5206=CARTESIAN_POINT('',(-0.417546407970281,1.7427124603842,0.376861057814541));
#5207=CARTESIAN_POINT('Ctrl Pts',(-0.42147508499638,1.75794779361357,0.40020789194965));
#5208=CARTESIAN_POINT('Ctrl Pts',(-0.421725834999131,1.75669548796226,0.396912172370321));
#5209=CARTESIAN_POINT('Ctrl Pts',(-0.421776373420992,1.75394297246793,0.391125555585161));
#5210=CARTESIAN_POINT('Ctrl Pts',(-0.42022869707483,1.74777806979337,0.382166018304529));
#5211=CARTESIAN_POINT('Ctrl Pts',(-0.418522245136188,1.74438517087682,0.378107306585824));
#5212=CARTESIAN_POINT('Ctrl Pts',(-0.417546407970281,1.7427124603842,0.376861057814541));
#5213=CARTESIAN_POINT('',(-0.441371954425303,1.70953763763538,0.370961551643761));
#5214=CARTESIAN_POINT('Ctrl Pts',(-0.417546407970281,1.7427124603842,0.376861057814541));
#5215=CARTESIAN_POINT('Ctrl Pts',(-0.419768743608524,1.74118665213713,0.377043380102293));
#5216=CARTESIAN_POINT('Ctrl Pts',(-0.421908404169653,1.73952481590199,0.37714202985815));
#5217=CARTESIAN_POINT('Ctrl Pts',(-0.42388467691223,1.73778922136917,0.377145533331437));
#5218=CARTESIAN_POINT('Ctrl Pts',(-0.425362778233858,1.73649112899684,0.377148153662318));
#5219=CARTESIAN_POINT('Ctrl Pts',(-0.426747369209265,1.73515319998474,0.377097133531356));
#5220=CARTESIAN_POINT('Ctrl Pts',(-0.42802873724107,1.73378445449139,0.376989070948481));
#5221=CARTESIAN_POINT('Ctrl Pts',(-0.429407522945784,1.73231164833986,0.376872792767049));
#5222=CARTESIAN_POINT('Ctrl Pts',(-0.430673409530552,1.73079626618456,0.376689914272559));
#5223=CARTESIAN_POINT('Ctrl Pts',(-0.431838256062598,1.72924464887778,0.376445637588745));
#5224=CARTESIAN_POINT('Ctrl Pts',(-0.433287007227295,1.72731486043052,0.376141824064434));
#5225=CARTESIAN_POINT('Ctrl Pts',(-0.434576133051482,1.72533321001451,0.37574362774702));
#5226=CARTESIAN_POINT('Ctrl Pts',(-0.435690617621709,1.72337313639944,0.375276458969481));
#5227=CARTESIAN_POINT('Ctrl Pts',(-0.436540110948642,1.72187910992229,0.374920369015728));
#5228=CARTESIAN_POINT('Ctrl Pts',(-0.437286366764981,1.72040015012087,0.374524669700067));
#5229=CARTESIAN_POINT('Ctrl Pts',(-0.437939392673935,1.71895161640158,0.374100575832739));
#5230=CARTESIAN_POINT('Ctrl Pts',(-0.438521930166021,1.71765943918706,0.37372225917716));
#5231=CARTESIAN_POINT('Ctrl Pts',(-0.439031761989957,1.71638828877332,0.373320445821852));
#5232=CARTESIAN_POINT('Ctrl Pts',(-0.439496823615966,1.71512940533869,0.372903591562966));
#5233=CARTESIAN_POINT('Ctrl Pts',(-0.439869831660553,1.71411970335071,0.372569248793559));
#5234=CARTESIAN_POINT('Ctrl Pts',(-0.440211538419165,1.71312387187238,0.372227085109445));
#5235=CARTESIAN_POINT('Ctrl Pts',(-0.440532414387302,1.71214857228675,0.371885414973555));
#5236=CARTESIAN_POINT('Ctrl Pts',(-0.440761224544979,1.71145310589435,0.371641776915771));
#5237=CARTESIAN_POINT('Ctrl Pts',(-0.440979164977055,1.71077064189134,0.371399561695917));
#5238=CARTESIAN_POINT('Ctrl Pts',(-0.441192077569327,1.71010244733831,0.371162213766823));
#5239=CARTESIAN_POINT('Ctrl Pts',(-0.441252263866006,1.70991356158393,0.371095120070184));
#5240=CARTESIAN_POINT('Ctrl Pts',(-0.441312108491713,1.70972557415412,0.371028321320631));
#5241=CARTESIAN_POINT('Ctrl Pts',(-0.441371954425303,1.70953763763538,0.370961551643761));
#5242=CARTESIAN_POINT('Origin',(-0.433598564420335,1.70133577325559,0.387080007014168));
#5243=CARTESIAN_POINT('Ctrl Pts',(-0.42147508499638,1.75794779361357,0.40020789194965));
#5244=CARTESIAN_POINT('Ctrl Pts',(-0.421725834999131,1.75669548796226,0.396912172370321));
#5245=CARTESIAN_POINT('Ctrl Pts',(-0.421776373420992,1.75394297246793,0.391125555585161));
#5246=CARTESIAN_POINT('Ctrl Pts',(-0.42022869707483,1.74777806979337,0.382166018304529));
#5247=CARTESIAN_POINT('Ctrl Pts',(-0.418522245136188,1.74438517087682,0.378107306585824));
#5248=CARTESIAN_POINT('Ctrl Pts',(-0.417546407970281,1.7427124603842,0.376861057814541));
#5249=CARTESIAN_POINT('Ctrl Pts',(-0.419551490848394,1.75924412485842,0.39908295639592));
#5250=CARTESIAN_POINT('Ctrl Pts',(-0.419693559187055,1.75802350314059,0.395969215283958));
#5251=CARTESIAN_POINT('Ctrl Pts',(-0.419518918350035,1.75535398954284,0.390401431364004));
#5252=CARTESIAN_POINT('Ctrl Pts',(-0.417494221029109,1.74954358431955,0.381701556469752));
#5253=CARTESIAN_POINT('Ctrl Pts',(-0.41577762519186,1.7462494339551,0.377862241867309));
#5254=CARTESIAN_POINT('Ctrl Pts',(-0.414860789712513,1.74455634859606,0.376640727430436));
#5255=CARTESIAN_POINT('Ctrl Pts',(-0.415282066549789,1.7617141557443,0.396830063962884));
#5256=CARTESIAN_POINT('Ctrl Pts',(-0.415216092914568,1.7605627513377,0.394026751165726));
#5257=CARTESIAN_POINT('Ctrl Pts',(-0.414585617389913,1.75805086292739,0.388802480251568));
#5258=CARTESIAN_POINT('Ctrl Pts',(-0.41174132271631,1.75285209585919,0.380617846958498));
#5259=CARTESIAN_POINT('Ctrl Pts',(-0.410131968304932,1.74962113730388,0.377182322042852));
#5260=CARTESIAN_POINT('Ctrl Pts',(-0.409321315561522,1.74780349760118,0.375961967090505));
#5261=CARTESIAN_POINT('Ctrl Pts',(-0.40683388088001,1.76523209629067,0.393140885240508));
#5262=CARTESIAN_POINT('Ctrl Pts',(-0.406469089143309,1.76417017477205,0.390631885592235));
#5263=CARTESIAN_POINT('Ctrl Pts',(-0.405205057649597,1.76184158383403,0.385788648395367));
#5264=CARTESIAN_POINT('Ctrl Pts',(-0.401837521388529,1.75710296370479,0.378441190778847));
#5265=CARTESIAN_POINT('Ctrl Pts',(-0.40089054638106,1.75350793248729,0.37548966346454));
#5266=CARTESIAN_POINT('Ctrl Pts',(-0.400278584929455,1.75136701934779,0.374216298045309));
#5267=CARTESIAN_POINT('Ctrl Pts',(-0.395506814777718,1.7687254703254,0.388967841368886));
#5268=CARTESIAN_POINT('Ctrl Pts',(-0.395036517230299,1.76767143500362,0.386704445527344));
#5269=CARTESIAN_POINT('Ctrl Pts',(-0.393621832328579,1.76528313010421,0.38221090076675));
#5270=CARTESIAN_POINT('Ctrl Pts',(-0.391849023639924,1.760212656165,0.376125666510163));
#5271=CARTESIAN_POINT('Ctrl Pts',(-0.39197679834369,1.75594019711908,0.373446276567675));
#5272=CARTESIAN_POINT('Ctrl Pts',(-0.391704457186001,1.7534851464713,0.372163106382708));
#5273=CARTESIAN_POINT('Ctrl Pts',(-0.382059944082887,1.7711625268826,0.384568828339112));
#5274=CARTESIAN_POINT('Ctrl Pts',(-0.382146722943548,1.76993128328092,0.382582167698162));
#5275=CARTESIAN_POINT('Ctrl Pts',(-0.382223158738206,1.76706418598367,0.378694081051229));
#5276=CARTESIAN_POINT('Ctrl Pts',(-0.383139431143631,1.76139080754113,0.373759132607754));
#5277=CARTESIAN_POINT('Ctrl Pts',(-0.383496875786814,1.75679094325598,0.37101097613571));
#5278=CARTESIAN_POINT('Ctrl Pts',(-0.383487058057108,1.75429730813166,0.369809094069051));
#5279=CARTESIAN_POINT('Ctrl Pts',(-0.375622842783903,1.77105513324731,0.382581457861357));
#5280=CARTESIAN_POINT('Ctrl Pts',(-0.376074946261131,1.76975221557437,0.380596969551579));
#5281=CARTESIAN_POINT('Ctrl Pts',(-0.376941980575037,1.76674199265594,0.376817826813585));
#5282=CARTESIAN_POINT('Ctrl Pts',(-0.378108947758514,1.76109430236681,0.371981536766317));
#5283=CARTESIAN_POINT('Ctrl Pts',(-0.378664515976195,1.75666852130578,0.369446793323145));
#5284=CARTESIAN_POINT('Ctrl Pts',(-0.378853759427103,1.75432414310885,0.368381479493675));
#5285=CARTESIAN_POINT('Ctrl Pts',(-0.372461743775044,1.77105513324731,0.381626076284666));
#5286=CARTESIAN_POINT('Ctrl Pts',(-0.373069413255241,1.76970728737875,0.379615462475032));
#5287=CARTESIAN_POINT('Ctrl Pts',(-0.374210356905989,1.76661098188519,0.375840388796059));
#5288=CARTESIAN_POINT('Ctrl Pts',(-0.375636939338811,1.76093199719923,0.371120213711596));
#5289=CARTESIAN_POINT('Ctrl Pts',(-0.376363797921438,1.75659289620266,0.368715235427341));
#5290=CARTESIAN_POINT('Ctrl Pts',(-0.376664631779703,1.75432414310885,0.36771985762815));
#5291=CARTESIAN_POINT('',(-0.372461743775044,1.77105513324731,0.381626076284666));
#5292=CARTESIAN_POINT('Ctrl Pts',(-0.42147508499638,1.75794779361357,0.40020789194965));
#5293=CARTESIAN_POINT('Ctrl Pts',(-0.419551490848394,1.75924412485842,0.39908295639592));
#5294=CARTESIAN_POINT('Ctrl Pts',(-0.415282066549789,1.7617141557443,0.396830063962884));
#5295=CARTESIAN_POINT('Ctrl Pts',(-0.40683388088001,1.76523209629067,0.393140885240508));
#5296=CARTESIAN_POINT('Ctrl Pts',(-0.395506814777718,1.7687254703254,0.388967841368886));
#5297=CARTESIAN_POINT('Ctrl Pts',(-0.382059944082887,1.7711625268826,0.384568828339112));
#5298=CARTESIAN_POINT('Ctrl Pts',(-0.375622842783903,1.77105513324731,0.382581457861357));
#5299=CARTESIAN_POINT('Ctrl Pts',(-0.372461743775044,1.77105513324731,0.381626076284666));
#5300=CARTESIAN_POINT('',(-0.376664631779702,1.75432414310885,0.36771985762815));
#5301=CARTESIAN_POINT('Origin',(-0.366310369263272,1.73792041434928,0.401979309324424));
#5302=CARTESIAN_POINT('Ctrl Pts',(-0.376664631779702,1.75432414310885,0.36771985762815));
#5303=CARTESIAN_POINT('Ctrl Pts',(-0.377630221864607,1.75432414310885,0.368011688720808));
#5304=CARTESIAN_POINT('Ctrl Pts',(-0.378599495328016,1.75432368986812,0.36830843871702));
#5305=CARTESIAN_POINT('Ctrl Pts',(-0.379615908457687,1.75430923546898,0.36861761236898));
#5306=CARTESIAN_POINT('Ctrl Pts',(-0.380809330157681,1.75429226383305,0.368980628680501));
#5307=CARTESIAN_POINT('Ctrl Pts',(-0.382066714816703,1.75425604224017,0.369360657663265));
#5308=CARTESIAN_POINT('Ctrl Pts',(-0.383384229649172,1.75418594580319,0.369751491205649));
#5309=CARTESIAN_POINT('Ctrl Pts',(-0.384990848263524,1.75410046802512,0.370228085797856));
#5310=CARTESIAN_POINT('Ctrl Pts',(-0.386681191887894,1.75396500992867,0.370719381701807));
#5311=CARTESIAN_POINT('Ctrl Pts',(-0.388397376708087,1.75375987774933,0.371199015548626));
#5312=CARTESIAN_POINT('Ctrl Pts',(-0.389737542811991,1.7535996903439,0.371573560886767));
#5313=CARTESIAN_POINT('Ctrl Pts',(-0.391090795359748,1.75339729782444,0.371940048519873));
#5314=CARTESIAN_POINT('Ctrl Pts',(-0.392458951680832,1.75314206953076,0.372294276656795));
#5315=CARTESIAN_POINT('Ctrl Pts',(-0.393962310170878,1.75286161939776,0.3726835098671));
#5316=CARTESIAN_POINT('Ctrl Pts',(-0.395493931505076,1.75251557456891,0.37306061636879));
#5317=CARTESIAN_POINT('Ctrl Pts',(-0.397063165846582,1.75209660227599,0.37342637825979));
#5318=CARTESIAN_POINT('Ctrl Pts',(-0.400501016833988,1.75117872514776,0.374227682975644));
#5319=CARTESIAN_POINT('Ctrl Pts',(-0.404113078428824,1.74991275429571,0.374976742802822));
#5320=CARTESIAN_POINT('Ctrl Pts',(-0.407573060572239,1.7483483227794,0.375571266004811));
#5321=CARTESIAN_POINT('Ctrl Pts',(-0.409738196680997,1.74736935611853,0.375943297882076));
#5322=CARTESIAN_POINT('Ctrl Pts',(-0.41184327137426,1.74627229764047,0.376252599776755));
#5323=CARTESIAN_POINT('Ctrl Pts',(-0.413904151248133,1.74504520310215,0.37649570960836));
#5324=CARTESIAN_POINT('Ctrl Pts',(-0.415136647497119,1.74431134692994,0.376641099914386));
#5325=CARTESIAN_POINT('Ctrl Pts',(-0.416353211768498,1.74353168344561,0.376763166993055));
#5326=CARTESIAN_POINT('Ctrl Pts',(-0.417546407970281,1.7427124603842,0.376861057814541));
#5327=CARTESIAN_POINT('Ctrl Pts',(-0.42147508499638,1.75794779361357,0.40020789194965));
#5328=CARTESIAN_POINT('Ctrl Pts',(-0.419551490848394,1.75924412485842,0.39908295639592));
#5329=CARTESIAN_POINT('Ctrl Pts',(-0.415282066549789,1.7617141557443,0.396830063962884));
#5330=CARTESIAN_POINT('Ctrl Pts',(-0.40683388088001,1.76523209629067,0.393140885240508));
#5331=CARTESIAN_POINT('Ctrl Pts',(-0.395506814777718,1.7687254703254,0.388967841368886));
#5332=CARTESIAN_POINT('Ctrl Pts',(-0.382059944082887,1.7711625268826,0.384568828339112));
#5333=CARTESIAN_POINT('Ctrl Pts',(-0.375622842783903,1.77105513324731,0.382581457861357));
#5334=CARTESIAN_POINT('Ctrl Pts',(-0.372461743775044,1.77105513324731,0.381626076284666));
#5335=CARTESIAN_POINT('Ctrl Pts',(-0.418018344746986,1.76136065133963,0.401628718939428));
#5336=CARTESIAN_POINT('Ctrl Pts',(-0.416168462237071,1.76241439838529,0.400439006975288));
#5337=CARTESIAN_POINT('Ctrl Pts',(-0.412058440449254,1.76444418583186,0.398081523568579));
#5338=CARTESIAN_POINT('Ctrl Pts',(-0.40381199370625,1.76746954069031,0.394315370629057));
#5339=CARTESIAN_POINT('Ctrl Pts',(-0.393032950531674,1.77047979670453,0.390244450087067));
#5340=CARTESIAN_POINT('Ctrl Pts',(-0.380717374697428,1.77241110245363,0.386163730332889));
#5341=CARTESIAN_POINT('Ctrl Pts',(-0.374819506083468,1.77235805092025,0.384459792662614));
#5342=CARTESIAN_POINT('Ctrl Pts',(-0.371854074294847,1.77240297911587,0.383636690094301));
#5343=CARTESIAN_POINT('Ctrl Pts',(-0.411259990086753,1.76697612555046,0.404467710360525));
#5344=CARTESIAN_POINT('Ctrl Pts',(-0.409499144497245,1.76769423200448,0.403174161136289));
#5345=CARTESIAN_POINT('Ctrl Pts',(-0.405504352199244,1.76916074531613,0.400654702472783));
#5346=CARTESIAN_POINT('Ctrl Pts',(-0.397697587016582,1.77146459963274,0.396886894263736));
#5347=CARTESIAN_POINT('Ctrl Pts',(-0.387950555917932,1.77361205196371,0.3930584744831));
#5348=CARTESIAN_POINT('Ctrl Pts',(-0.378032318440116,1.77461495517151,0.389688750543424));
#5349=CARTESIAN_POINT('Ctrl Pts',(-0.373174314048367,1.7746204283798,0.388505081843821));
#5350=CARTESIAN_POINT('Ctrl Pts',(-0.370564371766605,1.77469798669139,0.387903966628843));
#5351=CARTESIAN_POINT('Ctrl Pts',(-0.398071791015088,1.77472743131952,0.410399873340597));
#5352=CARTESIAN_POINT('Ctrl Pts',(-0.396493449805719,1.77504284634359,0.408916608804852));
#5353=CARTESIAN_POINT('Ctrl Pts',(-0.393047045463746,1.77567493776105,0.406105187704747));
#5354=CARTESIAN_POINT('Ctrl Pts',(-0.386868784421729,1.77645030142734,0.402069430752156));
#5355=CARTESIAN_POINT('Ctrl Pts',(-0.380386854635289,1.77678991211297,0.398519322967519));
#5356=CARTESIAN_POINT('Ctrl Pts',(-0.374460226783603,1.77672711567307,0.396077105691222));
#5357=CARTESIAN_POINT('Ctrl Pts',(-0.370486961477695,1.7767826935551,0.395218372846631));
#5358=CARTESIAN_POINT('Ctrl Pts',(-0.368476416340127,1.77681444918177,0.39481244591106));
#5359=CARTESIAN_POINT('Ctrl Pts',(-0.388351853659096,1.77729049308944,0.414533008007565));
#5360=CARTESIAN_POINT('Ctrl Pts',(-0.387349712909541,1.77729049308944,0.412907123169182));
#5361=CARTESIAN_POINT('Ctrl Pts',(-0.385130932946983,1.77729049308944,0.40987922139802));
#5362=CARTESIAN_POINT('Ctrl Pts',(-0.380999893475716,1.77729049308944,0.405882570576083));
#5363=CARTESIAN_POINT('Ctrl Pts',(-0.376489129209155,1.77729049308944,0.402828368294463));
#5364=CARTESIAN_POINT('Ctrl Pts',(-0.37168132034983,1.77729049308944,0.400774099700482));
#5365=CARTESIAN_POINT('Ctrl Pts',(-0.368561692091891,1.77729049308944,0.39996562950127));
#5366=CARTESIAN_POINT('Ctrl Pts',(-0.367032391241397,1.77729049308944,0.399590334055162));
#5367=CARTESIAN_POINT('Ctrl Pts',(-0.383995888082236,1.77729049308944,0.416329377986764));
#5368=CARTESIAN_POINT('Ctrl Pts',(-0.383252515325167,1.77729049308944,0.414726060884567));
#5369=CARTESIAN_POINT('Ctrl Pts',(-0.381516588353544,1.77729049308944,0.411766775717988));
#5370=CARTESIAN_POINT('Ctrl Pts',(-0.37809753951417,1.77729049308944,0.407952659184617));
#5371=CARTESIAN_POINT('Ctrl Pts',(-0.374339145686867,1.77729049308944,0.405136130647059));
#5372=CARTESIAN_POINT('Ctrl Pts',(-0.370253756428302,1.77729049308944,0.403199021513143));
#5373=CARTESIAN_POINT('Ctrl Pts',(-0.367603849286228,1.77729049308944,0.402370238865159));
#5374=CARTESIAN_POINT('Ctrl Pts',(-0.366310369263272,1.77729049308944,0.401979309324424));
#5375=CARTESIAN_POINT('',(-0.383995888082236,1.77729049308944,0.416329377986764));
#5376=CARTESIAN_POINT('Ctrl Pts',(-0.42147508499638,1.75794779361357,0.40020789194965));
#5377=CARTESIAN_POINT('Ctrl Pts',(-0.418018344746986,1.76136065133963,0.401628718939428));
#5378=CARTESIAN_POINT('Ctrl Pts',(-0.411259990086753,1.76697612555046,0.404467710360525));
#5379=CARTESIAN_POINT('Ctrl Pts',(-0.398071791015088,1.77472743131952,0.410399873340597));
#5380=CARTESIAN_POINT('Ctrl Pts',(-0.388351853659096,1.77729049308944,0.414533008007565));
#5381=CARTESIAN_POINT('Ctrl Pts',(-0.383995888082236,1.77729049308944,0.416329377986764));
#5382=CARTESIAN_POINT('',(-0.366310369263272,1.77729049308944,0.401979309324424));
#5383=CARTESIAN_POINT('Ctrl Pts',(-0.383995888082236,1.77729049308944,0.416329377986764));
#5384=CARTESIAN_POINT('Ctrl Pts',(-0.383423617482305,1.77729049308944,0.41509509648905));
#5385=CARTESIAN_POINT('Ctrl Pts',(-0.382776721140496,1.77729049308944,0.413930173327188));
#5386=CARTESIAN_POINT('Ctrl Pts',(-0.382051902246248,1.77729049308944,0.412835461929819));
#5387=CARTESIAN_POINT('Ctrl Pts',(-0.381327173115102,1.77729049308944,0.411740886103822));
#5388=CARTESIAN_POINT('Ctrl Pts',(-0.380520371127393,1.77729049308944,0.410707930324107));
#5389=CARTESIAN_POINT('Ctrl Pts',(-0.379652872907576,1.77729049308944,0.409749508507608));
#5390=CARTESIAN_POINT('Ctrl Pts',(-0.378677886975091,1.77729049308944,0.408672333053957));
#5391=CARTESIAN_POINT('Ctrl Pts',(-0.377631198674388,1.77729049308944,0.407695294042623));
#5392=CARTESIAN_POINT('Ctrl Pts',(-0.376554443626944,1.77729049308944,0.406850357858472));
#5393=CARTESIAN_POINT('Ctrl Pts',(-0.375488954168226,1.77729049308944,0.406014261849784));
#5394=CARTESIAN_POINT('Ctrl Pts',(-0.374392630063804,1.77729049308944,0.405308315483074));
#5395=CARTESIAN_POINT('Ctrl Pts',(-0.373257740031679,1.77729049308944,0.40469658361471));
#5396=CARTESIAN_POINT('Ctrl Pts',(-0.37210485094159,1.77729049308944,0.404075149839513));
#5397=CARTESIAN_POINT('Ctrl Pts',(-0.370914982007802,1.77729049308944,0.403551684042088));
#5398=CARTESIAN_POINT('Ctrl Pts',(-0.369744774339386,1.77729049308944,0.403110878671445));
#5399=CARTESIAN_POINT('Ctrl Pts',(-0.368905500909352,1.77729049308944,0.402794732874949));
#5400=CARTESIAN_POINT('Ctrl Pts',(-0.368078765317608,1.77729049308944,0.402522362749444));
#5401=CARTESIAN_POINT('Ctrl Pts',(-0.367266850879931,1.77729049308944,0.402270852817807));
#5402=CARTESIAN_POINT('Ctrl Pts',(-0.366946704576653,1.77729049308944,0.402171679837116));
#5403=CARTESIAN_POINT('Ctrl Pts',(-0.366628477738675,1.77729049308944,0.402075451512928));
#5404=CARTESIAN_POINT('Ctrl Pts',(-0.366310369263272,1.77729049308944,0.401979309324424));
#5405=CARTESIAN_POINT('Origin',(-0.366310369263272,1.73792041434928,0.401979309324424));
#5406=CARTESIAN_POINT('Ctrl Pts',(-0.265415313340167,1.31065362183373,1.31054026996686));
#5407=CARTESIAN_POINT('Ctrl Pts',(-0.264649387661369,1.31074136940462,1.30981670578652));
#5408=CARTESIAN_POINT('Ctrl Pts',(-0.263274507868098,1.31087077036665,1.30831938206054));
#5409=CARTESIAN_POINT('Ctrl Pts',(-0.261398478959962,1.31092259042737,1.30576168085389));
#5410=CARTESIAN_POINT('Ctrl Pts',(-0.259456873621619,1.3107927661171,1.30266925132172));
#5411=CARTESIAN_POINT('Ctrl Pts',(-0.257120767158546,1.31039212066841,1.29860254279911));
#5412=CARTESIAN_POINT('Ctrl Pts',(-0.25400539859341,1.30958980442053,1.29286918889177));
#5413=CARTESIAN_POINT('Ctrl Pts',(-0.249787745146678,1.30837962101703,1.28318473994075));
#5414=CARTESIAN_POINT('Ctrl Pts',(-0.249188503268879,1.30830891693369,1.27480619486274));
#5415=CARTESIAN_POINT('Ctrl Pts',(-0.249188503268879,1.30830891693369,1.26815374501004));
#5416=CARTESIAN_POINT('Ctrl Pts',(-0.263093708744728,1.31074223337309,1.30980905811936));
#5417=CARTESIAN_POINT('Ctrl Pts',(-0.262516197504952,1.31083737593029,1.30910237437778));
#5418=CARTESIAN_POINT('Ctrl Pts',(-0.261428898098434,1.31098530884297,1.30762162799604));
#5419=CARTESIAN_POINT('Ctrl Pts',(-0.259824352742672,1.31106470114892,1.30504736900836));
#5420=CARTESIAN_POINT('Ctrl Pts',(-0.258046137152901,1.31095697913989,1.30189543794846));
#5421=CARTESIAN_POINT('Ctrl Pts',(-0.255824020689153,1.31057360469594,1.29774621670692));
#5422=CARTESIAN_POINT('Ctrl Pts',(-0.252830535669618,1.30978052077407,1.29183616713926));
#5423=CARTESIAN_POINT('Ctrl Pts',(-0.24922825281593,1.30867679678972,1.28237685983828));
#5424=CARTESIAN_POINT('Ctrl Pts',(-0.248787602535286,1.30870981766728,1.27433772899203));
#5425=CARTESIAN_POINT('Ctrl Pts',(-0.248641888734164,1.3088555314684,1.26815374501004));
#5426=CARTESIAN_POINT('Ctrl Pts',(-0.258876564574883,1.31123942204896,1.30814830487355));
#5427=CARTESIAN_POINT('Ctrl Pts',(-0.258540511822577,1.31134000266654,1.30744984048895));
#5428=CARTESIAN_POINT('Ctrl Pts',(-0.257851604999004,1.31149706823436,1.30596066186665));
#5429=CARTESIAN_POINT('Ctrl Pts',(-0.256661144560157,1.31157585473255,1.30330628418078));
#5430=CARTESIAN_POINT('Ctrl Pts',(-0.255150823452817,1.31145356573796,1.29999033697162));
#5431=CARTESIAN_POINT('Ctrl Pts',(-0.253153316506287,1.31104868343668,1.29561754887712));
#5432=CARTESIAN_POINT('Ctrl Pts',(-0.250619357676008,1.31024235045552,1.28940102271856));
#5433=CARTESIAN_POINT('Ctrl Pts',(-0.248312434653143,1.3093715324785,1.28074710102852));
#5434=CARTESIAN_POINT('Ctrl Pts',(-0.247961718311905,1.30963608063172,1.2732415366828));
#5435=CARTESIAN_POINT('Ctrl Pts',(-0.247656348145286,1.31005641783038,1.26815374501004));
#5436=CARTESIAN_POINT('Ctrl Pts',(-0.25321125399305,1.31290199858061,1.30451596561984));
#5437=CARTESIAN_POINT('Ctrl Pts',(-0.253052772425805,1.3129506988195,1.3037323799802));
#5438=CARTESIAN_POINT('Ctrl Pts',(-0.252657061812661,1.31302242307263,1.30204609737989));
#5439=CARTESIAN_POINT('Ctrl Pts',(-0.251775478526533,1.31301069048003,1.29903528834187));
#5440=CARTESIAN_POINT('Ctrl Pts',(-0.250628757605331,1.31277739916548,1.29537450545653));
#5441=CARTESIAN_POINT('Ctrl Pts',(-0.249334394734165,1.31220327467504,1.29080139974826));
#5442=CARTESIAN_POINT('Ctrl Pts',(-0.2480620694728,1.31133432258164,1.28490765608483));
#5443=CARTESIAN_POINT('Ctrl Pts',(-0.247146959021411,1.3108732532182,1.27756990049135));
#5444=CARTESIAN_POINT('Ctrl Pts',(-0.246816056787854,1.3114881957906,1.27152983629313));
#5445=CARTESIAN_POINT('Ctrl Pts',(-0.246557853987429,1.31211155249323,1.26815374501004));
#5446=CARTESIAN_POINT('Ctrl Pts',(-0.246913484344299,1.31705349000444,1.29653984822561));
#5447=CARTESIAN_POINT('Ctrl Pts',(-0.246911227214047,1.31698535609497,1.29571444139154));
#5448=CARTESIAN_POINT('Ctrl Pts',(-0.24686279171691,1.31673473954667,1.29397183025098));
#5449=CARTESIAN_POINT('Ctrl Pts',(-0.246753539968233,1.31596546843925,1.29101667836448));
#5450=CARTESIAN_POINT('Ctrl Pts',(-0.246643843998618,1.31488277947472,1.28758843042769));
#5451=CARTESIAN_POINT('Ctrl Pts',(-0.246505580787295,1.31374151862906,1.28354695803753));
#5452=CARTESIAN_POINT('Ctrl Pts',(-0.246325195238706,1.3130177877125,1.2788737014939));
#5453=CARTESIAN_POINT('Ctrl Pts',(-0.246141453249005,1.31311276052213,1.27378115157638));
#5454=CARTESIAN_POINT('Ctrl Pts',(-0.24596270096716,1.31382835221855,1.26999722414071));
#5455=CARTESIAN_POINT('Ctrl Pts',(-0.245881406999192,1.31434150481769,1.26815374501004));
#5456=CARTESIAN_POINT('Ctrl Pts',(-0.245729134542736,1.31979958290898,1.28724159585063));
#5457=CARTESIAN_POINT('Ctrl Pts',(-0.245729134542736,1.31924125584374,1.28645732624658));
#5458=CARTESIAN_POINT('Ctrl Pts',(-0.245729134542736,1.31819588658405,1.28487419332471));
#5459=CARTESIAN_POINT('Ctrl Pts',(-0.245729134542736,1.3169374795205,1.28240709755706));
#5460=CARTESIAN_POINT('Ctrl Pts',(-0.245729134542736,1.3160033768965,1.279813836332));
#5461=CARTESIAN_POINT('Ctrl Pts',(-0.245729134542736,1.31539573389515,1.27705206182541));
#5462=CARTESIAN_POINT('Ctrl Pts',(-0.245729134542736,1.31515405326071,1.27413377493071));
#5463=CARTESIAN_POINT('Ctrl Pts',(-0.245729134542736,1.31532381653962,1.27113512237864));
#5464=CARTESIAN_POINT('Ctrl Pts',(-0.245729134542736,1.31568147170744,1.26912865214785));
#5465=CARTESIAN_POINT('Ctrl Pts',(-0.245729134542736,1.31588754214121,1.26815374501004));
#5466=CARTESIAN_POINT('Ctrl Pts',(-0.245729134542736,1.32134381136674,1.27897066961785));
#5467=CARTESIAN_POINT('Ctrl Pts',(-0.245729134542736,1.32084626199477,1.27865135085876));
#5468=CARTESIAN_POINT('Ctrl Pts',(-0.245729134542736,1.31990711209251,1.27792219778285));
#5469=CARTESIAN_POINT('Ctrl Pts',(-0.245729134542736,1.31872550173205,1.2766035729288));
#5470=CARTESIAN_POINT('Ctrl Pts',(-0.245729134542736,1.31780930835462,1.27510254268425));
#5471=CARTESIAN_POINT('Ctrl Pts',(-0.245729134542736,1.31717096704705,1.27346098057568));
#5472=CARTESIAN_POINT('Ctrl Pts',(-0.245729134542736,1.31680279504055,1.27173595668787));
#5473=CARTESIAN_POINT('Ctrl Pts',(-0.245729134542736,1.31666192379351,1.26996225108909));
#5474=CARTESIAN_POINT('Ctrl Pts',(-0.245729134542736,1.31666057182959,1.26875692299526));
#5475=CARTESIAN_POINT('Ctrl Pts',(-0.245729134542736,1.31666057182959,1.26815374501004));
#5476=CARTESIAN_POINT('',(-0.265415313340167,1.31065362183373,1.31054026996686));
#5477=CARTESIAN_POINT('',(-0.249188503268879,1.30830891693369,1.26815374501004));
#5478=CARTESIAN_POINT('Ctrl Pts',(-0.265415313340167,1.31065362183373,1.31054026996686));
#5479=CARTESIAN_POINT('Ctrl Pts',(-0.264649387661369,1.31074136940462,1.30981670578652));
#5480=CARTESIAN_POINT('Ctrl Pts',(-0.263274507868098,1.31087077036665,1.30831938206054));
#5481=CARTESIAN_POINT('Ctrl Pts',(-0.261398478959962,1.31092259042737,1.30576168085389));
#5482=CARTESIAN_POINT('Ctrl Pts',(-0.259456873621619,1.3107927661171,1.30266925132172));
#5483=CARTESIAN_POINT('Ctrl Pts',(-0.257120767158546,1.31039212066841,1.29860254279911));
#5484=CARTESIAN_POINT('Ctrl Pts',(-0.25400539859341,1.30958980442053,1.29286918889177));
#5485=CARTESIAN_POINT('Ctrl Pts',(-0.249787745146678,1.30837962101703,1.28318473994075));
#5486=CARTESIAN_POINT('Ctrl Pts',(-0.249188503268879,1.30830891693369,1.27480619486274));
#5487=CARTESIAN_POINT('Ctrl Pts',(-0.249188503268879,1.30830891693369,1.26815374501004));
#5488=CARTESIAN_POINT('',(-0.245729134542736,1.32134381136674,1.27897066961785));
#5489=CARTESIAN_POINT('Ctrl Pts',(-0.265415313340167,1.31065362183373,1.31054026996686));
#5490=CARTESIAN_POINT('Ctrl Pts',(-0.263093708744728,1.31074223337309,1.30980905811936));
#5491=CARTESIAN_POINT('Ctrl Pts',(-0.258876564574883,1.31123942204896,1.30814830487355));
#5492=CARTESIAN_POINT('Ctrl Pts',(-0.25321125399305,1.31290199858061,1.30451596561984));
#5493=CARTESIAN_POINT('Ctrl Pts',(-0.246913484344299,1.31705349000444,1.29653984822561));
#5494=CARTESIAN_POINT('Ctrl Pts',(-0.245729134542736,1.31979958290898,1.28724159585063));
#5495=CARTESIAN_POINT('Ctrl Pts',(-0.245729134542736,1.32134381136674,1.27897066961785));
#5496=CARTESIAN_POINT('',(-0.245729134542736,1.31666057182959,1.26815374501004));
#5497=CARTESIAN_POINT('Ctrl Pts',(-0.245729134542736,1.32134381136674,1.27897066961785));
#5498=CARTESIAN_POINT('Ctrl Pts',(-0.245729134542736,1.32037686659137,1.27835010083979));
#5499=CARTESIAN_POINT('Ctrl Pts',(-0.245729134542736,1.31951857517269,1.27755916575205));
#5500=CARTESIAN_POINT('Ctrl Pts',(-0.245729134542736,1.31882950769807,1.27665265031764));
#5501=CARTESIAN_POINT('Ctrl Pts',(-0.245729134542736,1.31816370146433,1.275776736638));
#5502=CARTESIAN_POINT('Ctrl Pts',(-0.245729134542736,1.31765557528719,1.27479066099803));
#5503=CARTESIAN_POINT('Ctrl Pts',(-0.245729134542736,1.31731029951699,1.27374669881305));
#5504=CARTESIAN_POINT('Ctrl Pts',(-0.245729134542736,1.31701244876962,1.2728461290544));
#5505=CARTESIAN_POINT('Ctrl Pts',(-0.245729134542736,1.31683714909285,1.27190716340055));
#5506=CARTESIAN_POINT('Ctrl Pts',(-0.245729134542736,1.31674914959638,1.27095168007476));
#5507=CARTESIAN_POINT('Ctrl Pts',(-0.245729134542736,1.31666446359847,1.27003217414385));
#5508=CARTESIAN_POINT('Ctrl Pts',(-0.245729134542736,1.31666057182959,1.26909403343728));
#5509=CARTESIAN_POINT('Ctrl Pts',(-0.245729134542736,1.31666057182959,1.26815374501004));
#5510=CARTESIAN_POINT('Origin',(-0.257540158164783,1.31666057182959,1.26815374501004));
#5511=CARTESIAN_POINT('Ctrl Pts',(-0.265415313340167,1.31065362183373,1.31054026996686));
#5512=CARTESIAN_POINT('Ctrl Pts',(-0.263093708744728,1.31074223337309,1.30980905811936));
#5513=CARTESIAN_POINT('Ctrl Pts',(-0.258876564574883,1.31123942204896,1.30814830487355));
#5514=CARTESIAN_POINT('Ctrl Pts',(-0.25321125399305,1.31290199858061,1.30451596561984));
#5515=CARTESIAN_POINT('Ctrl Pts',(-0.246913484344299,1.31705349000444,1.29653984822561));
#5516=CARTESIAN_POINT('Ctrl Pts',(-0.245729134542736,1.31979958290898,1.28724159585063));
#5517=CARTESIAN_POINT('Ctrl Pts',(-0.245729134542736,1.32134381136674,1.27897066961785));
#5518=CARTESIAN_POINT('Ctrl Pts',(-0.263883446382173,1.31065357694186,1.31054012210664));
#5519=CARTESIAN_POINT('Ctrl Pts',(-0.261726049312835,1.31082609300871,1.30979554706252));
#5520=CARTESIAN_POINT('Ctrl Pts',(-0.25775217896928,1.31145788338336,1.30809044277869));
#5521=CARTESIAN_POINT('Ctrl Pts',(-0.252411059880529,1.31332849713891,1.30438275678084));
#5522=CARTESIAN_POINT('Ctrl Pts',(-0.246523759127385,1.31758856240543,1.29625951958281));
#5523=CARTESIAN_POINT('Ctrl Pts',(-0.245729134542736,1.32048527579076,1.28734369095656));
#5524=CARTESIAN_POINT('Ctrl Pts',(-0.245729134542736,1.3218413607387,1.27928998837695));
#5525=CARTESIAN_POINT('Ctrl Pts',(-0.260818511788957,1.31081984787453,1.31048243132088));
#5526=CARTESIAN_POINT('Ctrl Pts',(-0.258961672041608,1.31113708680386,1.30971019376571));
#5527=CARTESIAN_POINT('Ctrl Pts',(-0.255465987738022,1.31202218930359,1.30791654531991));
#5528=CARTESIAN_POINT('Ctrl Pts',(-0.250804377662308,1.31430681053424,1.30403868234158));
#5529=CARTESIAN_POINT('Ctrl Pts',(-0.245796397436131,1.31876324973872,1.29568216765111));
#5530=CARTESIAN_POINT('Ctrl Pts',(-0.245729134542736,1.3218804553993,1.28748441989058));
#5531=CARTESIAN_POINT('Ctrl Pts',(-0.245729134542736,1.32289249080871,1.27983805167341));
#5532=CARTESIAN_POINT('Ctrl Pts',(-0.256110716634821,1.31163143361172,1.31020541984304));
#5533=CARTESIAN_POINT('Ctrl Pts',(-0.254675412573975,1.31214109788715,1.30937803358387));
#5534=CARTESIAN_POINT('Ctrl Pts',(-0.25193463234827,1.31339959802175,1.30743954777664));
#5535=CARTESIAN_POINT('Ctrl Pts',(-0.248423409695621,1.31626270231023,1.30321311071995));
#5536=CARTESIAN_POINT('Ctrl Pts',(-0.244876411695457,1.32096531675331,1.29482876082411));
#5537=CARTESIAN_POINT('Ctrl Pts',(-0.245729134542736,1.32394944069125,1.28743485847819));
#5538=CARTESIAN_POINT('Ctrl Pts',(-0.245729134542736,1.32458285525586,1.2803576949022));
#5539=CARTESIAN_POINT('Ctrl Pts',(-0.251236485051183,1.31320524357788,1.30967442643707));
#5540=CARTESIAN_POINT('Ctrl Pts',(-0.250239111646809,1.31390815006433,1.30876850604608));
#5541=CARTESIAN_POINT('Ctrl Pts',(-0.248342289078957,1.31555031500405,1.30665310501074));
#5542=CARTESIAN_POINT('Ctrl Pts',(-0.24613388016302,1.31889282000707,1.30201729009246));
#5543=CARTESIAN_POINT('Ctrl Pts',(-0.244140083001549,1.32369612222446,1.29399207138972));
#5544=CARTESIAN_POINT('Ctrl Pts',(-0.245729134542736,1.32598911849414,1.28705507930485));
#5545=CARTESIAN_POINT('Ctrl Pts',(-0.245729134542736,1.3263350425815,1.28056197334937));
#5546=CARTESIAN_POINT('Ctrl Pts',(-0.246230559166301,1.31600666417444,1.30874296592722));
#5547=CARTESIAN_POINT('Ctrl Pts',(-0.245727212104674,1.31689251746881,1.30772730345074));
#5548=CARTESIAN_POINT('Ctrl Pts',(-0.244784380879967,1.31887010529682,1.3053864976388));
#5549=CARTESIAN_POINT('Ctrl Pts',(-0.243996364889921,1.32248830880135,1.30042494912188));
#5550=CARTESIAN_POINT('Ctrl Pts',(-0.243687803841739,1.32689969375692,1.29304440234408));
#5551=CARTESIAN_POINT('Ctrl Pts',(-0.245729134542736,1.32804267086894,1.28625780394306));
#5552=CARTESIAN_POINT('Ctrl Pts',(-0.245729134542736,1.32809237866927,1.28045753831766));
#5553=CARTESIAN_POINT('Ctrl Pts',(-0.241217695459417,1.32080454643954,1.30711659963215));
#5554=CARTESIAN_POINT('Ctrl Pts',(-0.24123239863552,1.32184669596347,1.30596954199525));
#5555=CARTESIAN_POINT('Ctrl Pts',(-0.241377593263701,1.32399520911533,1.30343465756685));
#5556=CARTESIAN_POINT('Ctrl Pts',(-0.242179874768792,1.32747740156335,1.29835921031501));
#5557=CARTESIAN_POINT('Ctrl Pts',(-0.243802610327158,1.33013864978696,1.29161842622464));
#5558=CARTESIAN_POINT('Ctrl Pts',(-0.245729134542736,1.33008447667436,1.28494888046049));
#5559=CARTESIAN_POINT('Ctrl Pts',(-0.245729134542736,1.32980983151827,1.28007138420328));
#5560=CARTESIAN_POINT('Ctrl Pts',(-0.236773106274966,1.32940627896293,1.30419267487185));
#5561=CARTESIAN_POINT('Ctrl Pts',(-0.237512494024074,1.33019635759925,1.30299045727118));
#5562=CARTESIAN_POINT('Ctrl Pts',(-0.239055176063514,1.3316710331966,1.30036064065582));
#5563=CARTESIAN_POINT('Ctrl Pts',(-0.241650860890326,1.33314202722216,1.29541860529564));
#5564=CARTESIAN_POINT('Ctrl Pts',(-0.244543283361667,1.33291594091454,1.28910313892343));
#5565=CARTESIAN_POINT('Ctrl Pts',(-0.245729134542736,1.33207988288198,1.2830616980209));
#5566=CARTESIAN_POINT('Ctrl Pts',(-0.245729134542736,1.33148179935558,1.27945659205058));
#5567=CARTESIAN_POINT('Ctrl Pts',(-0.236208520305849,1.33679668161611,1.30091778075369));
#5568=CARTESIAN_POINT('Ctrl Pts',(-0.237304349296817,1.33707317125019,1.29967907447215));
#5569=CARTESIAN_POINT('Ctrl Pts',(-0.239567656498494,1.33729704813747,1.29698726169103));
#5570=CARTESIAN_POINT('Ctrl Pts',(-0.242723363248977,1.33644313798717,1.29211199668715));
#5571=CARTESIAN_POINT('Ctrl Pts',(-0.245082280698872,1.33480345187024,1.28613083165071));
#5572=CARTESIAN_POINT('Ctrl Pts',(-0.245729134542736,1.33335848219177,1.2814298672538));
#5573=CARTESIAN_POINT('Ctrl Pts',(-0.245729134542736,1.33257769552734,1.27895373156398));
#5574=CARTESIAN_POINT('Ctrl Pts',(-0.236205592642763,1.34220559774637,1.29843149745108));
#5575=CARTESIAN_POINT('Ctrl Pts',(-0.23770145357175,1.3416296116934,1.29717993243952));
#5576=CARTESIAN_POINT('Ctrl Pts',(-0.240407439445039,1.34034798593739,1.29439507689333));
#5577=CARTESIAN_POINT('Ctrl Pts',(-0.243436740067189,1.33811829317668,1.28955015845922));
#5578=CARTESIAN_POINT('Ctrl Pts',(-0.245307442253025,1.33567620997567,1.28424373502426));
#5579=CARTESIAN_POINT('Ctrl Pts',(-0.245729134542736,1.33397583506139,1.28054897585731));
#5580=CARTESIAN_POINT('Ctrl Pts',(-0.245729134542736,1.33312563272143,1.27870156393482));
#5581=CARTESIAN_POINT('',(-0.236205592642763,1.34220559774637,1.29843149745108));
#5582=CARTESIAN_POINT('Ctrl Pts',(-0.265415313340167,1.31065362183373,1.31054026996686));
#5583=CARTESIAN_POINT('Ctrl Pts',(-0.263883446382173,1.31065357694186,1.31054012210664));
#5584=CARTESIAN_POINT('Ctrl Pts',(-0.260818511788957,1.31081984787453,1.31048243132088));
#5585=CARTESIAN_POINT('Ctrl Pts',(-0.256110716634821,1.31163143361172,1.31020541984304));
#5586=CARTESIAN_POINT('Ctrl Pts',(-0.251236485051183,1.31320524357788,1.30967442643707));
#5587=CARTESIAN_POINT('Ctrl Pts',(-0.246230559166301,1.31600666417444,1.30874296592722));
#5588=CARTESIAN_POINT('Ctrl Pts',(-0.241217695459417,1.32080454643954,1.30711659963215));
#5589=CARTESIAN_POINT('Ctrl Pts',(-0.236773106274966,1.32940627896293,1.30419267487185));
#5590=CARTESIAN_POINT('Ctrl Pts',(-0.236208520305849,1.33679668161611,1.30091778075369));
#5591=CARTESIAN_POINT('Ctrl Pts',(-0.236205592642763,1.34220559774637,1.29843149745108));
#5592=CARTESIAN_POINT('',(-0.245729134542736,1.33312563272143,1.27870156393482));
#5593=CARTESIAN_POINT('Origin',(-0.216201575487617,1.33312563272143,1.27870156393482));
#5594=CARTESIAN_POINT('Ctrl Pts',(-0.245729134542736,1.33312563272143,1.27870156393482));
#5595=CARTESIAN_POINT('Ctrl Pts',(-0.245729134542736,1.33224915612924,1.27910492955163));
#5596=CARTESIAN_POINT('Ctrl Pts',(-0.245729134542736,1.33137211117528,1.27950382779557));
#5597=CARTESIAN_POINT('Ctrl Pts',(-0.245729134542736,1.33047741153676,1.27981560797279));
#5598=CARTESIAN_POINT('Ctrl Pts',(-0.245729134542736,1.32955067621697,1.28013855177403));
#5599=CARTESIAN_POINT('Ctrl Pts',(-0.245729134542736,1.32860318005684,1.28036901149185));
#5600=CARTESIAN_POINT('Ctrl Pts',(-0.245729134542736,1.32763908937859,1.28046417594928));
#5601=CARTESIAN_POINT('Ctrl Pts',(-0.245729134542736,1.3264707458062,1.28057950201214));
#5602=CARTESIAN_POINT('Ctrl Pts',(-0.245729134542736,1.32528035120489,1.2804961560998));
#5603=CARTESIAN_POINT('Ctrl Pts',(-0.245729134542736,1.32414047393363,1.28019849632409));
#5604=CARTESIAN_POINT('Ctrl Pts',(-0.245729134542736,1.32315515165298,1.27994119598443));
#5605=CARTESIAN_POINT('Ctrl Pts',(-0.245729134542736,1.3222073804298,1.27952489361481));
#5606=CARTESIAN_POINT('Ctrl Pts',(-0.245729134542736,1.32134381136674,1.27897066961785));
#5607=CARTESIAN_POINT('Ctrl Pts',(-0.265415313340167,1.31065362183373,1.31054026996686));
#5608=CARTESIAN_POINT('Ctrl Pts',(-0.263883446382173,1.31065357694186,1.31054012210664));
#5609=CARTESIAN_POINT('Ctrl Pts',(-0.260818511788957,1.31081984787453,1.31048243132088));
#5610=CARTESIAN_POINT('Ctrl Pts',(-0.256110716634821,1.31163143361172,1.31020541984304));
#5611=CARTESIAN_POINT('Ctrl Pts',(-0.251236485051183,1.31320524357788,1.30967442643707));
#5612=CARTESIAN_POINT('Ctrl Pts',(-0.246230559166301,1.31600666417444,1.30874296592722));
#5613=CARTESIAN_POINT('Ctrl Pts',(-0.241217695459417,1.32080454643954,1.30711659963215));
#5614=CARTESIAN_POINT('Ctrl Pts',(-0.236773106274966,1.32940627896293,1.30419267487185));
#5615=CARTESIAN_POINT('Ctrl Pts',(-0.236208520305849,1.33679668161611,1.30091778075369));
#5616=CARTESIAN_POINT('Ctrl Pts',(-0.236205592642763,1.34220559774637,1.29843149745108));
#5617=CARTESIAN_POINT('Ctrl Pts',(-0.263093692982664,1.31056487422314,1.31127103363689));
#5618=CARTESIAN_POINT('Ctrl Pts',(-0.261618478708521,1.31065264992551,1.31122523313852));
#5619=CARTESIAN_POINT('Ctrl Pts',(-0.258652934977391,1.31097039548595,1.3110936908135));
#5620=CARTESIAN_POINT('Ctrl Pts',(-0.25408308446133,1.3119830501237,1.31074057717642));
#5621=CARTESIAN_POINT('Ctrl Pts',(-0.24936428745577,1.31376357133233,1.31015908698927));
#5622=CARTESIAN_POINT('Ctrl Pts',(-0.24455891705575,1.31677773788125,1.30920253195245));
#5623=CARTESIAN_POINT('Ctrl Pts',(-0.239771597347815,1.3218049264653,1.30757969711139));
#5624=CARTESIAN_POINT('Ctrl Pts',(-0.235771496020035,1.33021240817573,1.30476227259504));
#5625=CARTESIAN_POINT('Ctrl Pts',(-0.235112268743114,1.33730090177799,1.30179762295171));
#5626=CARTESIAN_POINT('Ctrl Pts',(-0.234709731713776,1.34278158379935,1.29968306246264));
#5627=CARTESIAN_POINT('Ctrl Pts',(-0.257890102046442,1.3106598191784,1.31257899523889));
#5628=CARTESIAN_POINT('Ctrl Pts',(-0.256510457586595,1.31089125027725,1.31248184910529));
#5629=CARTESIAN_POINT('Ctrl Pts',(-0.253728111977641,1.31147854611108,1.31225970779626));
#5630=CARTESIAN_POINT('Ctrl Pts',(-0.24945620627299,1.31288616207418,1.31179938723982));
#5631=CARTESIAN_POINT('Ctrl Pts',(-0.245097661119185,1.31509959158876,1.31113801404932));
#5632=CARTESIAN_POINT('Ctrl Pts',(-0.240754517733203,1.31857911377457,1.31013594720993));
#5633=CARTESIAN_POINT('Ctrl Pts',(-0.236637413986271,1.32399489987386,1.30849104492123));
#5634=CARTESIAN_POINT('Ctrl Pts',(-0.233589873374994,1.33163343357045,1.30594145993015));
#5635=CARTESIAN_POINT('Ctrl Pts',(-0.232582995048785,1.33846683529597,1.30353279766054));
#5636=CARTESIAN_POINT('Ctrl Pts',(-0.231432378611531,1.34380386192458,1.30190437932791));
#5637=CARTESIAN_POINT('Ctrl Pts',(-0.24740905974608,1.31191690924955,1.31449366364012));
#5638=CARTESIAN_POINT('Ctrl Pts',(-0.24618249168222,1.31234757722259,1.31435653915263));
#5639=CARTESIAN_POINT('Ctrl Pts',(-0.243729245667164,1.31334735319715,1.31406247118348));
#5640=CARTESIAN_POINT('Ctrl Pts',(-0.240123213170093,1.3154289277547,1.3135182579329));
#5641=CARTESIAN_POINT('Ctrl Pts',(-0.236722317084369,1.3182758318826,1.31277702929162));
#5642=CARTESIAN_POINT('Ctrl Pts',(-0.233670074958443,1.32209825266009,1.31166294301928));
#5643=CARTESIAN_POINT('Ctrl Pts',(-0.231123277955499,1.32713003760476,1.30998458476045));
#5644=CARTESIAN_POINT('Ctrl Pts',(-0.229192139149217,1.33381891256929,1.3077402635682));
#5645=CARTESIAN_POINT('Ctrl Pts',(-0.227554297174714,1.3407287547794,1.3055233749573));
#5646=CARTESIAN_POINT('Ctrl Pts',(-0.225868391085681,1.34488304235288,1.30424933969327));
#5647=CARTESIAN_POINT('Ctrl Pts',(-0.228775413226632,1.31438871166941,1.31709520640044));
#5648=CARTESIAN_POINT('Ctrl Pts',(-0.228201260083208,1.31502879699164,1.31691317781694));
#5649=CARTESIAN_POINT('Ctrl Pts',(-0.227176665326505,1.31641173446207,1.31650736127663));
#5650=CARTESIAN_POINT('Ctrl Pts',(-0.226027178293252,1.31886717007349,1.3156856049048));
#5651=CARTESIAN_POINT('Ctrl Pts',(-0.225236837888117,1.32190578031776,1.31453956849538));
#5652=CARTESIAN_POINT('Ctrl Pts',(-0.224749814275725,1.3259010681626,1.31296307614345));
#5653=CARTESIAN_POINT('Ctrl Pts',(-0.224256502452953,1.33089969330718,1.31108056941911));
#5654=CARTESIAN_POINT('Ctrl Pts',(-0.22317547217284,1.33774384899442,1.30853501798565));
#5655=CARTESIAN_POINT('Ctrl Pts',(-0.221261039345273,1.34290303974018,1.30655959250375));
#5656=CARTESIAN_POINT('Ctrl Pts',(-0.21989317206522,1.34546205630066,1.3055074840433));
#5657=CARTESIAN_POINT('Ctrl Pts',(-0.215913788921498,1.31818494128994,1.3182230225263));
#5658=CARTESIAN_POINT('Ctrl Pts',(-0.216156619812858,1.31890863085711,1.31790363071203));
#5659=CARTESIAN_POINT('Ctrl Pts',(-0.216652390997103,1.32052034341954,1.31719269693509));
#5660=CARTESIAN_POINT('Ctrl Pts',(-0.217412622485885,1.32361582563493,1.31582165444101));
#5661=CARTESIAN_POINT('Ctrl Pts',(-0.218063442525727,1.32736205465771,1.31414586847329));
#5662=CARTESIAN_POINT('Ctrl Pts',(-0.218331162609937,1.33144095709486,1.31228640355626));
#5663=CARTESIAN_POINT('Ctrl Pts',(-0.218101223237156,1.336085311049,1.31012534578764));
#5664=CARTESIAN_POINT('Ctrl Pts',(-0.217294539050394,1.34099846746465,1.30779111966745));
#5665=CARTESIAN_POINT('Ctrl Pts',(-0.216348304116226,1.3440056506168,1.30632201966017));
#5666=CARTESIAN_POINT('Ctrl Pts',(-0.215805034626431,1.34549820580155,1.30558603360239));
#5667=CARTESIAN_POINT('Ctrl Pts',(-0.207323705720172,1.3217480867808,1.31572124986979));
#5668=CARTESIAN_POINT('Ctrl Pts',(-0.208048731614542,1.32273502913721,1.3153392651295));
#5669=CARTESIAN_POINT('Ctrl Pts',(-0.209397654723141,1.32486348869005,1.31449155131946));
#5670=CARTESIAN_POINT('Ctrl Pts',(-0.211069940458964,1.32835653984205,1.31304260332923));
#5671=CARTESIAN_POINT('Ctrl Pts',(-0.212315836019247,1.33190779417876,1.31152371600549));
#5672=CARTESIAN_POINT('Ctrl Pts',(-0.213130234656344,1.33545582922189,1.30996520277675));
#5673=CARTESIAN_POINT('Ctrl Pts',(-0.213597266087303,1.33905053791874,1.30835319589001));
#5674=CARTESIAN_POINT('Ctrl Pts',(-0.213781316604006,1.34243201115386,1.30681367013402));
#5675=CARTESIAN_POINT('Ctrl Pts',(-0.213780255605462,1.34443659198403,1.3058910549028));
#5676=CARTESIAN_POINT('Ctrl Pts',(-0.213778234671223,1.34542842929111,1.30543441562719));
#5677=CARTESIAN_POINT('',(-0.207323705720172,1.3217480867808,1.31572124986979));
#5678=CARTESIAN_POINT('Ctrl Pts',(-0.265415313340167,1.31065362183373,1.31054026996686));
#5679=CARTESIAN_POINT('Ctrl Pts',(-0.263093692982664,1.31056487422314,1.31127103363689));
#5680=CARTESIAN_POINT('Ctrl Pts',(-0.257890102046442,1.3106598191784,1.31257899523889));
#5681=CARTESIAN_POINT('Ctrl Pts',(-0.24740905974608,1.31191690924955,1.31449366364012));
#5682=CARTESIAN_POINT('Ctrl Pts',(-0.228775413226632,1.31438871166941,1.31709520640044));
#5683=CARTESIAN_POINT('Ctrl Pts',(-0.215913788921498,1.31818494128994,1.3182230225263));
#5684=CARTESIAN_POINT('Ctrl Pts',(-0.207323705720172,1.3217480867808,1.31572124986979));
#5685=CARTESIAN_POINT('',(-0.213778234671223,1.34542842929111,1.30543441562719));
#5686=CARTESIAN_POINT('Ctrl Pts',(-0.207323705720172,1.3217480867808,1.31572124986979));
#5687=CARTESIAN_POINT('Ctrl Pts',(-0.208201807163329,1.32294340340908,1.31525861625309));
#5688=CARTESIAN_POINT('Ctrl Pts',(-0.209005983967232,1.32425286098935,1.31473423069489));
#5689=CARTESIAN_POINT('Ctrl Pts',(-0.209721379051081,1.3256256863264,1.31417099780743));
#5690=CARTESIAN_POINT('Ctrl Pts',(-0.210437577073668,1.32700005248287,1.31360713276368));
#5691=CARTESIAN_POINT('Ctrl Pts',(-0.211062387132502,1.32843220889038,1.31300674281936));
#5692=CARTESIAN_POINT('Ctrl Pts',(-0.211579153022256,1.32986442455911,1.3123957058369));
#5693=CARTESIAN_POINT('Ctrl Pts',(-0.212013405282102,1.33106795386139,1.31188223504529));
#5694=CARTESIAN_POINT('Ctrl Pts',(-0.21237067979808,1.33226988231538,1.3113619470466));
#5695=CARTESIAN_POINT('Ctrl Pts',(-0.212658478258761,1.33347624892819,1.31083311133288));
#5696=CARTESIAN_POINT('Ctrl Pts',(-0.212944714084195,1.33467606543305,1.31030714699423));
#5697=CARTESIAN_POINT('Ctrl Pts',(-0.213164260170215,1.33588847280112,1.30976913678616));
#5698=CARTESIAN_POINT('Ctrl Pts',(-0.213329416194974,1.33709250468746,1.30923001858001));
#5699=CARTESIAN_POINT('Ctrl Pts',(-0.213536736709316,1.33860392705503,1.30855326298509));
#5700=CARTESIAN_POINT('Ctrl Pts',(-0.213656963062855,1.34009325411896,1.30787872872554));
#5701=CARTESIAN_POINT('Ctrl Pts',(-0.213718410849903,1.34148739687793,1.30724269615367));
#5702=CARTESIAN_POINT('Ctrl Pts',(-0.213758439768763,1.34239558299915,1.30682836559054));
#5703=CARTESIAN_POINT('Ctrl Pts',(-0.21377364302037,1.34326287860574,1.30643060765217));
#5704=CARTESIAN_POINT('Ctrl Pts',(-0.213777773988977,1.3441003350917,1.30604557699443));
#5705=CARTESIAN_POINT('Ctrl Pts',(-0.21377998440771,1.34454844537292,1.30583955292129));
#5706=CARTESIAN_POINT('Ctrl Pts',(-0.21377913076285,1.34498864402283,1.30563689160273));
#5707=CARTESIAN_POINT('Ctrl Pts',(-0.213778234671223,1.34542842929111,1.30543441562719));
#5708=CARTESIAN_POINT('Origin',(-0.216201575487617,1.33312563272143,1.27870156393482));
#5709=CARTESIAN_POINT('Ctrl Pts',(-0.265415313340167,1.31065362183373,1.31054026996686));
#5710=CARTESIAN_POINT('Ctrl Pts',(-0.263093692982664,1.31056487422314,1.31127103363689));
#5711=CARTESIAN_POINT('Ctrl Pts',(-0.257890102046442,1.3106598191784,1.31257899523889));
#5712=CARTESIAN_POINT('Ctrl Pts',(-0.24740905974608,1.31191690924955,1.31449366364012));
#5713=CARTESIAN_POINT('Ctrl Pts',(-0.228775413226632,1.31438871166941,1.31709520640044));
#5714=CARTESIAN_POINT('Ctrl Pts',(-0.215913788921498,1.31818494128994,1.3182230225263));
#5715=CARTESIAN_POINT('Ctrl Pts',(-0.207323705720172,1.3217480867808,1.31572124986979));
#5716=CARTESIAN_POINT('Ctrl Pts',(-0.264649372060971,1.31056582937097,1.31126368628698));
#5717=CARTESIAN_POINT('Ctrl Pts',(-0.262301056712995,1.31049517826376,1.31192309911847));
#5718=CARTESIAN_POINT('Ctrl Pts',(-0.256990557890037,1.31060671312147,1.31314596321253));
#5719=CARTESIAN_POINT('Ctrl Pts',(-0.246226109613396,1.31184017265014,1.31498157210186));
#5720=CARTESIAN_POINT('Ctrl Pts',(-0.227429537698575,1.31407814177565,1.31757055813815));
#5721=CARTESIAN_POINT('Ctrl Pts',(-0.214962459908904,1.31775513500967,1.31833607160961));
#5722=CARTESIAN_POINT('Ctrl Pts',(-0.206598679825803,1.32076114442439,1.31610323461008));
#5723=CARTESIAN_POINT('Ctrl Pts',(-0.262963068089116,1.31034430384916,1.3126597839994));
#5724=CARTESIAN_POINT('Ctrl Pts',(-0.260523276107536,1.31030952098143,1.31320823738742));
#5725=CARTESIAN_POINT('Ctrl Pts',(-0.254939224154884,1.31045869997928,1.31428704070243));
#5726=CARTESIAN_POINT('Ctrl Pts',(-0.243542802564347,1.31159630163604,1.31599220567509));
#5727=CARTESIAN_POINT('Ctrl Pts',(-0.224599945421494,1.31346866453834,1.31844155699181));
#5728=CARTESIAN_POINT('Ctrl Pts',(-0.212983001052346,1.31682521247599,1.31858438873248));
#5729=CARTESIAN_POINT('Ctrl Pts',(-0.20504542920229,1.31893960124476,1.31678431498696));
#5730=CARTESIAN_POINT('Ctrl Pts',(-0.259550939756734,1.30983879337797,1.31472206960729));
#5731=CARTESIAN_POINT('Ctrl Pts',(-0.256863414786448,1.30984721202405,1.31515833485967));
#5732=CARTESIAN_POINT('Ctrl Pts',(-0.250715246072738,1.31004115846451,1.31606641279338));
#5733=CARTESIAN_POINT('Ctrl Pts',(-0.238276171476698,1.3109513365299,1.31758054752562));
#5734=CARTESIAN_POINT('Ctrl Pts',(-0.220002704955197,1.31259136321162,1.31948549456069));
#5735=CARTESIAN_POINT('Ctrl Pts',(-0.20962124163081,1.31529987719309,1.31896548387166));
#5736=CARTESIAN_POINT('Ctrl Pts',(-0.202384532185789,1.31663264851501,1.31756567751391));
#5737=CARTESIAN_POINT('Ctrl Pts',(-0.254618336192946,1.30908222902227,1.31685239084905));
#5738=CARTESIAN_POINT('Ctrl Pts',(-0.251575920553701,1.30912243425831,1.3172013711864));
#5739=CARTESIAN_POINT('Ctrl Pts',(-0.244730981179268,1.30933996034002,1.31794686927814));
#5740=CARTESIAN_POINT('Ctrl Pts',(-0.231479015421228,1.31007577031083,1.31915557506719));
#5741=CARTESIAN_POINT('Ctrl Pts',(-0.214962824400639,1.31172145048388,1.32024184443118));
#5742=CARTESIAN_POINT('Ctrl Pts',(-0.205751872469399,1.31372665583283,1.31929642189202));
#5743=CARTESIAN_POINT('Ctrl Pts',(-0.1994874373811,1.3148301418389,1.31807623050672));
#5744=CARTESIAN_POINT('Ctrl Pts',(-0.246870287366394,1.30796391406033,1.31910021954077));
#5745=CARTESIAN_POINT('Ctrl Pts',(-0.243460054134563,1.30804266698764,1.31934703406974));
#5746=CARTESIAN_POINT('Ctrl Pts',(-0.236047139985248,1.30830050664981,1.31988580665851));
#5747=CARTESIAN_POINT('Ctrl Pts',(-0.222895292140807,1.30908487893236,1.32055023379655));
#5748=CARTESIAN_POINT('Ctrl Pts',(-0.209220191656119,1.31077519424563,1.32066966260365));
#5749=CARTESIAN_POINT('Ctrl Pts',(-0.201470907413284,1.31242932958925,1.31942919378225));
#5750=CARTESIAN_POINT('Ctrl Pts',(-0.196476548159491,1.31362109931099,1.31828565602306));
#5751=CARTESIAN_POINT('Ctrl Pts',(-0.234689735561105,1.30643983191611,1.32141918588653));
#5752=CARTESIAN_POINT('Ctrl Pts',(-0.231006822156173,1.30660092315648,1.32152232313808));
#5753=CARTESIAN_POINT('Ctrl Pts',(-0.223324730913878,1.30702424280646,1.32165494399322));
#5754=CARTESIAN_POINT('Ctrl Pts',(-0.212099560006876,1.30813238395975,1.32142070969813));
#5755=CARTESIAN_POINT('Ctrl Pts',(-0.202803222614379,1.30994408076602,1.32061113006121));
#5756=CARTESIAN_POINT('Ctrl Pts',(-0.196880155171218,1.31169498241561,1.31923648405813));
#5757=CARTESIAN_POINT('Ctrl Pts',(-0.193365254830754,1.31293768086493,1.31822484123698));
#5758=CARTESIAN_POINT('Ctrl Pts',(-0.212771929851306,1.30475549275881,1.32294618839672));
#5759=CARTESIAN_POINT('Ctrl Pts',(-0.209979408341812,1.3051292402548,1.32267746044979));
#5760=CARTESIAN_POINT('Ctrl Pts',(-0.20535869345405,1.30596000123139,1.32211979669551));
#5761=CARTESIAN_POINT('Ctrl Pts',(-0.200352342415413,1.30758207396442,1.32120619544197));
#5762=CARTESIAN_POINT('Ctrl Pts',(-0.19566808402426,1.30970390802427,1.31991575152277));
#5763=CARTESIAN_POINT('Ctrl Pts',(-0.191961566135872,1.31156077466242,1.31869219322041));
#5764=CARTESIAN_POINT('Ctrl Pts',(-0.190161712602315,1.31266486274719,1.31794583908449));
#5765=CARTESIAN_POINT('Ctrl Pts',(-0.196363351058833,1.30465193463359,1.32148977383785));
#5766=CARTESIAN_POINT('Ctrl Pts',(-0.195613412590701,1.30515710091055,1.32127731769463));
#5767=CARTESIAN_POINT('Ctrl Pts',(-0.194047479569441,1.30625560086604,1.32080581098694));
#5768=CARTESIAN_POINT('Ctrl Pts',(-0.191817739894903,1.30815459392338,1.31995762605839));
#5769=CARTESIAN_POINT('Ctrl Pts',(-0.189786717533087,1.31028689994123,1.31893673212798));
#5770=CARTESIAN_POINT('Ctrl Pts',(-0.18856106514791,1.31184900483662,1.31811334513647));
#5771=CARTESIAN_POINT('Ctrl Pts',(-0.187996366333551,1.31266073020661,1.31766172608906));
#5772=CARTESIAN_POINT('Ctrl Pts',(-0.186556561702747,1.30465193463359,1.32016635205329));
#5773=CARTESIAN_POINT('Ctrl Pts',(-0.186576665900859,1.30534071169558,1.32001737639159));
#5774=CARTESIAN_POINT('Ctrl Pts',(-0.186621823936994,1.30671018820874,1.31968274736155));
#5775=CARTESIAN_POINT('Ctrl Pts',(-0.186704214489344,1.3087342437872,1.319072218805));
#5776=CARTESIAN_POINT('Ctrl Pts',(-0.186801020827139,1.31072230033564,1.31835486673013));
#5777=CARTESIAN_POINT('Ctrl Pts',(-0.18687498270346,1.31201984803775,1.31780679615284));
#5778=CARTESIAN_POINT('Ctrl Pts',(-0.186914266376769,1.31266073020661,1.31751569718971));
#5779=CARTESIAN_POINT('',(-0.186556561702747,1.30465193463359,1.32016635205329));
#5780=CARTESIAN_POINT('Ctrl Pts',(-0.265415313340167,1.31065362183373,1.31054026996686));
#5781=CARTESIAN_POINT('Ctrl Pts',(-0.264649372060971,1.31056582937097,1.31126368628698));
#5782=CARTESIAN_POINT('Ctrl Pts',(-0.262963068089116,1.31034430384916,1.3126597839994));
#5783=CARTESIAN_POINT('Ctrl Pts',(-0.259550939756734,1.30983879337797,1.31472206960729));
#5784=CARTESIAN_POINT('Ctrl Pts',(-0.254618336192946,1.30908222902227,1.31685239084905));
#5785=CARTESIAN_POINT('Ctrl Pts',(-0.246870287366394,1.30796391406033,1.31910021954077));
#5786=CARTESIAN_POINT('Ctrl Pts',(-0.234689735561105,1.30643983191611,1.32141918588652));
#5787=CARTESIAN_POINT('Ctrl Pts',(-0.212771929851305,1.30475549275881,1.32294618839672));
#5788=CARTESIAN_POINT('Ctrl Pts',(-0.196363351058833,1.30465193463359,1.32148977383785));
#5789=CARTESIAN_POINT('Ctrl Pts',(-0.186556561702747,1.30465193463359,1.32016635205329));
#5790=CARTESIAN_POINT('',(-0.186914266376769,1.31266073020661,1.31751569718971));
#5791=CARTESIAN_POINT('Origin',(-0.191700717129327,1.29625700144703,1.28204725104413));
#5792=CARTESIAN_POINT('Ctrl Pts',(-0.186914266376769,1.31266073020661,1.31751569718971));
#5793=CARTESIAN_POINT('Ctrl Pts',(-0.188276789539657,1.31266073020661,1.31769956907379));
#5794=CARTESIAN_POINT('Ctrl Pts',(-0.189640248109385,1.31266546076374,1.31787645628302));
#5795=CARTESIAN_POINT('Ctrl Pts',(-0.190988617068615,1.31275469919944,1.31800759420543));
#5796=CARTESIAN_POINT('Ctrl Pts',(-0.192603729275179,1.3128615913715,1.31816467469721));
#5797=CARTESIAN_POINT('Ctrl Pts',(-0.194195292359293,1.31308739475734,1.31825696819254));
#5798=CARTESIAN_POINT('Ctrl Pts',(-0.195745400651507,1.31350287361585,1.3182506018512));
#5799=CARTESIAN_POINT('Ctrl Pts',(-0.196964876398312,1.3138297323223,1.31824559342765));
#5800=CARTESIAN_POINT('Ctrl Pts',(-0.19816118431411,1.31427475618739,1.31817949321));
#5801=CARTESIAN_POINT('Ctrl Pts',(-0.19933218580571,1.31486023240785,1.31804233467179));
#5802=CARTESIAN_POINT('Ctrl Pts',(-0.200835280811579,1.31561174843011,1.317866278266));
#5803=CARTESIAN_POINT('Ctrl Pts',(-0.202294202840308,1.31659232544007,1.31757381575879));
#5804=CARTESIAN_POINT('Ctrl Pts',(-0.203642370197715,1.31775307016791,1.31718206007636));
#5805=CARTESIAN_POINT('Ctrl Pts',(-0.20466380923421,1.31863250844381,1.31688524637248));
#5806=CARTESIAN_POINT('Ctrl Pts',(-0.205618709067538,1.31961123223241,1.31653310333148));
#5807=CARTESIAN_POINT('Ctrl Pts',(-0.206499669199404,1.32068596147269,1.31612742437795));
#5808=CARTESIAN_POINT('Ctrl Pts',(-0.206781462448331,1.32102973576324,1.31599765960631));
#5809=CARTESIAN_POINT('Ctrl Pts',(-0.207056092804235,1.32138379838239,1.31586224352393));
#5810=CARTESIAN_POINT('Ctrl Pts',(-0.207323705720172,1.3217480867808,1.31572124986979));
#5811=CARTESIAN_POINT('Ctrl Pts',(-0.265415313340167,1.31065362183373,1.31054026996686));
#5812=CARTESIAN_POINT('Ctrl Pts',(-0.264649372060971,1.31056582937097,1.31126368628698));
#5813=CARTESIAN_POINT('Ctrl Pts',(-0.262963068089116,1.31034430384916,1.3126597839994));
#5814=CARTESIAN_POINT('Ctrl Pts',(-0.259550939756734,1.30983879337797,1.31472206960729));
#5815=CARTESIAN_POINT('Ctrl Pts',(-0.254618336192946,1.30908222902227,1.31685239084905));
#5816=CARTESIAN_POINT('Ctrl Pts',(-0.246870287366394,1.30796391406033,1.31910021954077));
#5817=CARTESIAN_POINT('Ctrl Pts',(-0.234689735561105,1.30643983191611,1.32141918588652));
#5818=CARTESIAN_POINT('Ctrl Pts',(-0.212771929851305,1.30475549275881,1.32294618839672));
#5819=CARTESIAN_POINT('Ctrl Pts',(-0.196363351058833,1.30465193463359,1.32148977383785));
#5820=CARTESIAN_POINT('Ctrl Pts',(-0.186556561702747,1.30465193463359,1.32016635205329));
#5821=CARTESIAN_POINT('Ctrl Pts',(-0.265415297578103,1.31047626268378,1.3120022454844));
#5822=CARTESIAN_POINT('Ctrl Pts',(-0.264625183463303,1.31033541089038,1.31264041653973));
#5823=CARTESIAN_POINT('Ctrl Pts',(-0.262862591567857,1.31001640686584,1.31389425864113));
#5824=CARTESIAN_POINT('Ctrl Pts',(-0.259255317905164,1.30937496925509,1.31579098869362));
#5825=CARTESIAN_POINT('Ctrl Pts',(-0.254027510284068,1.30849360260711,1.31777387458135));
#5826=CARTESIAN_POINT('Ctrl Pts',(-0.245921017493782,1.30729183936386,1.31985382360921));
#5827=CARTESIAN_POINT('Ctrl Pts',(-0.233266581958438,1.30576669055405,1.32194555128985));
#5828=CARTESIAN_POINT('Ctrl Pts',(-0.211590215406971,1.30427906306001,1.32303714274129));
#5829=CARTESIAN_POINT('Ctrl Pts',(-0.19569780140831,1.30414676835663,1.32151121050018));
#5830=CARTESIAN_POINT('Ctrl Pts',(-0.186536457504636,1.3039631575716,1.32031532771498));
#5831=CARTESIAN_POINT('Ctrl Pts',(-0.265415012101,1.30974898520196,1.31480198463616));
#5832=CARTESIAN_POINT('Ctrl Pts',(-0.264519923425615,1.30952493795984,1.31531616480239));
#5833=CARTESIAN_POINT('Ctrl Pts',(-0.262523023796468,1.3090426570045,1.3163485996988));
#5834=CARTESIAN_POINT('Ctrl Pts',(-0.25845128017849,1.30817251432871,1.31795012726484));
#5835=CARTESIAN_POINT('Ctrl Pts',(-0.252569937159258,1.30710768178545,1.31963834784666));
#5836=CARTESIAN_POINT('Ctrl Pts',(-0.243605995156497,1.30582401714825,1.32136558488007));
#5837=CARTESIAN_POINT('Ctrl Pts',(-0.229965379912035,1.30441898807725,1.3228931989722));
#5838=CARTESIAN_POINT('Ctrl Pts',(-0.209329326531449,1.303354419398,1.32314356654606));
#5839=CARTESIAN_POINT('Ctrl Pts',(-0.194236091234314,1.30304072732642,1.32153927257306));
#5840=CARTESIAN_POINT('Ctrl Pts',(-0.186501198754705,1.30257752605545,1.32057660128442));
#5841=CARTESIAN_POINT('Ctrl Pts',(-0.265413842693746,1.30740816178095,1.31894665435212));
#5842=CARTESIAN_POINT('Ctrl Pts',(-0.264335757934285,1.30711113805631,1.31931066005922));
#5843=CARTESIAN_POINT('Ctrl Pts',(-0.261767635503665,1.30649715151561,1.32006580132243));
#5844=CARTESIAN_POINT('Ctrl Pts',(-0.256246707863203,1.30548682454065,1.32126038333147));
#5845=CARTESIAN_POINT('Ctrl Pts',(-0.248620220262373,1.30439334464396,1.32243382725085));
#5846=CARTESIAN_POINT('Ctrl Pts',(-0.238327552712443,1.30329701375273,1.32340759989165));
#5847=CARTESIAN_POINT('Ctrl Pts',(-0.224826681708355,1.30238636611871,1.3239589996295));
#5848=CARTESIAN_POINT('Ctrl Pts',(-0.2048789795593,1.3017212577753,1.32308059284425));
#5849=CARTESIAN_POINT('Ctrl Pts',(-0.191919007546099,1.3010884400936,1.32152746438721));
#5850=CARTESIAN_POINT('Ctrl Pts',(-0.186463312147932,1.30048084287951,1.32085734773757));
#5851=CARTESIAN_POINT('Ctrl Pts',(-0.265414523076797,1.30281020813769,1.32393890370164));
#5852=CARTESIAN_POINT('Ctrl Pts',(-0.263284644352287,1.30255897559561,1.32416477694176));
#5853=CARTESIAN_POINT('Ctrl Pts',(-0.258946451142981,1.30204819791762,1.32457009565334));
#5854=CARTESIAN_POINT('Ctrl Pts',(-0.252004136074111,1.30134404707898,1.32500857481186));
#5855=CARTESIAN_POINT('Ctrl Pts',(-0.243967014313098,1.3007859236265,1.32527585742573));
#5856=CARTESIAN_POINT('Ctrl Pts',(-0.232971942265169,1.30040260327077,1.32524404789677));
#5857=CARTESIAN_POINT('Ctrl Pts',(-0.216985087906252,1.30007968945688,1.3244416539534));
#5858=CARTESIAN_POINT('Ctrl Pts',(-0.197600003387809,1.29952231320383,1.32246171012437));
#5859=CARTESIAN_POINT('Ctrl Pts',(-0.189684701028311,1.29884166968753,1.32144353716793));
#5860=CARTESIAN_POINT('Ctrl Pts',(-0.186440536372062,1.29837197318108,1.32102612026269));
#5861=CARTESIAN_POINT('Ctrl Pts',(-0.265414173912814,1.29907696390829,1.3263686875424));
#5862=CARTESIAN_POINT('Ctrl Pts',(-0.263571254936174,1.29896067061643,1.3263686875424));
#5863=CARTESIAN_POINT('Ctrl Pts',(-0.259189307441283,1.29878669458307,1.32639020821437));
#5864=CARTESIAN_POINT('Ctrl Pts',(-0.249601501169358,1.29861060191594,1.32633114751596));
#5865=CARTESIAN_POINT('Ctrl Pts',(-0.236147035034984,1.29842756216684,1.32589005612179));
#5866=CARTESIAN_POINT('Ctrl Pts',(-0.219930596433762,1.29818850472933,1.32481584791499));
#5867=CARTESIAN_POINT('Ctrl Pts',(-0.204056147549356,1.29787565486963,1.32326557811898));
#5868=CARTESIAN_POINT('Ctrl Pts',(-0.192278202848886,1.29748006523384,1.32184368503898));
#5869=CARTESIAN_POINT('Ctrl Pts',(-0.188285123955401,1.29714992497629,1.32131327130785));
#5870=CARTESIAN_POINT('Ctrl Pts',(-0.186435470216221,1.29696199206235,1.32106366137299));
#5871=CARTESIAN_POINT('Ctrl Pts',(-0.265414173912814,1.29625700144703,1.3263686875424));
#5872=CARTESIAN_POINT('Ctrl Pts',(-0.2608318231728,1.29625700144703,1.3263686875424));
#5873=CARTESIAN_POINT('Ctrl Pts',(-0.251604819459575,1.29625700144703,1.32626536347989));
#5874=CARTESIAN_POINT('Ctrl Pts',(-0.236713898201313,1.29625700144703,1.32573671678462));
#5875=CARTESIAN_POINT('Ctrl Pts',(-0.221565647626238,1.29625700144703,1.32480046519069));
#5876=CARTESIAN_POINT('Ctrl Pts',(-0.207775615478926,1.29625700144703,1.32359363137274));
#5877=CARTESIAN_POINT('Ctrl Pts',(-0.196986609554402,1.29625700144703,1.3224129765383));
#5878=CARTESIAN_POINT('Ctrl Pts',(-0.190076229884497,1.29625700144703,1.32155026495565));
#5879=CARTESIAN_POINT('Ctrl Pts',(-0.187621771947432,1.29625700144703,1.32122375225464));
#5880=CARTESIAN_POINT('Ctrl Pts',(-0.186435470216221,1.29625700144703,1.32106366137299));
#5881=CARTESIAN_POINT('',(-0.265414173912814,1.29625700144703,1.3263686875424));
#5882=CARTESIAN_POINT('Ctrl Pts',(-0.265415313340167,1.31065362183373,1.31054026996686));
#5883=CARTESIAN_POINT('Ctrl Pts',(-0.265415297578103,1.31047626268378,1.3120022454844));
#5884=CARTESIAN_POINT('Ctrl Pts',(-0.265415012101,1.30974898520196,1.31480198463616));
#5885=CARTESIAN_POINT('Ctrl Pts',(-0.265413842693746,1.30740816178095,1.31894665435212));
#5886=CARTESIAN_POINT('Ctrl Pts',(-0.265414523076797,1.30281020813769,1.32393890370164));
#5887=CARTESIAN_POINT('Ctrl Pts',(-0.265414173912814,1.29907696390829,1.3263686875424));
#5888=CARTESIAN_POINT('Ctrl Pts',(-0.265414173912814,1.29625700144703,1.3263686875424));
#5889=CARTESIAN_POINT('',(-0.186435470216221,1.29625700144703,1.32106366137299));
#5890=CARTESIAN_POINT('Ctrl Pts',(-0.265414173912814,1.29625700144703,1.3263686875424));
#5891=CARTESIAN_POINT('Ctrl Pts',(-0.262560765426607,1.29625700144703,1.3263686875424));
#5892=CARTESIAN_POINT('Ctrl Pts',(-0.259702705213286,1.29625700144703,1.32634826057723));
#5893=CARTESIAN_POINT('Ctrl Pts',(-0.256788405503489,1.29625700144703,1.32630568889651));
#5894=CARTESIAN_POINT('Ctrl Pts',(-0.253683986589483,1.29625700144703,1.32626033998117));
#5895=CARTESIAN_POINT('Ctrl Pts',(-0.250516168205242,1.29625700144703,1.32618960263643));
#5896=CARTESIAN_POINT('Ctrl Pts',(-0.247282721882698,1.29625700144703,1.32609028062895));
#5897=CARTESIAN_POINT('Ctrl Pts',(-0.243722003823094,1.29625700144703,1.32598090579157));
#5898=CARTESIAN_POINT('Ctrl Pts',(-0.240082346885218,1.29625700144703,1.3258365019521));
#5899=CARTESIAN_POINT('Ctrl Pts',(-0.236423564892456,1.29625700144703,1.32565667273033));
#5900=CARTESIAN_POINT('Ctrl Pts',(-0.231885079423148,1.29625700144703,1.32543360606181));
#5901=CARTESIAN_POINT('Ctrl Pts',(-0.227318660317914,1.29625700144703,1.32515519018035));
#5902=CARTESIAN_POINT('Ctrl Pts',(-0.222916925056686,1.29625700144703,1.32483760910298));
#5903=CARTESIAN_POINT('Ctrl Pts',(-0.217964883223853,1.29625700144703,1.32448032392177));
#5904=CARTESIAN_POINT('Ctrl Pts',(-0.213229310688506,1.29625700144703,1.32407385683561));
#5905=CARTESIAN_POINT('Ctrl Pts',(-0.208994802487871,1.29625700144703,1.32366744650078));
#5906=CARTESIAN_POINT('Ctrl Pts',(-0.205818921337395,1.29625700144703,1.32336263874965));
#5907=CARTESIAN_POINT('Ctrl Pts',(-0.202926061075195,1.29625700144703,1.32305887955459));
#5908=CARTESIAN_POINT('Ctrl Pts',(-0.200392628550508,1.29625700144703,1.32277823437684));
#5909=CARTESIAN_POINT('Ctrl Pts',(-0.198245413626125,1.29625700144703,1.32254037309249));
#5910=CARTESIAN_POINT('Ctrl Pts',(-0.196356425781674,1.29625700144703,1.32231934348));
#5911=CARTESIAN_POINT('Ctrl Pts',(-0.194731145798896,1.29625700144703,1.32212340530005));
#5912=CARTESIAN_POINT('Ctrl Pts',(-0.193183706933666,1.29625700144703,1.32193685137824));
#5913=CARTESIAN_POINT('Ctrl Pts',(-0.191875773425785,1.29625700144703,1.32177317825491));
#5914=CARTESIAN_POINT('Ctrl Pts',(-0.190767516141433,1.29625700144703,1.32163195998737));
#5915=CARTESIAN_POINT('Ctrl Pts',(-0.189722228805348,1.29625700144703,1.32149876558499));
#5916=CARTESIAN_POINT('Ctrl Pts',(-0.188854754204952,1.29625700144703,1.32138556632102));
#5917=CARTESIAN_POINT('Ctrl Pts',(-0.188086828357766,1.29625700144703,1.32128414010144));
#5918=CARTESIAN_POINT('Ctrl Pts',(-0.187497213207818,1.29625700144703,1.32120626482756));
#5919=CARTESIAN_POINT('Ctrl Pts',(-0.186965476259979,1.29625700144703,1.32113518544869));
#5920=CARTESIAN_POINT('Ctrl Pts',(-0.186435470216221,1.29625700144703,1.32106366137299));
#5921=CARTESIAN_POINT('Origin',(-0.191700717129327,1.29625700144703,1.28204725104413));
#5922=CARTESIAN_POINT('Ctrl Pts',(-0.265415313340167,1.31065362183373,1.31054026996686));
#5923=CARTESIAN_POINT('Ctrl Pts',(-0.265415297578103,1.31047626268378,1.3120022454844));
#5924=CARTESIAN_POINT('Ctrl Pts',(-0.265415012101,1.30974898520196,1.31480198463616));
#5925=CARTESIAN_POINT('Ctrl Pts',(-0.265413842693746,1.30740816178095,1.31894665435212));
#5926=CARTESIAN_POINT('Ctrl Pts',(-0.265414523076797,1.30281020813769,1.32393890370164));
#5927=CARTESIAN_POINT('Ctrl Pts',(-0.265414173912814,1.29907696390829,1.3263686875424));
#5928=CARTESIAN_POINT('Ctrl Pts',(-0.265414173912814,1.29625700144703,1.3263686875424));
#5929=CARTESIAN_POINT('Ctrl Pts',(-0.266181239018965,1.31056587426283,1.3112638341472));
#5930=CARTESIAN_POINT('Ctrl Pts',(-0.266205360451108,1.31033545763014,1.31264053835159));
#5931=CARTESIAN_POINT('Ctrl Pts',(-0.266309737428834,1.30952487940746,1.31531632421193));
#5932=CARTESIAN_POINT('Ctrl Pts',(-0.266491965321774,1.30711120971339,1.31931070136599));
#5933=CARTESIAN_POINT('Ctrl Pts',(-0.26754438786535,1.30255894954966,1.32416479680712));
#5934=CARTESIAN_POINT('Ctrl Pts',(-0.267257092889455,1.29896067061643,1.3263686875424));
#5935=CARTESIAN_POINT('Ctrl Pts',(-0.269996524652828,1.29625700144703,1.3263686875424));
#5936=CARTESIAN_POINT('Ctrl Pts',(-0.26786734189482,1.31034445088792,1.31266017768523));
#5937=CARTESIAN_POINT('Ctrl Pts',(-0.267967648889242,1.31001642813287,1.31389468599312));
#5938=CARTESIAN_POINT('Ctrl Pts',(-0.268305844945937,1.30904251804624,1.31634903174251));
#5939=CARTESIAN_POINT('Ctrl Pts',(-0.269060258433123,1.30649739284791,1.32006588625192));
#5940=CARTESIAN_POINT('Ctrl Pts',(-0.271882501392437,1.30204809663047,1.32457015719889));
#5941=CARTESIAN_POINT('Ctrl Pts',(-0.271639040384345,1.29878669458307,1.32639020821437));
#5942=CARTESIAN_POINT('Ctrl Pts',(-0.279223528366053,1.29625700144703,1.32626536347989));
#5943=CARTESIAN_POINT('Ctrl Pts',(-0.271278692380802,1.30983869211475,1.31472294330476));
#5944=CARTESIAN_POINT('Ctrl Pts',(-0.271573929869186,1.30937477715394,1.31579183914054));
#5945=CARTESIAN_POINT('Ctrl Pts',(-0.272376699353236,1.30817268108114,1.31795063829971));
#5946=CARTESIAN_POINT('Ctrl Pts',(-0.274581595070096,1.30548711595627,1.32126052153275));
#5947=CARTESIAN_POINT('Ctrl Pts',(-0.278824579858983,1.30134390677667,1.32500865461557));
#5948=CARTESIAN_POINT('Ctrl Pts',(-0.28122684665627,1.29861060191594,1.32633114751596));
#5949=CARTESIAN_POINT('Ctrl Pts',(-0.294114449624315,1.29625700144703,1.32573671678462));
#5950=CARTESIAN_POINT('Ctrl Pts',(-0.276210332771825,1.30908206829549,1.31685344154424));
#5951=CARTESIAN_POINT('Ctrl Pts',(-0.276800760604453,1.30849359900892,1.31777474607028));
#5952=CARTESIAN_POINT('Ctrl Pts',(-0.278257610281058,1.3071082784731,1.31963871659155));
#5953=CARTESIAN_POINT('Ctrl Pts',(-0.282208551797256,1.30439339422944,1.32243404394944));
#5954=CARTESIAN_POINT('Ctrl Pts',(-0.286861410499434,1.30078586390369,1.32527590049525));
#5955=CARTESIAN_POINT('Ctrl Pts',(-0.294681312790645,1.29842756216684,1.32589005612179));
#5956=CARTESIAN_POINT('Ctrl Pts',(-0.30926270019939,1.29625700144703,1.32480046519069));
#5957=CARTESIAN_POINT('Ctrl Pts',(-0.283957341994387,1.30796424542819,1.31910093623719));
#5958=CARTESIAN_POINT('Ctrl Pts',(-0.284906406162439,1.30729248666725,1.31985429097461));
#5959=CARTESIAN_POINT('Ctrl Pts',(-0.287221878606928,1.30582475942118,1.3213657523835));
#5960=CARTESIAN_POINT('Ctrl Pts',(-0.292501513406579,1.3032965968963,1.3234079234781));
#5961=CARTESIAN_POINT('Ctrl Pts',(-0.297856261682008,1.30040270668718,1.32524401574941));
#5962=CARTESIAN_POINT('Ctrl Pts',(-0.310897751391866,1.29818850472933,1.32481584791499));
#5963=CARTESIAN_POINT('Ctrl Pts',(-0.323052732346702,1.29625700144703,1.32359363137274));
#5964=CARTESIAN_POINT('Ctrl Pts',(-0.296137993467397,1.30644061508216,1.32141932822585));
#5965=CARTESIAN_POINT('Ctrl Pts',(-0.297561713759763,1.30576711115756,1.3219457413704));
#5966=CARTESIAN_POINT('Ctrl Pts',(-0.300863945157608,1.30441837636076,1.32289362997965));
#5967=CARTESIAN_POINT('Ctrl Pts',(-0.306001618280114,1.30238639875575,1.32395906594147));
#5968=CARTESIAN_POINT('Ctrl Pts',(-0.313843269538027,1.30007968418288,1.32444164873993));
#5969=CARTESIAN_POINT('Ctrl Pts',(-0.326772200276272,1.29787565486963,1.32326557811898));
#5970=CARTESIAN_POINT('Ctrl Pts',(-0.333841738271227,1.29625700144703,1.3224129765383));
#5971=CARTESIAN_POINT('Ctrl Pts',(-0.318057144125344,1.30475493128381,1.32294642722049));
#5972=CARTESIAN_POINT('Ctrl Pts',(-0.319238513075113,1.30427869386984,1.32303731200176));
#5973=CARTESIAN_POINT('Ctrl Pts',(-0.321498732240302,1.30335459498766,1.32314353006588));
#5974=CARTESIAN_POINT('Ctrl Pts',(-0.325949351509992,1.3017212708652,1.32308058652019));
#5975=CARTESIAN_POINT('Ctrl Pts',(-0.333228347332967,1.29952231055237,1.32246170931873));
#5976=CARTESIAN_POINT('Ctrl Pts',(-0.338550144976743,1.29748006523384,1.32184368503898));
#5977=CARTESIAN_POINT('Ctrl Pts',(-0.340752117941131,1.29625700144703,1.32155026495565));
#5978=CARTESIAN_POINT('Ctrl Pts',(-0.334464996766796,1.30465193463359,1.32148977383785));
#5979=CARTESIAN_POINT('Ctrl Pts',(-0.335130546417319,1.30414676835663,1.32151121050018));
#5980=CARTESIAN_POINT('Ctrl Pts',(-0.336592256591315,1.30304072732642,1.32153927257306));
#5981=CARTESIAN_POINT('Ctrl Pts',(-0.338909340279529,1.3010884400936,1.32152746438721));
#5982=CARTESIAN_POINT('Ctrl Pts',(-0.341143646797317,1.29884166968753,1.32144353716793));
#5983=CARTESIAN_POINT('Ctrl Pts',(-0.342543223870228,1.29714992497629,1.32131327130785));
#5984=CARTESIAN_POINT('Ctrl Pts',(-0.343206575878197,1.29625700144703,1.32122375225464));
#5985=CARTESIAN_POINT('Ctrl Pts',(-0.344271786122881,1.30465193463359,1.32016635205329));
#5986=CARTESIAN_POINT('Ctrl Pts',(-0.344291890320993,1.30396315757159,1.32031532771498));
#5987=CARTESIAN_POINT('Ctrl Pts',(-0.344327149070924,1.30257752605545,1.32057660128442));
#5988=CARTESIAN_POINT('Ctrl Pts',(-0.344365035677697,1.30048084287951,1.32085734773757));
#5989=CARTESIAN_POINT('Ctrl Pts',(-0.344387811453565,1.29837197318108,1.32102612026269));
#5990=CARTESIAN_POINT('Ctrl Pts',(-0.344392877609409,1.29696199206235,1.32106366137299));
#5991=CARTESIAN_POINT('Ctrl Pts',(-0.344392877609409,1.29625700144703,1.32106366137299));
#5992=CARTESIAN_POINT('',(-0.344271786122881,1.30465193463359,1.32016635205329));
#5993=CARTESIAN_POINT('Ctrl Pts',(-0.265415313340167,1.31065362183373,1.31054026996686));
#5994=CARTESIAN_POINT('Ctrl Pts',(-0.266181239018965,1.31056587426283,1.3112638341472));
#5995=CARTESIAN_POINT('Ctrl Pts',(-0.26786734189482,1.31034445088792,1.31266017768523));
#5996=CARTESIAN_POINT('Ctrl Pts',(-0.271278692380801,1.30983869211475,1.31472294330476));
#5997=CARTESIAN_POINT('Ctrl Pts',(-0.276210332771825,1.30908206829549,1.31685344154424));
#5998=CARTESIAN_POINT('Ctrl Pts',(-0.283957341994387,1.30796424542819,1.31910093623719));
#5999=CARTESIAN_POINT('Ctrl Pts',(-0.296137993467397,1.30644061508216,1.32141932822585));
#6000=CARTESIAN_POINT('Ctrl Pts',(-0.318057144125344,1.30475493128381,1.32294642722049));
#6001=CARTESIAN_POINT('Ctrl Pts',(-0.334464996766796,1.30465193463359,1.32148977383785));
#6002=CARTESIAN_POINT('Ctrl Pts',(-0.344271786122881,1.30465193463359,1.32016635205329));
#6003=CARTESIAN_POINT('',(-0.344392877609408,1.29625700144703,1.32106366137299));
#6004=CARTESIAN_POINT('Origin',(-0.339127630696302,1.29625700144703,1.28204725104413));
#6005=CARTESIAN_POINT('Ctrl Pts',(-0.344392877609408,1.29625700144703,1.32106366137299));
#6006=CARTESIAN_POINT('Ctrl Pts',(-0.343706380047283,1.29625700144703,1.32115630390826));
#6007=CARTESIAN_POINT('Ctrl Pts',(-0.343015185188025,1.29625700144703,1.32124850233321));
#6008=CARTESIAN_POINT('Ctrl Pts',(-0.34220335575168,1.29625700144703,1.3213549681399));
#6009=CARTESIAN_POINT('Ctrl Pts',(-0.341356906909294,1.29625700144703,1.32146597404187));
#6010=CARTESIAN_POINT('Ctrl Pts',(-0.340379582256164,1.29625700144703,1.32159246822825));
#6011=CARTESIAN_POINT('Ctrl Pts',(-0.339196946929746,1.29625700144703,1.3217413922028));
#6012=CARTESIAN_POINT('Ctrl Pts',(-0.337950502393704,1.29625700144703,1.32189835138558));
#6013=CARTESIAN_POINT('Ctrl Pts',(-0.336476337745396,1.29625700144703,1.32208016685636));
#6014=CARTESIAN_POINT('Ctrl Pts',(-0.334744657158745,1.29625700144703,1.32228488114581));
#6015=CARTESIAN_POINT('Ctrl Pts',(-0.332791949666395,1.29625700144703,1.32251572459921));
#6016=CARTESIAN_POINT('Ctrl Pts',(-0.330511857937571,1.29625700144703,1.32277553559364));
#6017=CARTESIAN_POINT('Ctrl Pts',(-0.327930495603124,1.29625700144703,1.32305034528994));
#6018=CARTESIAN_POINT('Ctrl Pts',(-0.324976791104857,1.29625700144703,1.32336479422463));
#6019=CARTESIAN_POINT('Ctrl Pts',(-0.32162962454996,1.29625700144703,1.3236982402782));
#6020=CARTESIAN_POINT('Ctrl Pts',(-0.318005865503899,1.29625700144703,1.32402224246057));
#6021=CARTESIAN_POINT('Ctrl Pts',(-0.313509072967599,1.29625700144703,1.32442430302169));
#6022=CARTESIAN_POINT('Ctrl Pts',(-0.308591110565747,1.29625700144703,1.32480987369619));
#6023=CARTESIAN_POINT('Ctrl Pts',(-0.303546065432579,1.29625700144703,1.32513631349656));
#6024=CARTESIAN_POINT('Ctrl Pts',(-0.299707687382857,1.29625700144703,1.32538467586622));
#6025=CARTESIAN_POINT('Ctrl Pts',(-0.295798630491056,1.29625700144703,1.32559922843327));
#6026=CARTESIAN_POINT('Ctrl Pts',(-0.291929901655729,1.29625700144703,1.3257731095863));
#6027=CARTESIAN_POINT('Ctrl Pts',(-0.288448698082765,1.29625700144703,1.32592957330266));
#6028=CARTESIAN_POINT('Ctrl Pts',(-0.285001164715778,1.29625700144703,1.32605341152764));
#6029=CARTESIAN_POINT('Ctrl Pts',(-0.281629550152692,1.29625700144703,1.32614602436442));
#6030=CARTESIAN_POINT('Ctrl Pts',(-0.278575851855347,1.29625700144703,1.326229904552));
#6031=CARTESIAN_POINT('Ctrl Pts',(-0.275584747043981,1.29625700144703,1.32628841532452));
#6032=CARTESIAN_POINT('Ctrl Pts',(-0.272646039845388,1.29625700144703,1.32632440531298));
#6033=CARTESIAN_POINT('Ctrl Pts',(-0.270210969636344,1.29625700144703,1.32635422732068));
#6034=CARTESIAN_POINT('Ctrl Pts',(-0.26781139677628,1.29625700144703,1.3263686875424));
#6035=CARTESIAN_POINT('Ctrl Pts',(-0.265414173912814,1.29625700144703,1.3263686875424));
#6036=CARTESIAN_POINT('Ctrl Pts',(-0.265415313340167,1.31065362183373,1.31054026996686));
#6037=CARTESIAN_POINT('Ctrl Pts',(-0.266181239018965,1.31056587426283,1.3112638341472));
#6038=CARTESIAN_POINT('Ctrl Pts',(-0.26786734189482,1.31034445088792,1.31266017768523));
#6039=CARTESIAN_POINT('Ctrl Pts',(-0.271278692380801,1.30983869211475,1.31472294330476));
#6040=CARTESIAN_POINT('Ctrl Pts',(-0.276210332771825,1.30908206829549,1.31685344154424));
#6041=CARTESIAN_POINT('Ctrl Pts',(-0.283957341994387,1.30796424542819,1.31910093623719));
#6042=CARTESIAN_POINT('Ctrl Pts',(-0.296137993467397,1.30644061508216,1.32141932822585));
#6043=CARTESIAN_POINT('Ctrl Pts',(-0.318057144125344,1.30475493128381,1.32294642722049));
#6044=CARTESIAN_POINT('Ctrl Pts',(-0.334464996766796,1.30465193463359,1.32148977383785));
#6045=CARTESIAN_POINT('Ctrl Pts',(-0.344271786122881,1.30465193463359,1.32016635205329));
#6046=CARTESIAN_POINT('Ctrl Pts',(-0.267736917935606,1.31056501029437,1.31127148181436));
#6047=CARTESIAN_POINT('Ctrl Pts',(-0.268529398215758,1.31049536165168,1.3119236388732));
#6048=CARTESIAN_POINT('Ctrl Pts',(-0.270306790889059,1.31030970549943,1.31320900119374));
#6049=CARTESIAN_POINT('Ctrl Pts',(-0.27396592372519,1.30984703591958,1.31515949769039));
#6050=CARTESIAN_POINT('Ctrl Pts',(-0.279252569801451,1.30912223326848,1.31720254314309));
#6051=CARTESIAN_POINT('Ctrl Pts',(-0.287367410548047,1.30804306629412,1.31934771668097));
#6052=CARTESIAN_POINT('Ctrl Pts',(-0.299820931745603,1.30660171545885,1.32152240856698));
#6053=CARTESIAN_POINT('Ctrl Pts',(-0.320849667518918,1.30512866562101,1.32267769046448));
#6054=CARTESIAN_POINT('Ctrl Pts',(-0.335214935234928,1.30515710091055,1.32127731769463));
#6055=CARTESIAN_POINT('Ctrl Pts',(-0.344251681924769,1.30534071169558,1.32001737639159));
#6056=CARTESIAN_POINT('Ctrl Pts',(-0.272939352755199,1.31066030521241,1.31258007451692));
#6057=CARTESIAN_POINT('Ctrl Pts',(-0.273838800746489,1.31060716834491,1.31314712622212));
#6058=CARTESIAN_POINT('Ctrl Pts',(-0.275889961542926,1.31045892781443,1.31428841446218));
#6059=CARTESIAN_POINT('Ctrl Pts',(-0.280113692046763,1.31004078577329,1.31606795825678));
#6060=CARTESIAN_POINT('Ctrl Pts',(-0.286097195718113,1.30933958017517,1.3179481308632));
#6061=CARTESIAN_POINT('Ctrl Pts',(-0.294779922188003,1.30830111733568,1.31988626964579));
#6062=CARTESIAN_POINT('Ctrl Pts',(-0.307503214231713,1.30702496799239,1.32165491267924));
#6063=CARTESIAN_POINT('Ctrl Pts',(-0.325470337670493,1.30595943911895,1.32212000307948));
#6064=CARTESIAN_POINT('Ctrl Pts',(-0.336780868256188,1.30625560086604,1.32080581098694));
#6065=CARTESIAN_POINT('Ctrl Pts',(-0.344206523888635,1.30671018820874,1.31968274736155));
#6066=CARTESIAN_POINT('Ctrl Pts',(-0.283419710905879,1.31191731737348,1.31449503762768));
#6067=CARTESIAN_POINT('Ctrl Pts',(-0.284602760904432,1.31184021177301,1.31498300470223));
#6068=CARTESIAN_POINT('Ctrl Pts',(-0.287286368469087,1.31159536005646,1.31599379809396));
#6069=CARTESIAN_POINT('Ctrl Pts',(-0.292552560006452,1.31094994866953,1.31758196937883));
#6070=CARTESIAN_POINT('Ctrl Pts',(-0.299348808905657,1.31007514010355,1.31915637661523));
#6071=CARTESIAN_POINT('Ctrl Pts',(-0.307931383949303,1.30908588314546,1.32055015390407));
#6072=CARTESIAN_POINT('Ctrl Pts',(-0.318729009969631,1.30813296324155,1.32142053155945));
#6073=CARTESIAN_POINT('Ctrl Pts',(-0.330476359640611,1.30758165813533,1.32120633771117));
#6074=CARTESIAN_POINT('Ctrl Pts',(-0.339010607930725,1.30815459392338,1.31995762605839));
#6075=CARTESIAN_POINT('Ctrl Pts',(-0.344124133336284,1.3087342437872,1.319072218805));
#6076=CARTESIAN_POINT('Ctrl Pts',(-0.302054852024271,1.31438701226505,1.31709576908119));
#6077=CARTESIAN_POINT('Ctrl Pts',(-0.303400920234344,1.31407597319488,1.31757132304134));
#6078=CARTESIAN_POINT('Ctrl Pts',(-0.306230502679748,1.31346592260318,1.31844262787213));
#6079=CARTESIAN_POINT('Ctrl Pts',(-0.310826956845029,1.31258868125136,1.31948659570219));
#6080=CARTESIAN_POINT('Ctrl Pts',(-0.315863730410545,1.31172181567041,1.32024182304337));
#6081=CARTESIAN_POINT('Ctrl Pts',(-0.321605360869728,1.31077855957123,1.32066843570881));
#6082=CARTESIAN_POINT('Ctrl Pts',(-0.328027897819417,1.30994226440172,1.32061165974719));
#6083=CARTESIAN_POINT('Ctrl Pts',(-0.335159354532405,1.30970451710989,1.31991556691104));
#6084=CARTESIAN_POINT('Ctrl Pts',(-0.341041630292542,1.31028689994123,1.31893673212798));
#6085=CARTESIAN_POINT('Ctrl Pts',(-0.344027326998489,1.31072230033564,1.31835486673013));
#6086=CARTESIAN_POINT('Ctrl Pts',(-0.314917516412276,1.31818324524834,1.31822355134788));
#6087=CARTESIAN_POINT('Ctrl Pts',(-0.31586898183864,1.31775264226942,1.31833695191056));
#6088=CARTESIAN_POINT('Ctrl Pts',(-0.317848865956488,1.31682016237479,1.31858635243199));
#6089=CARTESIAN_POINT('Ctrl Pts',(-0.321204717753309,1.31530042451692,1.31896545031725));
#6090=CARTESIAN_POINT('Ctrl Pts',(-0.325073492998803,1.31373018271215,1.31929514256526));
#6091=CARTESIAN_POINT('Ctrl Pts',(-0.329359986853984,1.31242790110424,1.31942956497193));
#6092=CARTESIAN_POINT('Ctrl Pts',(-0.333948239129778,1.31169492448899,1.31923649800385));
#6093=CARTESIAN_POINT('Ctrl Pts',(-0.338866499584877,1.31156097985616,1.31869213630175));
#6094=CARTESIAN_POINT('Ctrl Pts',(-0.342267282677718,1.31184900483662,1.31811334513647));
#6095=CARTESIAN_POINT('Ctrl Pts',(-0.343953365122169,1.31201984803775,1.31780679615284));
#6096=CARTESIAN_POINT('Ctrl Pts',(-0.323507596494645,1.32174637421406,1.31572174276851));
#6097=CARTESIAN_POINT('Ctrl Pts',(-0.324232878124642,1.32075793851047,1.31610438636033));
#6098=CARTESIAN_POINT('Ctrl Pts',(-0.325783687367857,1.31893684744693,1.31678549726293));
#6099=CARTESIAN_POINT('Ctrl Pts',(-0.328441151851824,1.31663489075401,1.31756493239042));
#6100=CARTESIAN_POINT('Ctrl Pts',(-0.331340913794671,1.31483104133921,1.31807582025033));
#6101=CARTESIAN_POINT('Ctrl Pts',(-0.334353079448399,1.31362024424754,1.31828589793479));
#6102=CARTESIAN_POINT('Ctrl Pts',(-0.337462850405454,1.31293786086483,1.31822478644032));
#6103=CARTESIAN_POINT('Ctrl Pts',(-0.340666539112619,1.31266492743272,1.31794582246607));
#6104=CARTESIAN_POINT('Ctrl Pts',(-0.342831981492078,1.31266073020661,1.31766172608906));
#6105=CARTESIAN_POINT('Ctrl Pts',(-0.343914081448859,1.31266073020661,1.31751569718971));
#6106=CARTESIAN_POINT('',(-0.323507596494645,1.32174637421406,1.31572174276851));
#6107=CARTESIAN_POINT('Ctrl Pts',(-0.265415313340167,1.31065362183373,1.31054026996686));
#6108=CARTESIAN_POINT('Ctrl Pts',(-0.267736917935606,1.31056501029437,1.31127148181436));
#6109=CARTESIAN_POINT('Ctrl Pts',(-0.272939352755199,1.31066030521241,1.31258007451692));
#6110=CARTESIAN_POINT('Ctrl Pts',(-0.283419710905879,1.31191731737348,1.31449503762768));
#6111=CARTESIAN_POINT('Ctrl Pts',(-0.302054852024271,1.31438701226505,1.31709576908119));
#6112=CARTESIAN_POINT('Ctrl Pts',(-0.314917516412276,1.31818324524834,1.31822355134788));
#6113=CARTESIAN_POINT('Ctrl Pts',(-0.323507596494645,1.32174637421406,1.31572174276851));
#6114=CARTESIAN_POINT('',(-0.343914081448859,1.31266073020661,1.31751569718971));
#6115=CARTESIAN_POINT('Ctrl Pts',(-0.323507596494645,1.32174637421406,1.31572174276851));
#6116=CARTESIAN_POINT('Ctrl Pts',(-0.324460951347092,1.32044711343677,1.31622471307677));
#6117=CARTESIAN_POINT('Ctrl Pts',(-0.325502943673444,1.31928068382043,1.3166555611878));
#6118=CARTESIAN_POINT('Ctrl Pts',(-0.326638062093668,1.31823906863134,1.31701603543201));
#6119=CARTESIAN_POINT('Ctrl Pts',(-0.327865515098282,1.31711272474447,1.31740583193805));
#6120=CARTESIAN_POINT('Ctrl Pts',(-0.329198925741182,1.31613496283053,1.31771230466956));
#6121=CARTESIAN_POINT('Ctrl Pts',(-0.330583063084885,1.31534847129095,1.31792007184376));
#6122=CARTESIAN_POINT('Ctrl Pts',(-0.331656366511145,1.31473860113031,1.31808118101471));
#6123=CARTESIAN_POINT('Ctrl Pts',(-0.332757386838658,1.31424668860802,1.31818193385909));
#6124=CARTESIAN_POINT('Ctrl Pts',(-0.333875239216538,1.31386817801206,1.31822521063416));
#6125=CARTESIAN_POINT('Ctrl Pts',(-0.335478694861731,1.31332523963858,1.31828728715756));
#6126=CARTESIAN_POINT('Ctrl Pts',(-0.337126984662612,1.31300778111795,1.31823353183576));
#6127=CARTESIAN_POINT('Ctrl Pts',(-0.338808922083423,1.3128398542589,1.31809910444149));
#6128=CARTESIAN_POINT('Ctrl Pts',(-0.340130885419149,1.31270786768914,1.31799344766475));
#6129=CARTESIAN_POINT('Ctrl Pts',(-0.341471783415583,1.31267018923829,1.31783727259216));
#6130=CARTESIAN_POINT('Ctrl Pts',(-0.342815765649993,1.31266277779199,1.31766191217476));
#6131=CARTESIAN_POINT('Ctrl Pts',(-0.343181735538966,1.31266075963571,1.31761416107297));
#6132=CARTESIAN_POINT('Ctrl Pts',(-0.343547933829637,1.31266073020661,1.31756510864518));
#6133=CARTESIAN_POINT('Ctrl Pts',(-0.343914081448859,1.31266073020661,1.31751569718971));
#6134=CARTESIAN_POINT('Origin',(-0.339127630696302,1.29625700144703,1.28204725104413));
#6135=CARTESIAN_POINT('Ctrl Pts',(-0.265415313340167,1.31065362183373,1.31054026996686));
#6136=CARTESIAN_POINT('Ctrl Pts',(-0.267736917935606,1.31056501029437,1.31127148181436));
#6137=CARTESIAN_POINT('Ctrl Pts',(-0.272939352755199,1.31066030521241,1.31258007451692));
#6138=CARTESIAN_POINT('Ctrl Pts',(-0.283419710905879,1.31191731737348,1.31449503762768));
#6139=CARTESIAN_POINT('Ctrl Pts',(-0.302054852024271,1.31438701226505,1.31709576908119));
#6140=CARTESIAN_POINT('Ctrl Pts',(-0.314917516412276,1.31818324524834,1.31822355134788));
#6141=CARTESIAN_POINT('Ctrl Pts',(-0.323507596494645,1.32174637421406,1.31572174276851));
#6142=CARTESIAN_POINT('Ctrl Pts',(-0.266947180298161,1.31065366672559,1.31054041782708));
#6143=CARTESIAN_POINT('Ctrl Pts',(-0.269211886817904,1.31065287288499,1.3112259353648));
#6144=CARTESIAN_POINT('Ctrl Pts',(-0.27431873355354,1.31089190560049,1.31248296046999));
#6145=CARTESIAN_POINT('Ctrl Pts',(-0.284646290632654,1.31234804177985,1.31435780414287));
#6146=CARTESIAN_POINT('Ctrl Pts',(-0.302629037354306,1.31502754791325,1.31691347050917));
#6147=CARTESIAN_POINT('Ctrl Pts',(-0.3146745488499,1.31890773015119,1.31790380509138));
#6148=CARTESIAN_POINT('Ctrl Pts',(-0.322782314864647,1.32273480991765,1.31533909917669));
#6149=CARTESIAN_POINT('Ctrl Pts',(-0.270011572568495,1.31082010699987,1.31048331172501));
#6150=CARTESIAN_POINT('Ctrl Pts',(-0.272176631852822,1.31097082559403,1.31109473255462));
#6151=CARTESIAN_POINT('Ctrl Pts',(-0.277100646588549,1.31147965849593,1.31226073473713));
#6152=CARTESIAN_POINT('Ctrl Pts',(-0.287099574361667,1.31334794949064,1.31406343789197));
#6153=CARTESIAN_POINT('Ctrl Pts',(-0.303653339032447,1.31641178517727,1.316506994567));
#6154=CARTESIAN_POINT('Ctrl Pts',(-0.314178186910022,1.32052175557644,1.31719184232014));
#6155=CARTESIAN_POINT('Ctrl Pts',(-0.321431404717481,1.32486713514732,1.31448980637807));
#6156=CARTESIAN_POINT('Ctrl Pts',(-0.274718055303225,1.31163227818748,1.31020635888195));
#6157=CARTESIAN_POINT('Ctrl Pts',(-0.276745433909953,1.31198423653078,1.31074136199496));
#6158=CARTESIAN_POINT('Ctrl Pts',(-0.281372111858339,1.31288814651575,1.31179997846768));
#6159=CARTESIAN_POINT('Ctrl Pts',(-0.290705304271017,1.31543017414735,1.31351839073014));
#6160=CARTESIAN_POINT('Ctrl Pts',(-0.304802224522845,1.31886863914104,1.31568461875948));
#6161=CARTESIAN_POINT('Ctrl Pts',(-0.313414884277274,1.32362172344283,1.315819008219));
#6162=CARTESIAN_POINT('Ctrl Pts',(-0.319757213105036,1.32835931505004,1.31304143820076));
#6163=CARTESIAN_POINT('Ctrl Pts',(-0.279591386791778,1.3132068852237,1.30967470665026));
#6164=CARTESIAN_POINT('Ctrl Pts',(-0.281463593044794,1.31376559204254,1.31015921564242));
#6165=CARTESIAN_POINT('Ctrl Pts',(-0.285730323182625,1.31510230049902,1.31113803991305));
#6166=CARTESIAN_POINT('Ctrl Pts',(-0.294105822458978,1.31827657526219,1.31277669364359));
#6167=CARTESIAN_POINT('Ctrl Pts',(-0.305590909706023,1.32191072608372,1.31453723793352));
#6168=CARTESIAN_POINT('Ctrl Pts',(-0.312763311762642,1.32736192008579,1.3141460796654));
#6169=CARTESIAN_POINT('Ctrl Pts',(-0.318512913033245,1.33190419070719,1.3115253366635));
#6170=CARTESIAN_POINT('Ctrl Pts',(-0.284597004336935,1.31600970667879,1.30874230181466));
#6171=CARTESIAN_POINT('Ctrl Pts',(-0.286268691847715,1.31678091913939,1.30920197587682));
#6172=CARTESIAN_POINT('Ctrl Pts',(-0.290073093790108,1.31858108025541,1.31013570415656));
#6173=CARTESIAN_POINT('Ctrl Pts',(-0.297157437120807,1.3220995887961,1.31166179160006));
#6174=CARTESIAN_POINT('Ctrl Pts',(-0.306077262315877,1.3259007519481,1.31296341772147));
#6175=CARTESIAN_POINT('Ctrl Pts',(-0.312498888778355,1.33143542706389,1.31228880483657));
#6176=CARTESIAN_POINT('Ctrl Pts',(-0.31769940828157,1.33545501594105,1.30996545917023));
#6177=CARTESIAN_POINT('Ctrl Pts',(-0.28961032138332,1.32080345009731,1.30711748915385));
#6178=CARTESIAN_POINT('Ctrl Pts',(-0.291056461849151,1.32180263229786,1.3075807303446));
#6179=CARTESIAN_POINT('Ctrl Pts',(-0.29419077791006,1.32399114207491,1.30849180502434));
#6180=CARTESIAN_POINT('Ctrl Pts',(-0.299705504936446,1.32712690861907,1.30998585155606));
#6181=CARTESIAN_POINT('Ctrl Pts',(-0.30657369023595,1.3308953053696,1.31108247808017));
#6182=CARTESIAN_POINT('Ctrl Pts',(-0.312728208897475,1.33608772172431,1.3101241436479));
#6183=CARTESIAN_POINT('Ctrl Pts',(-0.317231694601516,1.33905226949672,1.30835234362987));
#6184=CARTESIAN_POINT('Ctrl Pts',(-0.294056209053243,1.32940625777365,1.30419157961718));
#6185=CARTESIAN_POINT('Ctrl Pts',(-0.295057863687805,1.33021340698255,1.30476098225277));
#6186=CARTESIAN_POINT('Ctrl Pts',(-0.297239585299642,1.3316357092203,1.30594028288915));
#6187=CARTESIAN_POINT('Ctrl Pts',(-0.301637337509657,1.33382117832048,1.30773916894966));
#6188=CARTESIAN_POINT('Ctrl Pts',(-0.307653362620371,1.33774727499661,1.30853339998911));
#6189=CARTESIAN_POINT('Ctrl Pts',(-0.313533939719543,1.34099924935472,1.30779074799451));
#6190=CARTESIAN_POINT('Ctrl Pts',(-0.317047072099132,1.34243231401106,1.30681352703876));
#6191=CARTESIAN_POINT('Ctrl Pts',(-0.294619827519779,1.33679668161611,1.30091778075369));
#6192=CARTESIAN_POINT('Ctrl Pts',(-0.295716079082515,1.33730090177799,1.30179762295171));
#6193=CARTESIAN_POINT('Ctrl Pts',(-0.298245352776843,1.33846683529597,1.30353279766054));
#6194=CARTESIAN_POINT('Ctrl Pts',(-0.303274050650914,1.3407287547794,1.3055233749573));
#6195=CARTESIAN_POINT('Ctrl Pts',(-0.309567308480355,1.34290303974018,1.30655959250375));
#6196=CARTESIAN_POINT('Ctrl Pts',(-0.314480043709402,1.3440056506168,1.30632201966017));
#6197=CARTESIAN_POINT('Ctrl Pts',(-0.317048092220166,1.34443659198403,1.30589105490279));
#6198=CARTESIAN_POINT('Ctrl Pts',(-0.294622755182865,1.34220559774638,1.29843149745108));
#6199=CARTESIAN_POINT('Ctrl Pts',(-0.296118616111852,1.34278158379935,1.29968306246264));
#6200=CARTESIAN_POINT('Ctrl Pts',(-0.299395969214097,1.34380386192458,1.30190437932791));
#6201=CARTESIAN_POINT('Ctrl Pts',(-0.304959956739947,1.34488304235288,1.30424933969327));
#6202=CARTESIAN_POINT('Ctrl Pts',(-0.310935175760409,1.34546205630066,1.3055074840433));
#6203=CARTESIAN_POINT('Ctrl Pts',(-0.315023313199197,1.34549820580155,1.30558603360239));
#6204=CARTESIAN_POINT('Ctrl Pts',(-0.317050113154405,1.34542842929111,1.30543441562719));
#6205=CARTESIAN_POINT('',(-0.294622755182865,1.34220559774638,1.29843149745108));
#6206=CARTESIAN_POINT('Ctrl Pts',(-0.265415313340167,1.31065362183373,1.31054026996686));
#6207=CARTESIAN_POINT('Ctrl Pts',(-0.266947180298161,1.31065366672559,1.31054041782708));
#6208=CARTESIAN_POINT('Ctrl Pts',(-0.270011572568495,1.31082010699987,1.31048331172501));
#6209=CARTESIAN_POINT('Ctrl Pts',(-0.274718055303225,1.31163227818748,1.31020635888195));
#6210=CARTESIAN_POINT('Ctrl Pts',(-0.279591386791778,1.3132068852237,1.30967470665026));
#6211=CARTESIAN_POINT('Ctrl Pts',(-0.284597004336935,1.31600970667879,1.30874230181466));
#6212=CARTESIAN_POINT('Ctrl Pts',(-0.28961032138332,1.32080345009731,1.30711748915385));
#6213=CARTESIAN_POINT('Ctrl Pts',(-0.294056209053243,1.32940625777365,1.30419157961718));
#6214=CARTESIAN_POINT('Ctrl Pts',(-0.294619827519779,1.33679668161611,1.30091778075369));
#6215=CARTESIAN_POINT('Ctrl Pts',(-0.294622755182865,1.34220559774638,1.29843149745108));
#6216=CARTESIAN_POINT('',(-0.317050113154405,1.34542842929111,1.30543441562719));
#6217=CARTESIAN_POINT('Origin',(-0.314626772338011,1.33312563272143,1.27870156393482));
#6218=CARTESIAN_POINT('Ctrl Pts',(-0.317050113154406,1.34542842929111,1.30543441562719));
#6219=CARTESIAN_POINT('Ctrl Pts',(-0.317048480532686,1.34462716861749,1.30580331392428));
#6220=CARTESIAN_POINT('Ctrl Pts',(-0.317047438684421,1.34382173686675,1.306174074332));
#6221=CARTESIAN_POINT('Ctrl Pts',(-0.31706358910313,1.34297803571599,1.30656088932681));
#6222=CARTESIAN_POINT('Ctrl Pts',(-0.317082724304444,1.3419784089163,1.30701919216898));
#6223=CARTESIAN_POINT('Ctrl Pts',(-0.317125953076304,1.34092586816736,1.30749966685886));
#6224=CARTESIAN_POINT('Ctrl Pts',(-0.317209761428714,1.33982994593498,1.30799643176803));
#6225=CARTESIAN_POINT('Ctrl Pts',(-0.317324355056483,1.33833145920007,1.30867567305429));
#6226=CARTESIAN_POINT('Ctrl Pts',(-0.317514251978718,1.33675911639055,1.30938210394257));
#6227=CARTESIAN_POINT('Ctrl Pts',(-0.317805290383991,1.33519889496684,1.31007362301066));
#6228=CARTESIAN_POINT('Ctrl Pts',(-0.318015807345218,1.33407033919203,1.31057381985825));
#6229=CARTESIAN_POINT('Ctrl Pts',(-0.318278838857562,1.33295010685031,1.3110653370446));
#6230=CARTESIAN_POINT('Ctrl Pts',(-0.318605774846978,1.33183290291526,1.31154936413186));
#6231=CARTESIAN_POINT('Ctrl Pts',(-0.31896441229895,1.33060736890992,1.31208032507493));
#6232=CARTESIAN_POINT('Ctrl Pts',(-0.319401520464523,1.32937839033173,1.31260538901026));
#6233=CARTESIAN_POINT('Ctrl Pts',(-0.319915546063811,1.32816092206522,1.31311734865372));
#6234=CARTESIAN_POINT('Ctrl Pts',(-0.320654446122305,1.32641083923941,1.31385327894789));
#6235=CARTESIAN_POINT('Ctrl Pts',(-0.321549851557025,1.32469047214379,1.31455960699446));
#6236=CARTESIAN_POINT('Ctrl Pts',(-0.322563038823212,1.32311979995806,1.31518305095798));
#6237=CARTESIAN_POINT('Ctrl Pts',(-0.322867377175289,1.32264800584792,1.31537031930886));
#6238=CARTESIAN_POINT('Ctrl Pts',(-0.323182389337317,1.32218957634695,1.3155501701964));
#6239=CARTESIAN_POINT('Ctrl Pts',(-0.323507596494645,1.32174637421406,1.31572174276851));
#6240=CARTESIAN_POINT('Ctrl Pts',(-0.265415313340167,1.31065362183373,1.31054026996686));
#6241=CARTESIAN_POINT('Ctrl Pts',(-0.266947180298161,1.31065366672559,1.31054041782708));
#6242=CARTESIAN_POINT('Ctrl Pts',(-0.270011572568495,1.31082010699987,1.31048331172501));
#6243=CARTESIAN_POINT('Ctrl Pts',(-0.274718055303225,1.31163227818748,1.31020635888195));
#6244=CARTESIAN_POINT('Ctrl Pts',(-0.279591386791778,1.3132068852237,1.30967470665026));
#6245=CARTESIAN_POINT('Ctrl Pts',(-0.284597004336935,1.31600970667879,1.30874230181466));
#6246=CARTESIAN_POINT('Ctrl Pts',(-0.28961032138332,1.32080345009731,1.30711748915385));
#6247=CARTESIAN_POINT('Ctrl Pts',(-0.294056209053243,1.32940625777365,1.30419157961718));
#6248=CARTESIAN_POINT('Ctrl Pts',(-0.294619827519779,1.33679668161611,1.30091778075369));
#6249=CARTESIAN_POINT('Ctrl Pts',(-0.294622755182865,1.34220559774638,1.29843149745108));
#6250=CARTESIAN_POINT('Ctrl Pts',(-0.267736933697671,1.31074236944432,1.30980950629683));
#6251=CARTESIAN_POINT('Ctrl Pts',(-0.269104347041033,1.31082630879999,1.30979628994849));
#6252=CARTESIAN_POINT('Ctrl Pts',(-0.271867783667882,1.31113749704176,1.30971134613574));
#6253=CARTESIAN_POINT('Ctrl Pts',(-0.276152776786243,1.31214218035949,1.30937880121939));
#6254=CARTESIAN_POINT('Ctrl Pts',(-0.280588453048622,1.31391000277115,1.30876840616321));
#6255=CARTESIAN_POINT('Ctrl Pts',(-0.285100291540283,1.31689548944475,1.30772650008328));
#6256=CARTESIAN_POINT('Ctrl Pts',(-0.289596040006114,1.32184453483526,1.30597083237713));
#6257=CARTESIAN_POINT('Ctrl Pts',(-0.29331659903459,1.3301972964856,1.30298890021218));
#6258=CARTESIAN_POINT('Ctrl Pts',(-0.293523998528811,1.3370731712502,1.29967907447215));
#6259=CARTESIAN_POINT('Ctrl Pts',(-0.293126894253879,1.3416296116934,1.29717993243952));
#6260=CARTESIAN_POINT('Ctrl Pts',(-0.271952510415329,1.31123988273997,1.30815015881648));
#6261=CARTESIAN_POINT('Ctrl Pts',(-0.273076247541638,1.31145846706965,1.30809228944069));
#6262=CARTESIAN_POINT('Ctrl Pts',(-0.275361437866479,1.31202309219705,1.30791791964602));
#6263=CARTESIAN_POINT('Ctrl Pts',(-0.278892262835476,1.31340105426412,1.30743948214213));
#6264=CARTESIAN_POINT('Ctrl Pts',(-0.282484892957114,1.31555236930346,1.3066520226184));
#6265=CARTESIAN_POINT('Ctrl Pts',(-0.286043670490566,1.31887141652728,1.30538619074634));
#6266=CARTESIAN_POINT('Ctrl Pts',(-0.289451603531145,1.32399264165059,1.30343599716454));
#6267=CARTESIAN_POINT('Ctrl Pts',(-0.291773361327853,1.33167286083618,1.30035864112941));
#6268=CARTESIAN_POINT('Ctrl Pts',(-0.291260691327135,1.33729704813747,1.29698726169103));
#6269=CARTESIAN_POINT('Ctrl Pts',(-0.290420908380589,1.34034798593739,1.29439507689333));
#6270=CARTESIAN_POINT('Ctrl Pts',(-0.277614763907047,1.31290188248213,1.30451584791218));
#6271=CARTESIAN_POINT('Ctrl Pts',(-0.27841528473947,1.31332829696069,1.30438203271681));
#6272=CARTESIAN_POINT('Ctrl Pts',(-0.280022738451112,1.31430637144436,1.30403691960847));
#6273=CARTESIAN_POINT('Ctrl Pts',(-0.282404793155145,1.3162627210359,1.30321108446483));
#6274=CARTESIAN_POINT('Ctrl Pts',(-0.28469507702666,1.3188929181318,1.30201634695657));
#6275=CARTESIAN_POINT('Ctrl Pts',(-0.286832742878985,1.32249008638996,1.30042498425357));
#6276=CARTESIAN_POINT('Ctrl Pts',(-0.288648720159707,1.32747551951307,1.29835996605171));
#6277=CARTESIAN_POINT('Ctrl Pts',(-0.289177464899553,1.33314412828583,1.2954165121938));
#6278=CARTESIAN_POINT('Ctrl Pts',(-0.288104984576651,1.33644313798717,1.29211199668715));
#6279=CARTESIAN_POINT('Ctrl Pts',(-0.287391607758439,1.33811829317668,1.28955015845922));
#6280=CARTESIAN_POINT('Ctrl Pts',(-0.283916480707676,1.31705131474823,1.29653781968105));
#6281=CARTESIAN_POINT('Ctrl Pts',(-0.284306073226885,1.31758654496024,1.29625750737052));
#6282=CARTESIAN_POINT('Ctrl Pts',(-0.285033082253326,1.31876213993203,1.2956803697852));
#6283=CARTESIAN_POINT('Ctrl Pts',(-0.285952513371493,1.32096581669872,1.29482725738205));
#6284=CARTESIAN_POINT('Ctrl Pts',(-0.286688406069719,1.32370037209836,1.29399136161944));
#6285=CARTESIAN_POINT('Ctrl Pts',(-0.28714046918422,1.3269023218097,1.29304594867709));
#6286=CARTESIAN_POINT('Ctrl Pts',(-0.287025698501678,1.33013309778715,1.29161856516832));
#6287=CARTESIAN_POINT('Ctrl Pts',(-0.286285067884753,1.33292023019359,1.28910105653239));
#6288=CARTESIAN_POINT('Ctrl Pts',(-0.285746067126756,1.33480345187024,1.28613083165071));
#6289=CARTESIAN_POINT('Ctrl Pts',(-0.285520905572604,1.33567620997568,1.28424373502426));
#6290=CARTESIAN_POINT('Ctrl Pts',(-0.285099213282893,1.31979732758661,1.28724015137257));
#6291=CARTESIAN_POINT('Ctrl Pts',(-0.285099213282893,1.32048330048654,1.2873418092149));
#6292=CARTESIAN_POINT('Ctrl Pts',(-0.285099213282893,1.32187963543305,1.28748159342979));
#6293=CARTESIAN_POINT('Ctrl Pts',(-0.285099213282893,1.32395461347729,1.28743391852021));
#6294=CARTESIAN_POINT('Ctrl Pts',(-0.285099213282893,1.32599168863536,1.28705688611695));
#6295=CARTESIAN_POINT('Ctrl Pts',(-0.285099213282893,1.32803656227574,1.28625850500075));
#6296=CARTESIAN_POINT('Ctrl Pts',(-0.285099213282893,1.33008719180215,1.28494670694262));
#6297=CARTESIAN_POINT('Ctrl Pts',(-0.285099213282893,1.33208097926888,1.28306118075149));
#6298=CARTESIAN_POINT('Ctrl Pts',(-0.285099213282893,1.33335848219177,1.28142986725379));
#6299=CARTESIAN_POINT('Ctrl Pts',(-0.285099213282893,1.33397583506139,1.28054897585731));
#6300=CARTESIAN_POINT('Ctrl Pts',(-0.285099213282893,1.32134155604436,1.27896922513979));
#6301=CARTESIAN_POINT('Ctrl Pts',(-0.285099213282893,1.32183963029259,1.27928772427601));
#6302=CARTESIAN_POINT('Ctrl Pts',(-0.285099213282893,1.32289461521485,1.27983605620674));
#6303=CARTESIAN_POINT('Ctrl Pts',(-0.285099213282893,1.32458644458577,1.28035821862815));
#6304=CARTESIAN_POINT('Ctrl Pts',(-0.285099213282893,1.32633301422956,1.28056301102491));
#6305=CARTESIAN_POINT('Ctrl Pts',(-0.285099213282893,1.3280910905259,1.28045664001331));
#6306=CARTESIAN_POINT('Ctrl Pts',(-0.285099213282893,1.32981204043957,1.28006994629482));
#6307=CARTESIAN_POINT('Ctrl Pts',(-0.285099213282893,1.33148219017077,1.27945640809475));
#6308=CARTESIAN_POINT('Ctrl Pts',(-0.285099213282893,1.33257769552734,1.27895373156398));
#6309=CARTESIAN_POINT('Ctrl Pts',(-0.285099213282893,1.33312563272143,1.27870156393482));
#6310=CARTESIAN_POINT('',(-0.285099213282893,1.32134155604436,1.27896922513979));
#6311=CARTESIAN_POINT('Ctrl Pts',(-0.265415313340167,1.31065362183373,1.31054026996686));
#6312=CARTESIAN_POINT('Ctrl Pts',(-0.267736933697671,1.31074236944432,1.30980950629683));
#6313=CARTESIAN_POINT('Ctrl Pts',(-0.271952510415329,1.31123988273997,1.30815015881648));
#6314=CARTESIAN_POINT('Ctrl Pts',(-0.277614763907047,1.31290188248213,1.30451584791218));
#6315=CARTESIAN_POINT('Ctrl Pts',(-0.283916480707676,1.31705131474823,1.29653781968105));
#6316=CARTESIAN_POINT('Ctrl Pts',(-0.285099213282893,1.31979732758661,1.28724015137257));
#6317=CARTESIAN_POINT('Ctrl Pts',(-0.285099213282893,1.32134155604436,1.27896922513979));
#6318=CARTESIAN_POINT('',(-0.285099213282893,1.33312563272143,1.27870156393482));
#6319=CARTESIAN_POINT('Ctrl Pts',(-0.285099213282893,1.32134155604436,1.27896922513979));
#6320=CARTESIAN_POINT('Ctrl Pts',(-0.285099213282893,1.32230952105128,1.27958820116533));
#6321=CARTESIAN_POINT('Ctrl Pts',(-0.285099213282893,1.32338682713197,1.28003725078218));
#6322=CARTESIAN_POINT('Ctrl Pts',(-0.285099213282893,1.32449838268527,1.28028425286648));
#6323=CARTESIAN_POINT('Ctrl Pts',(-0.285099213282893,1.32557241102352,1.28052291591608));
#6324=CARTESIAN_POINT('Ctrl Pts',(-0.285099213282893,1.3266805929825,1.28057228372194));
#6325=CARTESIAN_POINT('Ctrl Pts',(-0.285099213282893,1.32777328176931,1.28044951255386));
#6326=CARTESIAN_POINT('Ctrl Pts',(-0.285099213282893,1.3287158602931,1.28034360731554));
#6327=CARTESIAN_POINT('Ctrl Pts',(-0.285099213282893,1.32964208662405,1.28011032912811));
#6328=CARTESIAN_POINT('Ctrl Pts',(-0.285099213282893,1.33054682342323,1.27979083904269));
#6329=CARTESIAN_POINT('Ctrl Pts',(-0.285099213282893,1.3314175500648,1.27948335897849));
#6330=CARTESIAN_POINT('Ctrl Pts',(-0.285099213282893,1.33227142882155,1.27909467937683));
#6331=CARTESIAN_POINT('Ctrl Pts',(-0.285099213282893,1.33312563272143,1.27870156393482));
#6332=CARTESIAN_POINT('Origin',(-0.314626772338011,1.33312563272143,1.27870156393482));
#6333=CARTESIAN_POINT('Ctrl Pts',(-0.265415313340167,1.31065362183373,1.31054026996686));
#6334=CARTESIAN_POINT('Ctrl Pts',(-0.267736933697671,1.31074236944432,1.30980950629683));
#6335=CARTESIAN_POINT('Ctrl Pts',(-0.271952510415329,1.31123988273997,1.30815015881648));
#6336=CARTESIAN_POINT('Ctrl Pts',(-0.277614763907047,1.31290188248213,1.30451584791218));
#6337=CARTESIAN_POINT('Ctrl Pts',(-0.283916480707676,1.31705131474823,1.29653781968105));
#6338=CARTESIAN_POINT('Ctrl Pts',(-0.285099213282893,1.31979732758661,1.28724015137257));
#6339=CARTESIAN_POINT('Ctrl Pts',(-0.285099213282893,1.32134155604436,1.27896922513979));
#6340=CARTESIAN_POINT('Ctrl Pts',(-0.266308911499229,1.31075604637362,1.30969628426006));
#6341=CARTESIAN_POINT('Ctrl Pts',(-0.268410549003291,1.31085340757138,1.3089852436444));
#6342=CARTESIAN_POINT('Ctrl Pts',(-0.272343981705486,1.31135717360977,1.3073355627695));
#6343=CARTESIAN_POINT('Ctrl Pts',(-0.27779976505465,1.31295833995625,1.3036013498373));
#6344=CARTESIAN_POINT('Ctrl Pts',(-0.283919155127378,1.31697167216452,1.29557535122706));
#6345=CARTESIAN_POINT('Ctrl Pts',(-0.285099213282893,1.31914561932265,1.28632568030871));
#6346=CARTESIAN_POINT('Ctrl Pts',(-0.285099213282893,1.32076046942143,1.27859764281421));
#6347=CARTESIAN_POINT('Ctrl Pts',(-0.267885191368944,1.31089808479512,1.30793743519831));
#6348=CARTESIAN_POINT('Ctrl Pts',(-0.269666294834528,1.311017735184,1.30724365519884));
#6349=CARTESIAN_POINT('Ctrl Pts',(-0.273148725415976,1.31153179739723,1.30558213497068));
#6350=CARTESIAN_POINT('Ctrl Pts',(-0.278277701921594,1.31303740406659,1.3016107422757));
#6351=CARTESIAN_POINT('Ctrl Pts',(-0.283983619070245,1.31665569959538,1.29352747266018));
#6352=CARTESIAN_POINT('Ctrl Pts',(-0.285099213282893,1.31794123343223,1.28447721310102));
#6353=CARTESIAN_POINT('Ctrl Pts',(-0.285099213282893,1.31967863766464,1.27773362244015));
#6354=CARTESIAN_POINT('Ctrl Pts',(-0.270041786182602,1.31091621309245,1.30485481328126));
#6355=CARTESIAN_POINT('Ctrl Pts',(-0.271547616397404,1.311066173489,1.30412549081796));
#6356=CARTESIAN_POINT('Ctrl Pts',(-0.274600375686889,1.3115731039658,1.30233771160003));
#6357=CARTESIAN_POINT('Ctrl Pts',(-0.279395731198955,1.31297820400098,1.29793708209632));
#6358=CARTESIAN_POINT('Ctrl Pts',(-0.284111740549541,1.3156470061132,1.2899687151134));
#6359=CARTESIAN_POINT('Ctrl Pts',(-0.285099213282893,1.31657418803146,1.2815736889925));
#6360=CARTESIAN_POINT('Ctrl Pts',(-0.285099213282893,1.31837509075001,1.27613349189554));
#6361=CARTESIAN_POINT('Ctrl Pts',(-0.27245084569151,1.31064810462839,1.30083895077871));
#6362=CARTESIAN_POINT('Ctrl Pts',(-0.273790485822614,1.31082401054971,1.30003781840668));
#6363=CARTESIAN_POINT('Ctrl Pts',(-0.276568635791579,1.31131527446869,1.29805486211154));
#6364=CARTESIAN_POINT('Ctrl Pts',(-0.280834617734044,1.31256508317169,1.29329229323772));
#6365=CARTESIAN_POINT('Ctrl Pts',(-0.284243822134641,1.31428782801863,1.2857013124202));
#6366=CARTESIAN_POINT('Ctrl Pts',(-0.285099213282893,1.31563728536594,1.27846178806587));
#6367=CARTESIAN_POINT('Ctrl Pts',(-0.285099213282893,1.31743717852592,1.274299226826));
#6368=CARTESIAN_POINT('Ctrl Pts',(-0.275522118320654,1.30996323919214,1.29531686625779));
#6369=CARTESIAN_POINT('Ctrl Pts',(-0.276790297319594,1.31014298980814,1.29432667415055));
#6370=CARTESIAN_POINT('Ctrl Pts',(-0.279300253545951,1.31058365686341,1.29188651344681));
#6371=CARTESIAN_POINT('Ctrl Pts',(-0.282376793765287,1.31162853248623,1.28713011496037));
#6372=CARTESIAN_POINT('Ctrl Pts',(-0.284441023455593,1.31313511672196,1.28050840730126));
#6373=CARTESIAN_POINT('Ctrl Pts',(-0.285099213282893,1.31516376300279,1.2751260241266));
#6374=CARTESIAN_POINT('Ctrl Pts',(-0.285099213282893,1.31688135529901,1.27232308872091));
#6375=CARTESIAN_POINT('Ctrl Pts',(-0.280563663778527,1.30849929312483,1.2852012006289));
#6376=CARTESIAN_POINT('Ctrl Pts',(-0.281256612541658,1.3087690451272,1.28428987076847));
#6377=CARTESIAN_POINT('Ctrl Pts',(-0.282349745764555,1.30940221956285,1.28246396400469));
#6378=CARTESIAN_POINT('Ctrl Pts',(-0.28360194581981,1.31079696377459,1.2789897673091));
#6379=CARTESIAN_POINT('Ctrl Pts',(-0.28464959850225,1.31297238747387,1.27470220106122));
#6380=CARTESIAN_POINT('Ctrl Pts',(-0.285099213282893,1.31524318508933,1.2716426860585));
#6381=CARTESIAN_POINT('Ctrl Pts',(-0.285099213282893,1.31666308010499,1.27026383850592));
#6382=CARTESIAN_POINT('Ctrl Pts',(-0.28163984455675,1.30830891693369,1.27591493650486));
#6383=CARTESIAN_POINT('Ctrl Pts',(-0.282016459656822,1.30868553203376,1.27536839298903));
#6384=CARTESIAN_POINT('Ctrl Pts',(-0.282815734485954,1.30956602443194,1.27408950196159));
#6385=CARTESIAN_POINT('Ctrl Pts',(-0.283969257237703,1.31138430300683,1.27209251817365));
#6386=CARTESIAN_POINT('Ctrl Pts',(-0.284852097863807,1.31374282678536,1.27030447066249));
#6387=CARTESIAN_POINT('Ctrl Pts',(-0.285099213282893,1.31564712663514,1.26929113667082));
#6388=CARTESIAN_POINT('Ctrl Pts',(-0.285099213282893,1.31666057182959,1.26885745265946));
#6389=CARTESIAN_POINT('Ctrl Pts',(-0.28163984455675,1.30830891693369,1.26815374501004));
#6390=CARTESIAN_POINT('Ctrl Pts',(-0.282186459091464,1.3088555314684,1.26815374501004));
#6391=CARTESIAN_POINT('Ctrl Pts',(-0.283171999680342,1.31005641783038,1.26815374501004));
#6392=CARTESIAN_POINT('Ctrl Pts',(-0.284270493838199,1.31211155249323,1.26815374501004));
#6393=CARTESIAN_POINT('Ctrl Pts',(-0.284946940826437,1.31434150481769,1.26815374501004));
#6394=CARTESIAN_POINT('Ctrl Pts',(-0.285099213282893,1.31588754214121,1.26815374501004));
#6395=CARTESIAN_POINT('Ctrl Pts',(-0.285099213282893,1.31666057182959,1.26815374501004));
#6396=CARTESIAN_POINT('',(-0.28163984455675,1.30830891693369,1.26815374501004));
#6397=CARTESIAN_POINT('Ctrl Pts',(-0.265415313340167,1.31065362183373,1.31054026996686));
#6398=CARTESIAN_POINT('Ctrl Pts',(-0.266308911499229,1.31075604637362,1.30969628426006));
#6399=CARTESIAN_POINT('Ctrl Pts',(-0.267885191368944,1.31089808479512,1.30793743519831));
#6400=CARTESIAN_POINT('Ctrl Pts',(-0.270041786182602,1.31091621309245,1.30485481328126));
#6401=CARTESIAN_POINT('Ctrl Pts',(-0.27245084569151,1.31064810462839,1.30083895077871));
#6402=CARTESIAN_POINT('Ctrl Pts',(-0.275522118320654,1.30996323919214,1.29531686625779));
#6403=CARTESIAN_POINT('Ctrl Pts',(-0.280563663778527,1.30849929312483,1.2852012006289));
#6404=CARTESIAN_POINT('Ctrl Pts',(-0.28163984455675,1.30830891693369,1.27591493650486));
#6405=CARTESIAN_POINT('Ctrl Pts',(-0.28163984455675,1.30830891693369,1.26815374501004));
#6406=CARTESIAN_POINT('',(-0.285099213282893,1.31666057182959,1.26815374501004));
#6407=CARTESIAN_POINT('Origin',(-0.273288189660846,1.31666057182959,1.26815374501004));
#6408=CARTESIAN_POINT('Ctrl Pts',(-0.285099213282893,1.31666057182959,1.26815374501004));
#6409=CARTESIAN_POINT('Ctrl Pts',(-0.285099213282893,1.31666057182959,1.26911865322898));
#6410=CARTESIAN_POINT('Ctrl Pts',(-0.285099213282893,1.31666486778899,1.27008221128217));
#6411=CARTESIAN_POINT('Ctrl Pts',(-0.285099213282893,1.31675569638469,1.27102538787803));
#6412=CARTESIAN_POINT('Ctrl Pts',(-0.285099213282893,1.3168497704889,1.27200226627938));
#6413=CARTESIAN_POINT('Ctrl Pts',(-0.285099213282893,1.31703653818024,1.27295934374759));
#6414=CARTESIAN_POINT('Ctrl Pts',(-0.285099213282893,1.3173531477846,1.27387493309628));
#6415=CARTESIAN_POINT('Ctrl Pts',(-0.285099213282893,1.31773684119315,1.27498451913917));
#6416=CARTESIAN_POINT('Ctrl Pts',(-0.285099213282893,1.31831023684095,1.27603107563593));
#6417=CARTESIAN_POINT('Ctrl Pts',(-0.285099213282893,1.31905720083828,1.27694213832993));
#6418=CARTESIAN_POINT('Ctrl Pts',(-0.285099213282893,1.31970281781547,1.2777295893244));
#6419=CARTESIAN_POINT('Ctrl Pts',(-0.285099213282893,1.32047715033012,1.27841647125961));
#6420=CARTESIAN_POINT('Ctrl Pts',(-0.285099213282893,1.32134155604436,1.27896922513979));
#6421=CARTESIAN_POINT('Ctrl Pts',(-0.265415313340167,1.31065362183373,1.31054026996686));
#6422=CARTESIAN_POINT('Ctrl Pts',(-0.266308911499229,1.31075604637362,1.30969628426006));
#6423=CARTESIAN_POINT('Ctrl Pts',(-0.267885191368944,1.31089808479512,1.30793743519831));
#6424=CARTESIAN_POINT('Ctrl Pts',(-0.270041786182602,1.31091621309245,1.30485481328126));
#6425=CARTESIAN_POINT('Ctrl Pts',(-0.27245084569151,1.31064810462839,1.30083895077871));
#6426=CARTESIAN_POINT('Ctrl Pts',(-0.275522118320654,1.30996323919214,1.29531686625779));
#6427=CARTESIAN_POINT('Ctrl Pts',(-0.280563663778527,1.30849929312483,1.2852012006289));
#6428=CARTESIAN_POINT('Ctrl Pts',(-0.28163984455675,1.30830891693369,1.27591493650486));
#6429=CARTESIAN_POINT('Ctrl Pts',(-0.28163984455675,1.30830891693369,1.26815374501004));
#6430=CARTESIAN_POINT('Ctrl Pts',(-0.265415329102232,1.31083098098368,1.30907829444932));
#6431=CARTESIAN_POINT('Ctrl Pts',(-0.266211604748805,1.31085443455343,1.30827552792178));
#6432=CARTESIAN_POINT('Ctrl Pts',(-0.267680346267047,1.31085766279087,1.30658060330594));
#6433=CARTESIAN_POINT('Ctrl Pts',(-0.269817819410817,1.31069266267892,1.30355176581046));
#6434=CARTESIAN_POINT('Ctrl Pts',(-0.272283385747586,1.3102629310057,1.29957470452497));
#6435=CARTESIAN_POINT('Ctrl Pts',(-0.275500432404965,1.30943078884897,1.29403351599084));
#6436=CARTESIAN_POINT('Ctrl Pts',(-0.280433497820636,1.30808219702,1.28411979011856));
#6437=CARTESIAN_POINT('Ctrl Pts',(-0.281263229456678,1.30793230183362,1.27534124852099));
#6438=CARTESIAN_POINT('Ctrl Pts',(-0.281093230022036,1.30776230239897,1.26815374501004));
#6439=CARTESIAN_POINT('Ctrl Pts',(-0.265415296079169,1.3108290028037,1.3059645330943));
#6440=CARTESIAN_POINT('Ctrl Pts',(-0.266076035899155,1.31073355133146,1.30521738760479));
#6441=CARTESIAN_POINT('Ctrl Pts',(-0.267380059655324,1.31051339384334,1.30361968781262));
#6442=CARTESIAN_POINT('Ctrl Pts',(-0.269513413112337,1.3100359279192,1.30068682711103));
#6443=CARTESIAN_POINT('Ctrl Pts',(-0.272115265677356,1.30933132816639,1.29678078318504));
#6444=CARTESIAN_POINT('Ctrl Pts',(-0.275627470644858,1.30832932936089,1.29116100723263));
#6445=CARTESIAN_POINT('Ctrl Pts',(-0.280046941697777,1.30736127732328,1.28196594940368));
#6446=CARTESIAN_POINT('Ctrl Pts',(-0.280382737058496,1.30713302700449,1.27402721608689));
#6447=CARTESIAN_POINT('Ctrl Pts',(-0.279892343660061,1.3067767618101,1.26815374501004));
#6448=CARTESIAN_POINT('Ctrl Pts',(-0.265415495066976,1.30966086148014,1.30037990002622));
#6449=CARTESIAN_POINT('Ctrl Pts',(-0.266049666645975,1.30945012538693,1.2996955157472));
#6450=CARTESIAN_POINT('Ctrl Pts',(-0.267367968074645,1.30900936208831,1.29816170061739));
#6451=CARTESIAN_POINT('Ctrl Pts',(-0.269594779900266,1.30827532719628,1.29519663255082));
#6452=CARTESIAN_POINT('Ctrl Pts',(-0.272311599113308,1.30750090623192,1.29132060642809));
#6453=CARTESIAN_POINT('Ctrl Pts',(-0.275817042956334,1.30680989667457,1.28587194599185));
#6454=CARTESIAN_POINT('Ctrl Pts',(-0.278942535790798,1.30635695723535,1.2782012144179));
#6455=CARTESIAN_POINT('Ctrl Pts',(-0.278564458483612,1.30597950425274,1.2720803854449));
#6456=CARTESIAN_POINT('Ctrl Pts',(-0.277837208997212,1.30567826765224,1.26815374501004));
#6457=CARTESIAN_POINT('Ctrl Pts',(-0.265416987515649,1.30687960515925,1.29103366228473));
#6458=CARTESIAN_POINT('Ctrl Pts',(-0.265980098518896,1.30669815175264,1.29035229530319));
#6459=CARTESIAN_POINT('Ctrl Pts',(-0.267242722074313,1.30636744057524,1.28895284140999));
#6460=CARTESIAN_POINT('Ctrl Pts',(-0.269799371248081,1.30599079122345,1.28647480210581));
#6461=CARTESIAN_POINT('Ctrl Pts',(-0.27290868815146,1.30573898480955,1.28327799225054));
#6462=CARTESIAN_POINT('Ctrl Pts',(-0.275751568329315,1.30556006806638,1.27892113122305));
#6463=CARTESIAN_POINT('Ctrl Pts',(-0.276927130893991,1.30531906355146,1.27431029906497));
#6464=CARTESIAN_POINT('Ctrl Pts',(-0.276205934705081,1.30509666362663,1.27035188875205));
#6465=CARTESIAN_POINT('Ctrl Pts',(-0.275607256672746,1.305001820664,1.26815374501004));
#6466=CARTESIAN_POINT('Ctrl Pts',(-0.265418046730871,1.30484954820755,1.28186752265501));
#6467=CARTESIAN_POINT('Ctrl Pts',(-0.266453147211197,1.30484954820755,1.28153273950217));
#6468=CARTESIAN_POINT('Ctrl Pts',(-0.268477112115469,1.30484954820755,1.28062538382764));
#6469=CARTESIAN_POINT('Ctrl Pts',(-0.271007103481281,1.30484954820755,1.27883926172673));
#6470=CARTESIAN_POINT('Ctrl Pts',(-0.272988234902412,1.30484954820755,1.2767098884261));
#6471=CARTESIAN_POINT('Ctrl Pts',(-0.274348722464473,1.30484954820755,1.27428795712357));
#6472=CARTESIAN_POINT('Ctrl Pts',(-0.274696898442629,1.30484954820755,1.27168856826543));
#6473=CARTESIAN_POINT('Ctrl Pts',(-0.274301634855296,1.30484954820755,1.26934592755518));
#6474=CARTESIAN_POINT('Ctrl Pts',(-0.274061219349229,1.30484954820755,1.26815374501004));
#6475=CARTESIAN_POINT('Ctrl Pts',(-0.265418046730871,1.30484954820755,1.27487530353346));
#6476=CARTESIAN_POINT('Ctrl Pts',(-0.266243629071177,1.30484954820755,1.27487835913967));
#6477=CARTESIAN_POINT('Ctrl Pts',(-0.267882765462789,1.30484954820755,1.27477368196778));
#6478=CARTESIAN_POINT('Ctrl Pts',(-0.270045489483586,1.30484954820755,1.27422458922584));
#6479=CARTESIAN_POINT('Ctrl Pts',(-0.271765682012385,1.30484954820755,1.27323717151051));
#6480=CARTESIAN_POINT('Ctrl Pts',(-0.272857105222227,1.30484954820755,1.27198140853889));
#6481=CARTESIAN_POINT('Ctrl Pts',(-0.273284518608432,1.30484954820755,1.2703620073062));
#6482=CARTESIAN_POINT('Ctrl Pts',(-0.273288189660846,1.30484954820755,1.26890046417015));
#6483=CARTESIAN_POINT('Ctrl Pts',(-0.273288189660846,1.30484954820755,1.26815374501004));
#6484=CARTESIAN_POINT('',(-0.265418046730871,1.30484954820755,1.27487530353346));
#6485=CARTESIAN_POINT('Ctrl Pts',(-0.265415313340168,1.31065362183593,1.31054026994874));
#6486=CARTESIAN_POINT('Ctrl Pts',(-0.265415329102232,1.31083098098367,1.30907829443646));
#6487=CARTESIAN_POINT('Ctrl Pts',(-0.26541529607917,1.3108290028021,1.30596453308661));
#6488=CARTESIAN_POINT('Ctrl Pts',(-0.265415495066976,1.30966086148014,1.30037990002622));
#6489=CARTESIAN_POINT('Ctrl Pts',(-0.265416987515649,1.30687960515925,1.29103366228473));
#6490=CARTESIAN_POINT('Ctrl Pts',(-0.265418046730871,1.30484954820755,1.28186752265501));
#6491=CARTESIAN_POINT('Ctrl Pts',(-0.265418046730871,1.30484954820755,1.27487530353346));
#6492=CARTESIAN_POINT('',(-0.273288189660846,1.30484954820755,1.26815374501004));
#6493=CARTESIAN_POINT('Ctrl Pts',(-0.265418046730871,1.30484954820755,1.27487530353346));
#6494=CARTESIAN_POINT('Ctrl Pts',(-0.266446317044755,1.30484954820755,1.27487910931879));
#6495=CARTESIAN_POINT('Ctrl Pts',(-0.26746385238999,1.30484954820755,1.27479694830191));
#6496=CARTESIAN_POINT('Ctrl Pts',(-0.268391551755637,1.30484954820755,1.27460975020404));
#6497=CARTESIAN_POINT('Ctrl Pts',(-0.269257163816263,1.30484954820755,1.27443508054569));
#6498=CARTESIAN_POINT('Ctrl Pts',(-0.270047798066516,1.30484954820755,1.27416580940324));
#6499=CARTESIAN_POINT('Ctrl Pts',(-0.270723453676541,1.30484954820755,1.27380571200021));
#6500=CARTESIAN_POINT('Ctrl Pts',(-0.271279055623713,1.30484954820755,1.27350959839539));
#6501=CARTESIAN_POINT('Ctrl Pts',(-0.271756421234111,1.30484954820755,1.27315517245657));
#6502=CARTESIAN_POINT('Ctrl Pts',(-0.272131297271691,1.30484954820755,1.27276369320565));
#6503=CARTESIAN_POINT('Ctrl Pts',(-0.272546661936747,1.30484954820755,1.27232993209095));
#6504=CARTESIAN_POINT('Ctrl Pts',(-0.272834182203475,1.30484954820755,1.27184867611503));
#6505=CARTESIAN_POINT('Ctrl Pts',(-0.273011230328482,1.30484954820755,1.27128014010722));
#6506=CARTESIAN_POINT('Ctrl Pts',(-0.273143219009489,1.30484954820755,1.27085629874898));
#6507=CARTESIAN_POINT('Ctrl Pts',(-0.273215169137685,1.30484954820755,1.27038107333317));
#6508=CARTESIAN_POINT('Ctrl Pts',(-0.273251351564073,1.30484954820755,1.26985284125559));
#6509=CARTESIAN_POINT('Ctrl Pts',(-0.273285084206931,1.30484954820755,1.26936037389511));
#6510=CARTESIAN_POINT('Ctrl Pts',(-0.27328801855784,1.30484954820755,1.26882049320831));
#6511=CARTESIAN_POINT('Ctrl Pts',(-0.273288178258839,1.30484954820755,1.26827130523274));
#6512=CARTESIAN_POINT('Ctrl Pts',(-0.273288189649299,1.30484954820755,1.26823213513641));
#6513=CARTESIAN_POINT('Ctrl Pts',(-0.273288189660846,1.30484954820755,1.26819294014238));
#6514=CARTESIAN_POINT('Ctrl Pts',(-0.273288189660846,1.30484954820755,1.26815374501004));
#6515=CARTESIAN_POINT('Origin',(-0.273288189660846,1.31666057182959,1.26815374501004));
#6516=CARTESIAN_POINT('Ctrl Pts',(-0.109339757658595,1.7579546173536,0.400245509875634));
#6517=CARTESIAN_POINT('Ctrl Pts',(-0.110943266703943,1.75903076829648,0.399309076080098));
#6518=CARTESIAN_POINT('Ctrl Pts',(-0.114476719244551,1.76110774589506,0.39741406285375));
#6519=CARTESIAN_POINT('Ctrl Pts',(-0.121074906655674,1.76409100305385,0.394391442551393));
#6520=CARTESIAN_POINT('Ctrl Pts',(-0.129386600753049,1.76698249571755,0.39110591917437));
#6521=CARTESIAN_POINT('Ctrl Pts',(-0.13980307173292,1.76967934543646,0.387497545799478));
#6522=CARTESIAN_POINT('Ctrl Pts',(-0.150537475912382,1.77117204129303,0.384019735215183));
#6523=CARTESIAN_POINT('Ctrl Pts',(-0.155732355051288,1.77105513324731,0.38242222754576));
#6524=CARTESIAN_POINT('Ctrl Pts',(-0.158366604050585,1.77105513324731,0.381626076284666));
#6525=CARTESIAN_POINT('Ctrl Pts',(-0.109094669949207,1.75669318335519,0.396957195114786));
#6526=CARTESIAN_POINT('Ctrl Pts',(-0.110791835604305,1.75779623087735,0.396164342625148));
#6527=CARTESIAN_POINT('Ctrl Pts',(-0.114506112586845,1.75993327250823,0.39451704128183));
#6528=CARTESIAN_POINT('Ctrl Pts',(-0.121339101572956,1.76299823105301,0.391790392384515));
#6529=CARTESIAN_POINT('Ctrl Pts',(-0.129813877691579,1.76593336961048,0.388737138538953));
#6530=CARTESIAN_POINT('Ctrl Pts',(-0.140156058009167,1.76857132317836,0.385309901379409));
#6531=CARTESIAN_POINT('Ctrl Pts',(-0.150314189184907,1.76992035962688,0.382058613180367));
#6532=CARTESIAN_POINT('Ctrl Pts',(-0.155254323913145,1.76974472754177,0.380433384984117));
#6533=CARTESIAN_POINT('Ctrl Pts',(-0.157758934570387,1.76970728737875,0.379615462475032));
#6534=CARTESIAN_POINT('Ctrl Pts',(-0.109027723757344,1.75390302635415,0.391091519512309));
#6535=CARTESIAN_POINT('Ctrl Pts',(-0.110908118137016,1.75507659720493,0.390485961059422));
#6536=CARTESIAN_POINT('Ctrl Pts',(-0.114987776180279,1.75735486511486,0.389176953751786));
#6537=CARTESIAN_POINT('Ctrl Pts',(-0.122352128754103,1.7605962744679,0.386840490961375));
#6538=CARTESIAN_POINT('Ctrl Pts',(-0.131227669921966,1.7635957788787,0.384048953999556));
#6539=CARTESIAN_POINT('Ctrl Pts',(-0.141183261054313,1.7660273543092,0.380986767856428));
#6540=CARTESIAN_POINT('Ctrl Pts',(-0.149950895361253,1.76700924949825,0.37823715540797));
#6541=CARTESIAN_POINT('Ctrl Pts',(-0.154341638049163,1.76672015752748,0.376654920420795));
#6542=CARTESIAN_POINT('Ctrl Pts',(-0.156617990919642,1.76661098188519,0.375840388796058));
#6543=CARTESIAN_POINT('Ctrl Pts',(-0.110551048087174,1.74776576805049,0.382186567560357));
#6544=CARTESIAN_POINT('Ctrl Pts',(-0.112826633771605,1.74922683584123,0.381796149345766));
#6545=CARTESIAN_POINT('Ctrl Pts',(-0.117661638299127,1.75203855339996,0.380891884828725));
#6546=CARTESIAN_POINT('Ctrl Pts',(-0.125627401926872,1.75576101774594,0.379205516184229));
#6547=CARTESIAN_POINT('Ctrl Pts',(-0.133984687921949,1.75875959600803,0.377293804670616));
#6548=CARTESIAN_POINT('Ctrl Pts',(-0.142012083868102,1.76072843091347,0.375334007675534));
#6549=CARTESIAN_POINT('Ctrl Pts',(-0.14887893097691,1.76134202580691,0.373353708413853));
#6550=CARTESIAN_POINT('Ctrl Pts',(-0.153131401653614,1.76106725150555,0.37183798286849));
#6551=CARTESIAN_POINT('Ctrl Pts',(-0.155191408486818,1.76093199719923,0.371120213711596));
#6552=CARTESIAN_POINT('Ctrl Pts',(-0.112252853913457,1.74435944221492,0.378117274735849));
#6553=CARTESIAN_POINT('Ctrl Pts',(-0.11453896637918,1.74590280576312,0.377908109727353));
#6554=CARTESIAN_POINT('Ctrl Pts',(-0.119328918296483,1.7488046905173,0.377345015435372));
#6555=CARTESIAN_POINT('Ctrl Pts',(-0.126804488257221,1.75230813188048,0.376106965885026));
#6556=CARTESIAN_POINT('Ctrl Pts',(-0.134390828464566,1.75482580541678,0.37450170700554));
#6557=CARTESIAN_POINT('Ctrl Pts',(-0.141755836263764,1.75631233619591,0.372637883849628));
#6558=CARTESIAN_POINT('Ctrl Pts',(-0.148496965376505,1.75677777389135,0.370640364148209));
#6559=CARTESIAN_POINT('Ctrl Pts',(-0.15254728502724,1.75665591712193,0.369324866956198));
#6560=CARTESIAN_POINT('Ctrl Pts',(-0.154464549904191,1.75659289620266,0.36871523542734));
#6561=CARTESIAN_POINT('Ctrl Pts',(-0.113228635914699,1.74268680292944,0.376870880667608));
#6562=CARTESIAN_POINT('Ctrl Pts',(-0.115465527178193,1.7442125772905,0.376682058145604));
#6563=CARTESIAN_POINT('Ctrl Pts',(-0.120174346780624,1.74702909643476,0.376126804893808));
#6564=CARTESIAN_POINT('Ctrl Pts',(-0.127477380241536,1.75027596227306,0.374853920384384));
#6565=CARTESIAN_POINT('Ctrl Pts',(-0.134842681373566,1.75251701461091,0.373215941318543));
#6566=CARTESIAN_POINT('Ctrl Pts',(-0.141942253414391,1.7538265797229,0.371373560411705));
#6567=CARTESIAN_POINT('Ctrl Pts',(-0.148450592396713,1.75431877566972,0.369473647782566));
#6568=CARTESIAN_POINT('Ctrl Pts',(-0.152339443166228,1.75432414310885,0.368271209134457));
#6569=CARTESIAN_POINT('Ctrl Pts',(-0.154163716045926,1.75432414310885,0.36771985762815));
#6570=CARTESIAN_POINT('',(-0.109339757658595,1.7579546173536,0.400245509875634));
#6571=CARTESIAN_POINT('',(-0.158366604050585,1.77105513324731,0.381626076284666));
#6572=CARTESIAN_POINT('Ctrl Pts',(-0.109339757658595,1.7579546173536,0.400245509875634));
#6573=CARTESIAN_POINT('Ctrl Pts',(-0.110943266703943,1.75903076829648,0.399309076080098));
#6574=CARTESIAN_POINT('Ctrl Pts',(-0.114476719244551,1.76110774589506,0.39741406285375));
#6575=CARTESIAN_POINT('Ctrl Pts',(-0.121074906655674,1.76409100305385,0.394391442551393));
#6576=CARTESIAN_POINT('Ctrl Pts',(-0.129386600753049,1.76698249571755,0.39110591917437));
#6577=CARTESIAN_POINT('Ctrl Pts',(-0.13980307173292,1.76967934543646,0.387497545799478));
#6578=CARTESIAN_POINT('Ctrl Pts',(-0.150537475912382,1.77117204129303,0.384019735215183));
#6579=CARTESIAN_POINT('Ctrl Pts',(-0.155732355051288,1.77105513324731,0.38242222754576));
#6580=CARTESIAN_POINT('Ctrl Pts',(-0.158366604050585,1.77105513324731,0.381626076284666));
#6581=CARTESIAN_POINT('',(-0.113228635914699,1.74268680292944,0.376870880667608));
#6582=CARTESIAN_POINT('Ctrl Pts',(-0.109339757658595,1.7579546173536,0.400245509875634));
#6583=CARTESIAN_POINT('Ctrl Pts',(-0.109094669949207,1.75669318335519,0.396957195114786));
#6584=CARTESIAN_POINT('Ctrl Pts',(-0.109027723757344,1.75390302635415,0.391091519512309));
#6585=CARTESIAN_POINT('Ctrl Pts',(-0.110551048087174,1.74776576805049,0.382186567560357));
#6586=CARTESIAN_POINT('Ctrl Pts',(-0.112252853913457,1.74435944221492,0.378117274735849));
#6587=CARTESIAN_POINT('Ctrl Pts',(-0.113228635914699,1.74268680292944,0.376870880667608));
#6588=CARTESIAN_POINT('',(-0.154163716045927,1.75432414310885,0.36771985762815));
#6589=CARTESIAN_POINT('Ctrl Pts',(-0.113228635914699,1.74268680292944,0.376870880667608));
#6590=CARTESIAN_POINT('Ctrl Pts',(-0.115821868733746,1.74445563640478,0.376651978314585));
#6591=CARTESIAN_POINT('Ctrl Pts',(-0.118569816873552,1.74606408151764,0.376313901748831));
#6592=CARTESIAN_POINT('Ctrl Pts',(-0.121362748210144,1.74744965341952,0.375880159706588));
#6593=CARTESIAN_POINT('Ctrl Pts',(-0.123558701263124,1.74853906468009,0.375539128350252));
#6594=CARTESIAN_POINT('Ctrl Pts',(-0.125780169511131,1.74948897469621,0.3751387001826));
#6595=CARTESIAN_POINT('Ctrl Pts',(-0.128006461731241,1.75029975411903,0.374689204257505));
#6596=CARTESIAN_POINT('Ctrl Pts',(-0.130851226201222,1.75133577107772,0.37411483669445));
#6597=CARTESIAN_POINT('Ctrl Pts',(-0.133712845900345,1.75214886795149,0.37345963818035));
#6598=CARTESIAN_POINT('Ctrl Pts',(-0.136495949792278,1.75275492178073,0.37276613576387));
#6599=CARTESIAN_POINT('Ctrl Pts',(-0.13857494890736,1.75320764845698,0.372248084348561));
#6600=CARTESIAN_POINT('Ctrl Pts',(-0.14060591168451,1.75354399682593,0.371709472555019));
#6601=CARTESIAN_POINT('Ctrl Pts',(-0.142557654323893,1.75378101451209,0.371166533446146));
#6602=CARTESIAN_POINT('Ctrl Pts',(-0.144200900840654,1.75398056873575,0.370709412316819));
#6603=CARTESIAN_POINT('Ctrl Pts',(-0.145789444422203,1.75410977912888,0.370248617554305));
#6604=CARTESIAN_POINT('Ctrl Pts',(-0.147327362943401,1.75419096521155,0.369791555142267));
#6605=CARTESIAN_POINT('Ctrl Pts',(-0.148303714978329,1.75424250643166,0.369501387743974));
#6606=CARTESIAN_POINT('Ctrl Pts',(-0.149254453981163,1.75427480317705,0.369214468890892));
#6607=CARTESIAN_POINT('Ctrl Pts',(-0.150177951930395,1.75429431089348,0.368933774819473));
#6608=CARTESIAN_POINT('Ctrl Pts',(-0.151006874895881,1.75431182083399,0.368681826493797));
#6609=CARTESIAN_POINT('Ctrl Pts',(-0.151823508914724,1.75431916286193,0.36843195844353));
#6610=CARTESIAN_POINT('Ctrl Pts',(-0.152612883729334,1.75432213202713,0.368191172685031));
#6611=CARTESIAN_POINT('Ctrl Pts',(-0.153141232034499,1.75432411936366,0.368030008754973));
#6612=CARTESIAN_POINT('Ctrl Pts',(-0.15365402520372,1.75432414310885,0.367873901914358));
#6613=CARTESIAN_POINT('Ctrl Pts',(-0.154163716045927,1.75432414310885,0.36771985762815));
#6614=CARTESIAN_POINT('Origin',(-0.164517978562357,1.73792041434928,0.401979309324424));
#6615=CARTESIAN_POINT('Ctrl Pts',(-0.109339757658595,1.7579546173536,0.400245509875634));
#6616=CARTESIAN_POINT('Ctrl Pts',(-0.109094669949207,1.75669318335519,0.396957195114786));
#6617=CARTESIAN_POINT('Ctrl Pts',(-0.109027723757344,1.75390302635415,0.391091519512309));
#6618=CARTESIAN_POINT('Ctrl Pts',(-0.110551048087174,1.74776576805049,0.382186567560357));
#6619=CARTESIAN_POINT('Ctrl Pts',(-0.112252853913457,1.74435944221492,0.378117274735849));
#6620=CARTESIAN_POINT('Ctrl Pts',(-0.113228635914699,1.74268680292944,0.376870880667608));
#6621=CARTESIAN_POINT('Ctrl Pts',(-0.107613704758554,1.75624774941151,0.399537786290746));
#6622=CARTESIAN_POINT('Ctrl Pts',(-0.10736760983971,1.75497328281328,0.396400008691326));
#6623=CARTESIAN_POINT('Ctrl Pts',(-0.107245078997814,1.75213631786687,0.390742825619023));
#6624=CARTESIAN_POINT('Ctrl Pts',(-0.10842578821204,1.74594956390708,0.382132875916127));
#6625=CARTESIAN_POINT('Ctrl Pts',(-0.110020951558915,1.74272315426196,0.378257195629443));
#6626=CARTESIAN_POINT('Ctrl Pts',(-0.110991744651206,1.74116102856837,0.377059703189612));
#6627=CARTESIAN_POINT('Ctrl Pts',(-0.104163650256699,1.75254517707402,0.39812214909954));
#6628=CARTESIAN_POINT('Ctrl Pts',(-0.10388923359814,1.75123108174973,0.395243433698129));
#6629=CARTESIAN_POINT('Ctrl Pts',(-0.103653457713064,1.74832539580576,0.38998938152704));
#6630=CARTESIAN_POINT('Ctrl Pts',(-0.10423900529949,1.74209703918332,0.381916440322092));
#6631=CARTESIAN_POINT('Ctrl Pts',(-0.105748142889065,1.73926817787867,0.37840155854375));
#6632=CARTESIAN_POINT('Ctrl Pts',(-0.106767066111927,1.73788855067547,0.377259880902689));
#6633=CARTESIAN_POINT('Ctrl Pts',(-0.0987363525695993,1.74573540305799,
0.395831539512873));
#6634=CARTESIAN_POINT('Ctrl Pts',(-0.098424879669248,1.74441576781938,0.393293946141346));
#6635=CARTESIAN_POINT('Ctrl Pts',(-0.0980617450731661,1.74149858294231,
0.388566452864154));
#6636=CARTESIAN_POINT('Ctrl Pts',(-0.0982243398301647,1.7355800289571,0.381163337126854));
#6637=CARTESIAN_POINT('Ctrl Pts',(-0.100074816296644,1.73351548362909,0.378087590238801));
#6638=CARTESIAN_POINT('Ctrl Pts',(-0.101301903855613,1.73234796729986,0.376939050244117));
#6639=CARTESIAN_POINT('Ctrl Pts',(-0.0928458734619563,1.7372694093198,0.393300782015627));
#6640=CARTESIAN_POINT('Ctrl Pts',(-0.0925619860998002,1.73606421804949,
0.391067032936412));
#6641=CARTESIAN_POINT('Ctrl Pts',(-0.0921254728502467,1.73321310133697,
0.386663737289694));
#6642=CARTESIAN_POINT('Ctrl Pts',(-0.0927378133511007,1.7285605132906,0.379997513277452));
#6643=CARTESIAN_POINT('Ctrl Pts',(-0.0953034172366237,1.72738550117217,
0.377222871209439));
#6644=CARTESIAN_POINT('Ctrl Pts',(-0.0968254322882563,1.72646066131856,
0.376042269032993));
#6645=CARTESIAN_POINT('Ctrl Pts',(-0.0866014448718605,1.72698761900534,
0.390455215558738));
#6646=CARTESIAN_POINT('Ctrl Pts',(-0.086460711619965,1.72609407907057,0.388404311920443));
#6647=CARTESIAN_POINT('Ctrl Pts',(-0.0864403896982866,1.72408432717026,
0.384268322377547));
#6648=CARTESIAN_POINT('Ctrl Pts',(-0.0886031241471298,1.72195620614821,
0.37853434594302));
#6649=CARTESIAN_POINT('Ctrl Pts',(-0.091790449629617,1.72136115147366,0.375844647431448));
#6650=CARTESIAN_POINT('Ctrl Pts',(-0.09353914402766,1.72065296643123,0.374653140460347));
#6651=CARTESIAN_POINT('Ctrl Pts',(-0.0813044660336104,1.71602539593695,
0.387213013602668));
#6652=CARTESIAN_POINT('Ctrl Pts',(-0.0815638042181955,1.71597791442099,
0.385358236984148));
#6653=CARTESIAN_POINT('Ctrl Pts',(-0.0825613987801251,1.71579273609959,
0.381623275896556));
#6654=CARTESIAN_POINT('Ctrl Pts',(-0.0860412565820085,1.71577096818344,
0.376625177089887));
#6655=CARTESIAN_POINT('Ctrl Pts',(-0.0893249719199265,1.71525438378658,
0.373930190084422));
#6656=CARTESIAN_POINT('Ctrl Pts',(-0.0911280466557295,1.71477230352923,
0.372819281025285));
#6657=CARTESIAN_POINT('Ctrl Pts',(-0.0797417592577051,1.71070706705241,
0.385423374519176));
#6658=CARTESIAN_POINT('Ctrl Pts',(-0.0801320584708191,1.71105213127251,
0.383574003109677));
#6659=CARTESIAN_POINT('Ctrl Pts',(-0.0814553385013592,1.71159527899196,
0.379917124170989));
#6660=CARTESIAN_POINT('Ctrl Pts',(-0.085015669750414,1.7118712254318,0.375067257111065));
#6661=CARTESIAN_POINT('Ctrl Pts',(-0.0882505859372422,1.71156580494974,
0.372573871668949));
#6662=CARTESIAN_POINT('Ctrl Pts',(-0.0900041197929834,1.71125768427138,
0.371572646079048));
#6663=CARTESIAN_POINT('Ctrl Pts',(-0.0788842851662497,1.70799763220407,
0.384518151297409));
#6664=CARTESIAN_POINT('Ctrl Pts',(-0.0793347283135462,1.70852244234345,
0.382657237425084));
#6665=CARTESIAN_POINT('Ctrl Pts',(-0.0807995974257533,1.70936714711504,
0.379014488420811));
#6666=CARTESIAN_POINT('Ctrl Pts',(-0.0844896095962829,1.70990466270181,
0.374282793546115));
#6667=CARTESIAN_POINT('Ctrl Pts',(-0.0877210363408737,1.70974405654738,
0.371903492213228));
#6668=CARTESIAN_POINT('Ctrl Pts',(-0.0894563964931321,1.70953764734784,
0.370961555094383));
#6669=CARTESIAN_POINT('',(-0.0788842851662497,1.70799763220407,0.384518151297409));
#6670=CARTESIAN_POINT('Ctrl Pts',(-0.109339757658595,1.7579546173536,0.400245509875634));
#6671=CARTESIAN_POINT('Ctrl Pts',(-0.107613704758554,1.75624774941151,0.399537786290746));
#6672=CARTESIAN_POINT('Ctrl Pts',(-0.104163650256699,1.75254517707402,0.39812214909954));
#6673=CARTESIAN_POINT('Ctrl Pts',(-0.0987363525695994,1.74573540305799,
0.395831539512873));
#6674=CARTESIAN_POINT('Ctrl Pts',(-0.092845873461956,1.7372694093198,0.393300782015626));
#6675=CARTESIAN_POINT('Ctrl Pts',(-0.0866014448718607,1.72698761900534,
0.390455215558738));
#6676=CARTESIAN_POINT('Ctrl Pts',(-0.0813044660336106,1.71602539593695,
0.387213013602668));
#6677=CARTESIAN_POINT('Ctrl Pts',(-0.0797417592577051,1.71070706705241,
0.385423374519176));
#6678=CARTESIAN_POINT('Ctrl Pts',(-0.0788842851662497,1.70799763220407,
0.384518151297409));
#6679=CARTESIAN_POINT('',(-0.0894563964931321,1.70953764734784,0.370961555094383));
#6680=CARTESIAN_POINT('Origin',(-0.0972297864468934,1.70133578296805,0.387080010489485));
#6681=CARTESIAN_POINT('Ctrl Pts',(-0.0894563964931321,1.70953764734784,
0.370961555094383));
#6682=CARTESIAN_POINT('Ctrl Pts',(-0.0897779194194557,1.71054733838197,
0.371320275933341));
#6683=CARTESIAN_POINT('Ctrl Pts',(-0.0901008375535947,1.71156136968301,
0.371680595683756));
#6684=CARTESIAN_POINT('Ctrl Pts',(-0.0904542329925152,1.71261088679763,
0.372044400103536));
#6685=CARTESIAN_POINT('Ctrl Pts',(-0.0908881775093408,1.71389961932513,
0.372491126110081));
#6686=CARTESIAN_POINT('Ctrl Pts',(-0.0913678146791404,1.71524081048196,
0.372942687230473));
#6687=CARTESIAN_POINT('Ctrl Pts',(-0.0919152928336196,1.716617880968,0.373380355730738));
#6688=CARTESIAN_POINT('Ctrl Pts',(-0.0924996571032962,1.71808773101092,
0.373847511965969));
#6689=CARTESIAN_POINT('Ctrl Pts',(-0.0931593849481579,1.71959304704298,
0.374296994883017));
#6690=CARTESIAN_POINT('Ctrl Pts',(-0.093907605157361,1.7210922511513,0.374702332642443));
#6691=CARTESIAN_POINT('Ctrl Pts',(-0.0948613306555229,1.72300322490938,
0.375218999997557));
#6692=CARTESIAN_POINT('Ctrl Pts',(-0.0959603396869873,1.7249021279254,0.375662003928784));
#6693=CARTESIAN_POINT('Ctrl Pts',(-0.0972503937461247,1.72681223661843,
0.376025415367411));
#6694=CARTESIAN_POINT('Ctrl Pts',(-0.0985059984172686,1.72867133808814,
0.376379122327716));
#6695=CARTESIAN_POINT('Ctrl Pts',(-0.0999403743373489,1.73054053768813,
0.37665834759545));
#6696=CARTESIAN_POINT('Ctrl Pts',(-0.101528595032699,1.73236126698853,0.376850606361812));
#6697=CARTESIAN_POINT('Ctrl Pts',(-0.102905168359532,1.7339393646658,0.377017244594393));
#6698=CARTESIAN_POINT('Ctrl Pts',(-0.10439398977342,1.73547626796908,0.3771177009682));
#6699=CARTESIAN_POINT('Ctrl Pts',(-0.105979653397432,1.73694023216197,0.37714713744536));
#6700=CARTESIAN_POINT('Ctrl Pts',(-0.107669774488103,1.73850063672756,0.377178513085269));
#6701=CARTESIAN_POINT('Ctrl Pts',(-0.109475924182667,1.73998403596839,0.377129473923949));
#6702=CARTESIAN_POINT('Ctrl Pts',(-0.111387984758252,1.74138535001994,0.377007628918228));
#6703=CARTESIAN_POINT('Ctrl Pts',(-0.111991783884213,1.74182786330133,0.376969152151907));
#6704=CARTESIAN_POINT('Ctrl Pts',(-0.112605746729654,1.74226193276975,0.376923460562201));
#6705=CARTESIAN_POINT('Ctrl Pts',(-0.113228635914699,1.74268680292944,0.376870880667608));
#6706=CARTESIAN_POINT('Ctrl Pts',(-0.109339757658595,1.7579546173536,0.400245509875634));
#6707=CARTESIAN_POINT('Ctrl Pts',(-0.107613704758554,1.75624774941151,0.399537786290746));
#6708=CARTESIAN_POINT('Ctrl Pts',(-0.104163650256699,1.75254517707402,0.39812214909954));
#6709=CARTESIAN_POINT('Ctrl Pts',(-0.0987363525695994,1.74573540305799,
0.395831539512873));
#6710=CARTESIAN_POINT('Ctrl Pts',(-0.092845873461956,1.7372694093198,0.393300782015626));
#6711=CARTESIAN_POINT('Ctrl Pts',(-0.0866014448718607,1.72698761900534,
0.390455215558738));
#6712=CARTESIAN_POINT('Ctrl Pts',(-0.0813044660336106,1.71602539593695,
0.387213013602668));
#6713=CARTESIAN_POINT('Ctrl Pts',(-0.0797417592577051,1.71070706705241,
0.385423374519176));
#6714=CARTESIAN_POINT('Ctrl Pts',(-0.0788842851662497,1.70799763220407,
0.384518151297409));
#6715=CARTESIAN_POINT('Ctrl Pts',(-0.1061327395679,1.75580231546783,0.402118377466705));
#6716=CARTESIAN_POINT('Ctrl Pts',(-0.104600513406026,1.75410382884124,0.401339876647064));
#6717=CARTESIAN_POINT('Ctrl Pts',(-0.101509470562844,1.75042017454248,0.399780331243103));
#6718=CARTESIAN_POINT('Ctrl Pts',(-0.0965217230685286,1.74362015179057,
0.397289513780708));
#6719=CARTESIAN_POINT('Ctrl Pts',(-0.0910705013534273,1.73528105255192,
0.394639076321607));
#6720=CARTESIAN_POINT('Ctrl Pts',(-0.0854009608605506,1.72537941274804,
0.391799009135047));
#6721=CARTESIAN_POINT('Ctrl Pts',(-0.0807368217739267,1.71509725311495,
0.388741850900802));
#6722=CARTESIAN_POINT('Ctrl Pts',(-0.0792561851455406,1.71006095451582,
0.387172165570701));
#6723=CARTESIAN_POINT('Ctrl Pts',(-0.0784338420189531,1.70747282206468,
0.386379065169734));
#6724=CARTESIAN_POINT('Ctrl Pts',(-0.101087879749827,1.7512910016969,0.40569335576215));
#6725=CARTESIAN_POINT('Ctrl Pts',(-0.0998135308250982,1.74959497330358,
0.404780283952191));
#6726=CARTESIAN_POINT('Ctrl Pts',(-0.0971691794900961,1.74588972824887,
0.402961600737994));
#6727=CARTESIAN_POINT('Ctrl Pts',(-0.0927558742462119,1.73908326709024,
0.400159014354975));
#6728=CARTESIAN_POINT('Ctrl Pts',(-0.0880091034990205,1.73099100076606,
0.397361349525588));
#6729=CARTESIAN_POINT('Ctrl Pts',(-0.083442846063596,1.72186678830147,0.394604712086821));
#6730=CARTESIAN_POINT('Ctrl Pts',(-0.080044775507026,1.71305917918468,0.391983864781787));
#6731=CARTESIAN_POINT('Ctrl Pts',(-0.0788105272703249,1.70859329045208,
0.390791045348962));
#6732=CARTESIAN_POINT('Ctrl Pts',(-0.0780970890046534,1.70621846158241,
0.390179350048931));
#6733=CARTESIAN_POINT('Ctrl Pts',(-0.095098320039322,1.74169946262263,0.412427417590229));
#6734=CARTESIAN_POINT('Ctrl Pts',(-0.0940492527216726,1.73997897909289,
0.411205167415015));
#6735=CARTESIAN_POINT('Ctrl Pts',(-0.0918716109256841,1.73624007050125,
0.40879072501307));
#6736=CARTESIAN_POINT('Ctrl Pts',(-0.0884263120468207,1.72974351519045,
0.405207060201741));
#6737=CARTESIAN_POINT('Ctrl Pts',(-0.0852779936432034,1.72295523004934,
0.402006144014214));
#6738=CARTESIAN_POINT('Ctrl Pts',(-0.0827782431505352,1.71621551769751,
0.399283353201262));
#6739=CARTESIAN_POINT('Ctrl Pts',(-0.0808275059911752,1.70973859184592,
0.397027986533318));
#6740=CARTESIAN_POINT('Ctrl Pts',(-0.07982184250982,1.70583520112222,0.396063358030888));
#6741=CARTESIAN_POINT('Ctrl Pts',(-0.0793300374408057,1.7038932586027,0.395598512204543));
#6742=CARTESIAN_POINT('Ctrl Pts',(-0.0942543940768933,1.73268622332469,
0.416414218004171));
#6743=CARTESIAN_POINT('Ctrl Pts',(-0.0933617618290693,1.73128852777652,
0.4149013941419));
#6744=CARTESIAN_POINT('Ctrl Pts',(-0.091515815666022,1.72822905026983,0.411939460132718));
#6745=CARTESIAN_POINT('Ctrl Pts',(-0.0886787791375396,1.72303510298446,
0.407841378258872));
#6746=CARTESIAN_POINT('Ctrl Pts',(-0.0862047107199098,1.7178047227237,0.404573975867152));
#6747=CARTESIAN_POINT('Ctrl Pts',(-0.0841215894854736,1.71232929669295,
0.402003087202898));
#6748=CARTESIAN_POINT('Ctrl Pts',(-0.0823858319265052,1.7067998467454,0.399978196435845));
#6749=CARTESIAN_POINT('Ctrl Pts',(-0.0816103991625469,1.70370288647646,
0.399109874643274));
#6750=CARTESIAN_POINT('Ctrl Pts',(-0.0812359697327769,1.70218832230891,
0.398695220506554));
#6751=CARTESIAN_POINT('Ctrl Pts',(-0.0950356196255255,1.72842231477304,
0.41778657352788));
#6752=CARTESIAN_POINT('Ctrl Pts',(-0.0941087502573967,1.72718584589057,
0.416158369868469));
#6753=CARTESIAN_POINT('Ctrl Pts',(-0.0922022767673916,1.72441838756093,
0.413007375988907));
#6754=CARTESIAN_POINT('Ctrl Pts',(-0.0893653591526255,1.71971070853697,
0.408813296766397));
#6755=CARTESIAN_POINT('Ctrl Pts',(-0.0870034036353088,1.71505652210551,
0.405622807361606));
#6756=CARTESIAN_POINT('Ctrl Pts',(-0.0850580601880496,1.71016442211006,
0.403160866436582));
#6757=CARTESIAN_POINT('Ctrl Pts',(-0.0834745630022619,1.70531005889012,
0.401261791343301));
#6758=CARTESIAN_POINT('Ctrl Pts',(-0.0827616332688017,1.70263726977661,
0.400438436107557));
#6759=CARTESIAN_POINT('Ctrl Pts',(-0.0824167581026305,1.70133578296805,
0.400044383450551));
#6760=CARTESIAN_POINT('',(-0.0950356196255255,1.72842231477304,0.41778657352788));
#6761=CARTESIAN_POINT('Ctrl Pts',(-0.109339757658595,1.7579546173536,0.400245509875634));
#6762=CARTESIAN_POINT('Ctrl Pts',(-0.1061327395679,1.75580231546783,0.402118377466705));
#6763=CARTESIAN_POINT('Ctrl Pts',(-0.101087879749827,1.7512910016969,0.40569335576215));
#6764=CARTESIAN_POINT('Ctrl Pts',(-0.095098320039322,1.74169946262263,0.412427417590229));
#6765=CARTESIAN_POINT('Ctrl Pts',(-0.0942543940768933,1.73268622332469,
0.416414218004171));
#6766=CARTESIAN_POINT('Ctrl Pts',(-0.0950356196255255,1.72842231477304,
0.41778657352788));
#6767=CARTESIAN_POINT('',(-0.0824167581026305,1.70133578296805,0.400044383450551));
#6768=CARTESIAN_POINT('Ctrl Pts',(-0.0950356196255253,1.72842231477303,
0.41778657352788));
#6769=CARTESIAN_POINT('Ctrl Pts',(-0.0943654416010269,1.72752827910684,
0.416609291863962));
#6770=CARTESIAN_POINT('Ctrl Pts',(-0.0936833289374976,1.7265601469393,0.415462624329994));
#6771=CARTESIAN_POINT('Ctrl Pts',(-0.0929961258424574,1.72553145291515,
0.41435275514696));
#6772=CARTESIAN_POINT('Ctrl Pts',(-0.0919277434535767,1.72393216067261,
0.412627261333453));
#6773=CARTESIAN_POINT('Ctrl Pts',(-0.0908483892925419,1.72219202166592,
0.410996383775649));
#6774=CARTESIAN_POINT('Ctrl Pts',(-0.0898479631502186,1.7204364587707,0.409557013322951));
#6775=CARTESIAN_POINT('Ctrl Pts',(-0.0892465251195502,1.71938104623624,
0.408691689943393));
#6776=CARTESIAN_POINT('Ctrl Pts',(-0.088675050791516,1.7183211281889,0.407896415571923));
#6777=CARTESIAN_POINT('Ctrl Pts',(-0.0881435107542486,1.71726348035746,
0.407174172052647));
#6778=CARTESIAN_POINT('Ctrl Pts',(-0.0875157719024094,1.71601441803137,
0.406321215951974));
#6779=CARTESIAN_POINT('Ctrl Pts',(-0.0869428704088469,1.71476436674994,
0.405568145820909));
#6780=CARTESIAN_POINT('Ctrl Pts',(-0.0864062044785985,1.71348172717463,
0.40487815233372));
#6781=CARTESIAN_POINT('Ctrl Pts',(-0.085856147251627,1.71216708220048,0.404170941603917));
#6782=CARTESIAN_POINT('Ctrl Pts',(-0.0853438400686689,1.71081962272801,
0.403530289032716));
#6783=CARTESIAN_POINT('Ctrl Pts',(-0.084875616296714,1.70949146153025,0.402955692074637));
#6784=CARTESIAN_POINT('Ctrl Pts',(-0.0844242575949109,1.70821113970571,
0.402401791669333));
#6785=CARTESIAN_POINT('Ctrl Pts',(-0.084016060167543,1.70695459840402,0.401911968063693));
#6786=CARTESIAN_POINT('Ctrl Pts',(-0.0836576554883387,1.70577395974119,
0.401487630462199));
#6787=CARTESIAN_POINT('Ctrl Pts',(-0.0833855088419958,1.70487746795055,
0.401165419113228));
#6788=CARTESIAN_POINT('Ctrl Pts',(-0.0831423541596807,1.70402543114126,
0.400881233557436));
#6789=CARTESIAN_POINT('Ctrl Pts',(-0.0829196499576817,1.70321289320719,
0.400623107128644));
#6790=CARTESIAN_POINT('Ctrl Pts',(-0.082743519453401,1.70257027975494,0.40041896217914));
#6791=CARTESIAN_POINT('Ctrl Pts',(-0.0825800752417895,1.70195210772285,
0.400230988804989));
#6792=CARTESIAN_POINT('Ctrl Pts',(-0.0824167581026305,1.70133578296805,
0.400044383450551));
#6793=CARTESIAN_POINT('Origin',(-0.0972297864468934,1.70133578296805,0.387080010489485));
#6794=CARTESIAN_POINT('Ctrl Pts',(-0.109339757658595,1.7579546173536,0.400245509875634));
#6795=CARTESIAN_POINT('Ctrl Pts',(-0.1061327395679,1.75580231546783,0.402118377466705));
#6796=CARTESIAN_POINT('Ctrl Pts',(-0.101087879749827,1.7512910016969,0.40569335576215));
#6797=CARTESIAN_POINT('Ctrl Pts',(-0.095098320039322,1.74169946262263,0.412427417590229));
#6798=CARTESIAN_POINT('Ctrl Pts',(-0.0942543940768933,1.73268622332469,
0.416414218004171));
#6799=CARTESIAN_POINT('Ctrl Pts',(-0.0950356196255255,1.72842231477304,
0.41778657352788));
#6800=CARTESIAN_POINT('Ctrl Pts',(-0.109462301513289,1.7585853343528,0.401889667256058));
#6801=CARTESIAN_POINT('Ctrl Pts',(-0.106458641157579,1.75649292415324,0.403714961251104));
#6802=CARTESIAN_POINT('Ctrl Pts',(-0.101669081903879,1.75209795469555,0.407265725044548));
#6803=CARTESIAN_POINT('Ctrl Pts',(-0.0959509258761599,1.74265378464145,
0.414062440640436));
#6804=CARTESIAN_POINT('Ctrl Pts',(-0.0951904277440858,1.73384703506443,
0.418003283839982));
#6805=CARTESIAN_POINT('Ctrl Pts',(-0.0959624889936542,1.7296587836555,0.419414777187291));
#6806=CARTESIAN_POINT('Ctrl Pts',(-0.109825900011508,1.75976026425081,0.405337200503519));
#6807=CARTESIAN_POINT('Ctrl Pts',(-0.10717609783035,1.75777399912262,0.40708720011374));
#6808=CARTESIAN_POINT('Ctrl Pts',(-0.102836153314389,1.75358100764835,0.410623742444514));
#6809=CARTESIAN_POINT('Ctrl Pts',(-0.0976226380134063,1.74432826710189,
0.417524351956144));
#6810=CARTESIAN_POINT('Ctrl Pts',(-0.0970467384829606,1.73593533299383,
0.421333201756122));
#6811=CARTESIAN_POINT('Ctrl Pts',(-0.0977932702217194,1.73186674544317,
0.422820783859319));
#6812=CARTESIAN_POINT('Ctrl Pts',(-0.11080396906836,1.76141726031247,0.411457904503587));
#6813=CARTESIAN_POINT('Ctrl Pts',(-0.108543133769663,1.75954584567737,0.413167656683585));
#6814=CARTESIAN_POINT('Ctrl Pts',(-0.104721285440503,1.75552952687247,0.416725177499132));
#6815=CARTESIAN_POINT('Ctrl Pts',(-0.100184952496047,1.74639444928352,0.423664147377948));
#6816=CARTESIAN_POINT('Ctrl Pts',(-0.0998205773549299,1.73856569874047,
0.427054965286518));
#6817=CARTESIAN_POINT('Ctrl Pts',(-0.100463460781236,1.7345997368213,0.428557910410527));
#6818=CARTESIAN_POINT('Ctrl Pts',(-0.112196620228175,1.76305056758365,0.418950729713421));
#6819=CARTESIAN_POINT('Ctrl Pts',(-0.110177180231216,1.76121579953268,0.420576013373364));
#6820=CARTESIAN_POINT('Ctrl Pts',(-0.106653906165169,1.75715068724131,0.424097312448443));
#6821=CARTESIAN_POINT('Ctrl Pts',(-0.10256092617655,1.74791885835369,0.43025258720321));
#6822=CARTESIAN_POINT('Ctrl Pts',(-0.102192211091803,1.74042009714725,0.432816217241486));
#6823=CARTESIAN_POINT('Ctrl Pts',(-0.102654942225811,1.73647592165393,0.434096037648923));
#6824=CARTESIAN_POINT('Ctrl Pts',(-0.113976496118907,1.764612824639,0.427992326674356));
#6825=CARTESIAN_POINT('Ctrl Pts',(-0.112019040729705,1.7626586797748,0.429382756856236));
#6826=CARTESIAN_POINT('Ctrl Pts',(-0.108501300185147,1.75816998702727,0.432409858851943));
#6827=CARTESIAN_POINT('Ctrl Pts',(-0.104642438341966,1.74869146149825,0.436572013482118));
#6828=CARTESIAN_POINT('Ctrl Pts',(-0.10413698925721,1.74134991364371,0.438390189848754));
#6829=CARTESIAN_POINT('Ctrl Pts',(-0.10442858382157,1.73747128358932,0.439358345541895));
#6830=CARTESIAN_POINT('Ctrl Pts',(-0.116222275439989,1.76575976975564,0.438235793823173));
#6831=CARTESIAN_POINT('Ctrl Pts',(-0.114115119399711,1.76353354277948,0.439084906532986));
#6832=CARTESIAN_POINT('Ctrl Pts',(-0.110317039897126,1.75841171482912,0.440833882111847));
#6833=CARTESIAN_POINT('Ctrl Pts',(-0.106546267885112,1.74884183601129,0.442870966435461));
#6834=CARTESIAN_POINT('Ctrl Pts',(-0.105767678725611,1.74162081486064,0.444068085615658));
#6835=CARTESIAN_POINT('Ctrl Pts',(-0.105885626233422,1.73790817616406,0.444562536593139));
#6836=CARTESIAN_POINT('Ctrl Pts',(-0.117522248336211,1.76575926400229,0.443610177471859));
#6837=CARTESIAN_POINT('Ctrl Pts',(-0.115236678931117,1.76339734934612,0.444217167525573));
#6838=CARTESIAN_POINT('Ctrl Pts',(-0.111219109887599,1.75802311042333,0.445352789918731));
#6839=CARTESIAN_POINT('Ctrl Pts',(-0.107362815379137,1.74844760936792,0.446679796516624));
#6840=CARTESIAN_POINT('Ctrl Pts',(-0.106501450186803,1.7414515376172,0.447219000296061));
#6841=CARTESIAN_POINT('Ctrl Pts',(-0.106536909005664,1.73792041434928,0.447385194856517));
#6842=CARTESIAN_POINT('Ctrl Pts',(-0.1181070403999,1.76575926400229,0.446351082643119));
#6843=CARTESIAN_POINT('Ctrl Pts',(-0.115731118233992,1.76332986607023,0.446858002926657));
#6844=CARTESIAN_POINT('Ctrl Pts',(-0.111605066331635,1.7578316480721,0.447738326125053));
#6845=CARTESIAN_POINT('Ctrl Pts',(-0.107714325381642,1.74822715495846,0.44856844401942));
#6846=CARTESIAN_POINT('Ctrl Pts',(-0.106829636057567,1.7413561018532,0.448757198924542));
#6847=CARTESIAN_POINT('Ctrl Pts',(-0.106829636057567,1.73792041434928,0.448757198924542));
#6848=CARTESIAN_POINT('',(-0.1181070403999,1.76575926400229,0.446351082643119));
#6849=CARTESIAN_POINT('Ctrl Pts',(-0.109339757658595,1.7579546173536,0.400245509875634));
#6850=CARTESIAN_POINT('Ctrl Pts',(-0.109462301513289,1.7585853343528,0.401889667256058));
#6851=CARTESIAN_POINT('Ctrl Pts',(-0.109825900011508,1.75976026425081,0.405337200503519));
#6852=CARTESIAN_POINT('Ctrl Pts',(-0.11080396906836,1.76141726031247,0.411457904503587));
#6853=CARTESIAN_POINT('Ctrl Pts',(-0.112196620228175,1.76305056758365,0.418950729713421));
#6854=CARTESIAN_POINT('Ctrl Pts',(-0.113976496118907,1.764612824639,0.427992326674356));
#6855=CARTESIAN_POINT('Ctrl Pts',(-0.116222275439989,1.76575976975564,0.438235793823173));
#6856=CARTESIAN_POINT('Ctrl Pts',(-0.117522248336211,1.76575926400229,0.443610177471859));
#6857=CARTESIAN_POINT('Ctrl Pts',(-0.1181070403999,1.76575926400229,0.446351082643119));
#6858=CARTESIAN_POINT('',(-0.106829636057567,1.73792041434928,0.448757198924542));
#6859=CARTESIAN_POINT('Origin',(-0.145333102911525,1.73792041434928,0.440542204083861));
#6860=CARTESIAN_POINT('Ctrl Pts',(-0.106829636057567,1.73792041434928,0.448757198924541));
#6861=CARTESIAN_POINT('Ctrl Pts',(-0.106663923189764,1.73792041434928,0.447980507029235));
#6862=CARTESIAN_POINT('Ctrl Pts',(-0.106488995176975,1.73791975563232,0.447200879936105));
#6863=CARTESIAN_POINT('Ctrl Pts',(-0.106293370391562,1.73790411636388,0.446375632835729));
#6864=CARTESIAN_POINT('Ctrl Pts',(-0.106066864799835,1.73788600832227,0.445420114431468));
#6865=CARTESIAN_POINT('Ctrl Pts',(-0.105812398577296,1.73784794416475,0.444404431004927));
#6866=CARTESIAN_POINT('Ctrl Pts',(-0.105525330856259,1.73777754026693,0.443332828015826));
#6867=CARTESIAN_POINT('Ctrl Pts',(-0.105115731948351,1.73767708536536,0.441803824990128));
#6868=CARTESIAN_POINT('Ctrl Pts',(-0.104640212892342,1.73751175564006,0.440168217963638));
#6869=CARTESIAN_POINT('Ctrl Pts',(-0.104116514761565,1.73725788811741,0.438522255005238));
#6870=CARTESIAN_POINT('Ctrl Pts',(-0.103765112641309,1.73708754268274,0.437417811740208));
#6871=CARTESIAN_POINT('Ctrl Pts',(-0.103393384869114,1.73687766181498,0.436310781000411));
#6872=CARTESIAN_POINT('Ctrl Pts',(-0.102999834190173,1.7366168654475,0.435199712434157));
#6873=CARTESIAN_POINT('Ctrl Pts',(-0.102597271750584,1.7363500972076,0.434063201950208));
#6874=CARTESIAN_POINT('Ctrl Pts',(-0.102169177605959,1.73602772811457,0.432914224361566));
#6875=CARTESIAN_POINT('Ctrl Pts',(-0.10170586594532,1.73564103795427,0.431735722949569));
#6876=CARTESIAN_POINT('Ctrl Pts',(-0.101138894863389,1.73516783134804,0.430293548540025));
#6877=CARTESIAN_POINT('Ctrl Pts',(-0.100518763244902,1.73459900181792,0.428808755569564));
#6878=CARTESIAN_POINT('Ctrl Pts',(-0.0998581015088821,1.73394894046958,
0.42732438433967));
#6879=CARTESIAN_POINT('Ctrl Pts',(-0.0991061360490101,1.73320904037533,
0.425634872394826));
#6880=CARTESIAN_POINT('Ctrl Pts',(-0.0983043755640556,1.7323673769296,0.423953420393927));
#6881=CARTESIAN_POINT('Ctrl Pts',(-0.0974927104277661,1.73144649035735,
0.42235396779301));
#6882=CARTESIAN_POINT('Ctrl Pts',(-0.0968907000627088,1.7307634706775,0.421167657082941));
#6883=CARTESIAN_POINT('Ctrl Pts',(-0.0962845786316984,1.73003726651078,
0.420027214035869));
#6884=CARTESIAN_POINT('Ctrl Pts',(-0.0956749888463193,1.72925765754641,
0.418925662761702));
#6885=CARTESIAN_POINT('Ctrl Pts',(-0.0954626944832697,1.72898615268775,
0.418542039000733));
#6886=CARTESIAN_POINT('Ctrl Pts',(-0.0952496776905505,1.72870787403904,
0.418162602919706));
#6887=CARTESIAN_POINT('Ctrl Pts',(-0.0950356196255253,1.72842231477303,
0.41778657352788));
#6888=CARTESIAN_POINT('Ctrl Pts',(-0.109339757658595,1.7579546173536,0.400245509875634));
#6889=CARTESIAN_POINT('Ctrl Pts',(-0.109462301513289,1.7585853343528,0.401889667256058));
#6890=CARTESIAN_POINT('Ctrl Pts',(-0.109825900011508,1.75976026425081,0.405337200503519));
#6891=CARTESIAN_POINT('Ctrl Pts',(-0.11080396906836,1.76141726031247,0.411457904503587));
#6892=CARTESIAN_POINT('Ctrl Pts',(-0.112196620228175,1.76305056758365,0.418950729713421));
#6893=CARTESIAN_POINT('Ctrl Pts',(-0.113976496118907,1.764612824639,0.427992326674356));
#6894=CARTESIAN_POINT('Ctrl Pts',(-0.116222275439989,1.76575976975564,0.438235793823173));
#6895=CARTESIAN_POINT('Ctrl Pts',(-0.117522248336211,1.76575926400229,0.443610177471859));
#6896=CARTESIAN_POINT('Ctrl Pts',(-0.1181070403999,1.76575926400229,0.446351082643119));
#6897=CARTESIAN_POINT('Ctrl Pts',(-0.112791863458678,1.76136835323777,0.401660957045411));
#6898=CARTESIAN_POINT('Ctrl Pts',(-0.112776467010973,1.76181288319704,0.403281438182426));
#6899=CARTESIAN_POINT('Ctrl Pts',(-0.112911465846867,1.76267908012623,0.406709801918227));
#6900=CARTESIAN_POINT('Ctrl Pts',(-0.113612482349948,1.76401829600997,0.41280449188952));
#6901=CARTESIAN_POINT('Ctrl Pts',(-0.114753611081393,1.76542192414837,0.42012824894806));
#6902=CARTESIAN_POINT('Ctrl Pts',(-0.116408268520906,1.76688068411167,0.428863576769037));
#6903=CARTESIAN_POINT('Ctrl Pts',(-0.118569759078122,1.76800834426642,0.438373016920992));
#6904=CARTESIAN_POINT('Ctrl Pts',(-0.119872794637271,1.76812117865847,0.443307732437174));
#6905=CARTESIAN_POINT('Ctrl Pts',(-0.120482962565808,1.76818866193436,0.445844162359581));
#6906=CARTESIAN_POINT('Ctrl Pts',(-0.119560690254698,1.76697603673199,0.404455844209286));
#6907=CARTESIAN_POINT('Ctrl Pts',(-0.119355939693141,1.76721487496845,0.406087040038342));
#6908=CARTESIAN_POINT('Ctrl Pts',(-0.119141137549528,1.76773089764667,0.409528015016049));
#6909=CARTESIAN_POINT('Ctrl Pts',(-0.119395301220234,1.76867290862191,0.415514277209408));
#6910=CARTESIAN_POINT('Ctrl Pts',(-0.120301737349302,1.76985833190158,0.422632584446732));
#6911=CARTESIAN_POINT('Ctrl Pts',(-0.121921416543084,1.77121290087509,0.430751043504679));
#6912=CARTESIAN_POINT('Ctrl Pts',(-0.123944694723682,1.77214086197761,0.438568242556961));
#6913=CARTESIAN_POINT('Ctrl Pts',(-0.125213083043115,1.77228727316094,0.442581670881542));
#6914=CARTESIAN_POINT('Ctrl Pts',(-0.125860154108758,1.77240758042546,0.444696899414397));
#6915=CARTESIAN_POINT('Ctrl Pts',(-0.132723068937902,1.77472600409392,0.410454180787036));
#6916=CARTESIAN_POINT('Ctrl Pts',(-0.132304180612332,1.77481489705592,0.412086704200894));
#6917=CARTESIAN_POINT('Ctrl Pts',(-0.131717946651847,1.77505017690122,0.415487824358465));
#6918=CARTESIAN_POINT('Ctrl Pts',(-0.131506845664364,1.7755420880312,0.421199425125163));
#6919=CARTESIAN_POINT('Ctrl Pts',(-0.131818614997478,1.77603649943667,0.427272103112925));
#6920=CARTESIAN_POINT('Ctrl Pts',(-0.132525723214221,1.77630140252859,0.432958696444595));
#6921=CARTESIAN_POINT('Ctrl Pts',(-0.133627698891551,1.77625192583003,0.438091402249114));
#6922=CARTESIAN_POINT('Ctrl Pts',(-0.134701876066469,1.77633557748852,0.441165138906198));
#6923=CARTESIAN_POINT('Ctrl Pts',(-0.135253233677912,1.77638589173285,0.442692817535448));
#6924=CARTESIAN_POINT('Ctrl Pts',(-0.142448145461593,1.77729049308944,0.41457767940659));
#6925=CARTESIAN_POINT('Ctrl Pts',(-0.141844874982348,1.77729049308944,0.41602062329761));
#6926=CARTESIAN_POINT('Ctrl Pts',(-0.140843368622758,1.77729049308944,0.418983550533913));
#6927=CARTESIAN_POINT('Ctrl Pts',(-0.139944628915259,1.77729049308944,0.423758593753496));
#6928=CARTESIAN_POINT('Ctrl Pts',(-0.139646859717691,1.77729049308944,0.42856552853273));
#6929=CARTESIAN_POINT('Ctrl Pts',(-0.139988762194414,1.77729049308944,0.433107776686968));
#6930=CARTESIAN_POINT('Ctrl Pts',(-0.140885918042828,1.77729049308944,0.437506486685431));
#6931=CARTESIAN_POINT('Ctrl Pts',(-0.141612052734303,1.77729049308944,0.44002452499292));
#6932=CARTESIAN_POINT('Ctrl Pts',(-0.141973041561354,1.77729049308944,0.441259097623882));
#6933=CARTESIAN_POINT('Ctrl Pts',(-0.146804110879434,1.77729049308944,0.416374049321176));
#6934=CARTESIAN_POINT('Ctrl Pts',(-0.146173885183623,1.77729049308944,0.417697696751838));
#6935=CARTESIAN_POINT('Ctrl Pts',(-0.145126072354582,1.77729049308944,0.420428361117205));
#6936=CARTESIAN_POINT('Ctrl Pts',(-0.144166380851401,1.77729049308944,0.424826412137239));
#6937=CARTESIAN_POINT('Ctrl Pts',(-0.143790004226499,1.77729049308944,0.429165000930028));
#6938=CARTESIAN_POINT('Ctrl Pts',(-0.143988410513615,1.77729049308944,0.433242047017547));
#6939=CARTESIAN_POINT('Ctrl Pts',(-0.144615768310995,1.77729049308944,0.437188826773014));
#6940=CARTESIAN_POINT('Ctrl Pts',(-0.145098139510808,1.77729049308944,0.439440936744462));
#6941=CARTESIAN_POINT('Ctrl Pts',(-0.145333102911525,1.77729049308944,0.440542204083861));
#6942=CARTESIAN_POINT('',(-0.146804110879434,1.77729049308944,0.416374049321176));
#6943=CARTESIAN_POINT('Ctrl Pts',(-0.109339757677092,1.7579546174488,0.400245510123807));
#6944=CARTESIAN_POINT('Ctrl Pts',(-0.112791863456354,1.76136835330487,0.40166095729001));
#6945=CARTESIAN_POINT('Ctrl Pts',(-0.119560690223792,1.76697603676804,0.404455844455502));
#6946=CARTESIAN_POINT('Ctrl Pts',(-0.132723068874674,1.77472600410733,0.410454181033454));
#6947=CARTESIAN_POINT('Ctrl Pts',(-0.142448145370534,1.77729049308944,0.414577679624391));
#6948=CARTESIAN_POINT('Ctrl Pts',(-0.146804110784306,1.77729049308944,0.416374049520971));
#6949=CARTESIAN_POINT('',(-0.145333102911525,1.77729049308944,0.440542204083861));
#6950=CARTESIAN_POINT('Ctrl Pts',(-0.146804110879434,1.77729049308944,0.416374049321176));
#6951=CARTESIAN_POINT('Ctrl Pts',(-0.146122025532749,1.77729049308944,0.41780661629303));
#6952=CARTESIAN_POINT('Ctrl Pts',(-0.145564125407985,1.77729049308944,0.419290312887575));
#6953=CARTESIAN_POINT('Ctrl Pts',(-0.145126114998181,1.77729049308944,0.420828701399636));
#6954=CARTESIAN_POINT('Ctrl Pts',(-0.144628555559279,1.77729049308944,0.422576239147013));
#6955=CARTESIAN_POINT('Ctrl Pts',(-0.144282903113748,1.77729049308944,0.424395633671092));
#6956=CARTESIAN_POINT('Ctrl Pts',(-0.144083722581667,1.77729049308944,0.42617758098789));
#6957=CARTESIAN_POINT('Ctrl Pts',(-0.143946882868631,1.77729049308944,0.427401802837927));
#6958=CARTESIAN_POINT('Ctrl Pts',(-0.143879614523786,1.77729049308944,0.428604044332264));
#6959=CARTESIAN_POINT('Ctrl Pts',(-0.143878292582351,1.77729049308944,0.429774100295334));
#6960=CARTESIAN_POINT('Ctrl Pts',(-0.143877077092439,1.77729049308944,0.430849935564807));
#6961=CARTESIAN_POINT('Ctrl Pts',(-0.143932716360715,1.77729049308944,0.431906230365692));
#6962=CARTESIAN_POINT('Ctrl Pts',(-0.144032986791214,1.77729049308944,0.432950357647928));
#6963=CARTESIAN_POINT('Ctrl Pts',(-0.144166425745886,1.77729049308944,0.434339872506833));
#6964=CARTESIAN_POINT('Ctrl Pts',(-0.144377044401971,1.77729049308944,0.435700439281184));
#6965=CARTESIAN_POINT('Ctrl Pts',(-0.144609152674953,1.77729049308944,0.436970746712588));
#6966=CARTESIAN_POINT('Ctrl Pts',(-0.144761607382959,1.77729049308944,0.43780511743985));
#6967=CARTESIAN_POINT('Ctrl Pts',(-0.144922728247902,1.77729049308944,0.438598761802082));
#6968=CARTESIAN_POINT('Ctrl Pts',(-0.145082728675568,1.77729049308944,0.439361884531303));
#6969=CARTESIAN_POINT('Ctrl Pts',(-0.1451663246801,1.77729049308944,0.439760596035151));
#6970=CARTESIAN_POINT('Ctrl Pts',(-0.145249767011692,1.77729049308944,0.440151610891878));
#6971=CARTESIAN_POINT('Ctrl Pts',(-0.145333102911525,1.77729049308944,0.440542204083861));
#6972=CARTESIAN_POINT('Origin',(-0.145333102911525,1.73792041434928,0.440542204083861));
#6973=CARTESIAN_POINT('Ctrl Pts',(-0.228761309572567,1.76403760879564,1.09876259613302));
#6974=CARTESIAN_POINT('Ctrl Pts',(-0.229218762508951,1.76279375516031,1.09994864389753));
#6975=CARTESIAN_POINT('Ctrl Pts',(-0.230148161648222,1.76006017476327,1.10233039667829));
#6976=CARTESIAN_POINT('Ctrl Pts',(-0.231642611733943,1.75497090046339,1.1061295850254));
#6977=CARTESIAN_POINT('Ctrl Pts',(-0.233253321717458,1.7487691684393,1.11016674018933));
#6978=CARTESIAN_POINT('Ctrl Pts',(-0.234887955657052,1.74118246117289,1.11450409949686));
#6979=CARTESIAN_POINT('Ctrl Pts',(-0.235855259957932,1.73281717597596,1.11880586196279));
#6980=CARTESIAN_POINT('Ctrl Pts',(-0.235771861285807,1.72880967825071,1.12058930526467));
#6981=CARTESIAN_POINT('Ctrl Pts',(-0.235773910388055,1.72678382309009,1.1215241960406));
#6982=CARTESIAN_POINT('Ctrl Pts',(-0.231606688048543,1.76286046169237,1.09774215848969));
#6983=CARTESIAN_POINT('Ctrl Pts',(-0.231968578564804,1.76162497137189,1.09892626847506));
#6984=CARTESIAN_POINT('Ctrl Pts',(-0.232734887586855,1.75889455847607,1.10131595800812));
#6985=CARTESIAN_POINT('Ctrl Pts',(-0.234043038270219,1.75379374135701,1.10512434722165));
#6986=CARTESIAN_POINT('Ctrl Pts',(-0.235501766745386,1.74761391322564,1.10910717329885));
#6987=CARTESIAN_POINT('Ctrl Pts',(-0.236976630930716,1.74012296054461,1.11327721379113));
#6988=CARTESIAN_POINT('Ctrl Pts',(-0.237777570848002,1.73203677000198,1.11728884850305));
#6989=CARTESIAN_POINT('Ctrl Pts',(-0.237793612297544,1.72804918705617,1.11896945536758));
#6990=CARTESIAN_POINT('Ctrl Pts',(-0.237852577757488,1.72601140080463,1.11985397146398));
#6991=CARTESIAN_POINT('Ctrl Pts',(-0.236390605246584,1.76034677540099,1.09516449037595));
#6992=CARTESIAN_POINT('Ctrl Pts',(-0.236659135280895,1.75911058542765,1.09637898144431));
#6993=CARTESIAN_POINT('Ctrl Pts',(-0.237263409629427,1.75635894483636,1.09882387723027));
#6994=CARTESIAN_POINT('Ctrl Pts',(-0.238390261540901,1.7511506919804,1.10267411151891));
#6995=CARTESIAN_POINT('Ctrl Pts',(-0.239679982573278,1.74486971343026,1.10655257224602));
#6996=CARTESIAN_POINT('Ctrl Pts',(-0.240800243059871,1.73760306072601,1.11031079669096));
#6997=CARTESIAN_POINT('Ctrl Pts',(-0.241256726285278,1.73012801110306,1.11373407915654));
#6998=CARTESIAN_POINT('Ctrl Pts',(-0.241382899341535,1.72625884877682,1.11520124788042));
#6999=CARTESIAN_POINT('Ctrl Pts',(-0.241487164758593,1.72421891704341,1.11597804700207));
#7000=CARTESIAN_POINT('Ctrl Pts',(-0.243360774894566,1.75557519102241,1.08743463984671));
#7001=CARTESIAN_POINT('Ctrl Pts',(-0.243520708229756,1.75415282805995,1.08889339871918));
#7002=CARTESIAN_POINT('Ctrl Pts',(-0.243874037297882,1.75095170686847,1.09183560586577));
#7003=CARTESIAN_POINT('Ctrl Pts',(-0.244393538058593,1.74516835694875,1.09634076443981));
#7004=CARTESIAN_POINT('Ctrl Pts',(-0.244743272633226,1.73911186728567,1.1003710551545));
#7005=CARTESIAN_POINT('Ctrl Pts',(-0.244822580629715,1.73280568394209,1.10392063199284));
#7006=CARTESIAN_POINT('Ctrl Pts',(-0.244807722348767,1.72642934973218,1.10705295772818));
#7007=CARTESIAN_POINT('Ctrl Pts',(-0.244897069259121,1.72278989261816,1.10838414352586));
#7008=CARTESIAN_POINT('Ctrl Pts',(-0.244940893431553,1.72099936145011,1.10901633579968));
#7009=CARTESIAN_POINT('Ctrl Pts',(-0.245729134542735,1.74941518973726,1.08165671910015));
#7010=CARTESIAN_POINT('Ctrl Pts',(-0.245729134542735,1.74799383678059,1.08339696626056));
#7011=CARTESIAN_POINT('Ctrl Pts',(-0.245729134542736,1.74481554320709,1.08689167749433));
#7012=CARTESIAN_POINT('Ctrl Pts',(-0.245729134542735,1.73941424284187,1.09190359914353));
#7013=CARTESIAN_POINT('Ctrl Pts',(-0.245729134542736,1.73411937628617,1.0959692482259));
#7014=CARTESIAN_POINT('Ctrl Pts',(-0.245729134542736,1.72852473437264,1.09938510211713));
#7015=CARTESIAN_POINT('Ctrl Pts',(-0.245729134542736,1.72295714909568,1.10222794914698));
#7016=CARTESIAN_POINT('Ctrl Pts',(-0.245729134542736,1.72006712632221,1.10341545685164));
#7017=CARTESIAN_POINT('Ctrl Pts',(-0.245729134542736,1.71866889800397,1.10397712681273));
#7018=CARTESIAN_POINT('Ctrl Pts',(-0.245729134542735,1.74628848130623,1.07914108528736));
#7019=CARTESIAN_POINT('Ctrl Pts',(-0.245729134542735,1.7448481384022,1.08097618431069));
#7020=CARTESIAN_POINT('Ctrl Pts',(-0.245729134542736,1.74162966595897,1.08464069283273));
#7021=CARTESIAN_POINT('Ctrl Pts',(-0.245729134542735,1.73633407146183,1.08973061720852));
#7022=CARTESIAN_POINT('Ctrl Pts',(-0.245729134542736,1.73133659600205,1.09370728854758));
#7023=CARTESIAN_POINT('Ctrl Pts',(-0.245729134542736,1.72614529919534,1.09702548429556));
#7024=CARTESIAN_POINT('Ctrl Pts',(-0.245729134542736,1.72119197793375,1.09973869719355));
#7025=CARTESIAN_POINT('Ctrl Pts',(-0.245729134542736,1.71870246346056,1.10090292623736));
#7026=CARTESIAN_POINT('Ctrl Pts',(-0.245729134542736,1.71750359275216,1.10145736332655));
#7027=CARTESIAN_POINT('',(-0.228761309572567,1.76403760879564,1.09876259613302));
#7028=CARTESIAN_POINT('',(-0.235773910388055,1.72678382309009,1.1215241960406));
#7029=CARTESIAN_POINT('Ctrl Pts',(-0.228761309572567,1.76403760879564,1.09876259613302));
#7030=CARTESIAN_POINT('Ctrl Pts',(-0.229218762508951,1.76279375516031,1.09994864389753));
#7031=CARTESIAN_POINT('Ctrl Pts',(-0.230148161648222,1.76006017476327,1.10233039667829));
#7032=CARTESIAN_POINT('Ctrl Pts',(-0.231642611733943,1.75497090046339,1.1061295850254));
#7033=CARTESIAN_POINT('Ctrl Pts',(-0.233253321717458,1.7487691684393,1.11016674018933));
#7034=CARTESIAN_POINT('Ctrl Pts',(-0.234887955657052,1.74118246117289,1.11450409949686));
#7035=CARTESIAN_POINT('Ctrl Pts',(-0.235855259957932,1.73281717597596,1.11880586196279));
#7036=CARTESIAN_POINT('Ctrl Pts',(-0.235771861285807,1.72880967825071,1.12058930526467));
#7037=CARTESIAN_POINT('Ctrl Pts',(-0.235773910388055,1.72678382309009,1.1215241960406));
#7038=CARTESIAN_POINT('',(-0.245729134542735,1.74628848130623,1.07914108528736));
#7039=CARTESIAN_POINT('Ctrl Pts',(-0.228761309572567,1.76403760879564,1.09876259613302));
#7040=CARTESIAN_POINT('Ctrl Pts',(-0.231606688048543,1.76286046169237,1.09774215848969));
#7041=CARTESIAN_POINT('Ctrl Pts',(-0.236390605246584,1.76034677540099,1.09516449037595));
#7042=CARTESIAN_POINT('Ctrl Pts',(-0.243360774894566,1.75557519102241,1.08743463984671));
#7043=CARTESIAN_POINT('Ctrl Pts',(-0.245729134542735,1.74941518973726,1.08165671910015));
#7044=CARTESIAN_POINT('Ctrl Pts',(-0.245729134542735,1.74628848130623,1.07914108528736));
#7045=CARTESIAN_POINT('',(-0.245729134542736,1.71750359275216,1.10145736332655));
#7046=CARTESIAN_POINT('Ctrl Pts',(-0.245729134542736,1.74628848130623,1.07914108528736));
#7047=CARTESIAN_POINT('Ctrl Pts',(-0.245729134542736,1.7452720829368,1.0804360489032));
#7048=CARTESIAN_POINT('Ctrl Pts',(-0.245729134542736,1.74417504117854,1.08172564746357));
#7049=CARTESIAN_POINT('Ctrl Pts',(-0.245729134542736,1.74302103414317,1.0829965072265));
#7050=CARTESIAN_POINT('Ctrl Pts',(-0.245729134542736,1.74145946007942,1.08471620353997));
#7051=CARTESIAN_POINT('Ctrl Pts',(-0.245729134542736,1.73979842851062,1.08639713481157));
#7052=CARTESIAN_POINT('Ctrl Pts',(-0.245729134542736,1.73814365448344,1.08794600129519));
#7053=CARTESIAN_POINT('Ctrl Pts',(-0.245729134542736,1.73702528965177,1.08899278942201));
#7054=CARTESIAN_POINT('Ctrl Pts',(-0.245729134542736,1.73591103826054,1.0899776848457));
#7055=CARTESIAN_POINT('Ctrl Pts',(-0.245729134542736,1.73481396730873,1.09088839101297));
#7056=CARTESIAN_POINT('Ctrl Pts',(-0.245729134542736,1.73324401706855,1.09219164616132));
#7057=CARTESIAN_POINT('Ctrl Pts',(-0.245729134542736,1.73170916442883,1.09334043944387));
#7058=CARTESIAN_POINT('Ctrl Pts',(-0.245729134542736,1.73013864486719,1.09441152584997));
#7059=CARTESIAN_POINT('Ctrl Pts',(-0.245729134542736,1.72891220101635,1.09524795435973));
#7060=CARTESIAN_POINT('Ctrl Pts',(-0.245729134542736,1.72766511005871,1.09603766725287));
#7061=CARTESIAN_POINT('Ctrl Pts',(-0.245729134542736,1.72643689804076,1.09677416672599));
#7062=CARTESIAN_POINT('Ctrl Pts',(-0.245729134542736,1.72508122044281,1.09758710115588));
#7063=CARTESIAN_POINT('Ctrl Pts',(-0.245729134542736,1.72375456016054,1.09833152407514));
#7064=CARTESIAN_POINT('Ctrl Pts',(-0.245729134542736,1.72253131009714,1.0989831788943));
#7065=CARTESIAN_POINT('Ctrl Pts',(-0.245729134542736,1.72156833023513,1.09949618149826));
#7066=CARTESIAN_POINT('Ctrl Pts',(-0.245729134542736,1.72067115680715,1.09995058076672));
#7067=CARTESIAN_POINT('Ctrl Pts',(-0.245729134542736,1.71984224140166,1.10035435684186));
#7068=CARTESIAN_POINT('Ctrl Pts',(-0.245729134542736,1.71913137827181,1.10070062803265));
#7069=CARTESIAN_POINT('Ctrl Pts',(-0.245729134542736,1.71847097880372,1.10100949008261));
#7070=CARTESIAN_POINT('Ctrl Pts',(-0.245729134542736,1.71782488704252,1.1013087054061));
#7071=CARTESIAN_POINT('Ctrl Pts',(-0.245729134542736,1.71771759127843,1.10135839577315));
#7072=CARTESIAN_POINT('Ctrl Pts',(-0.245729134542736,1.71761059034988,1.1014078805623));
#7073=CARTESIAN_POINT('Ctrl Pts',(-0.245729134542736,1.71750359275216,1.10145736332655));
#7074=CARTESIAN_POINT('Origin',(-0.216201575487617,1.71750359275216,1.10145736332655));
#7075=CARTESIAN_POINT('Ctrl Pts',(-0.228761309572567,1.76403760879564,1.09876259613302));
#7076=CARTESIAN_POINT('Ctrl Pts',(-0.231606688048543,1.76286046169237,1.09774215848969));
#7077=CARTESIAN_POINT('Ctrl Pts',(-0.236390605246584,1.76034677540099,1.09516449037595));
#7078=CARTESIAN_POINT('Ctrl Pts',(-0.243360774894566,1.75557519102241,1.08743463984671));
#7079=CARTESIAN_POINT('Ctrl Pts',(-0.245729134542735,1.74941518973726,1.08165671910015));
#7080=CARTESIAN_POINT('Ctrl Pts',(-0.245729134542735,1.74628848130623,1.07914108528736));
#7081=CARTESIAN_POINT('Ctrl Pts',(-0.229726545874171,1.76469288887933,1.09706632954684));
#7082=CARTESIAN_POINT('Ctrl Pts',(-0.232371535423635,1.76354532727467,1.09598626151368));
#7083=CARTESIAN_POINT('Ctrl Pts',(-0.236862302182263,1.76113078215276,1.09329414782342));
#7084=CARTESIAN_POINT('Ctrl Pts',(-0.24352683246011,1.75653994824978,1.08539967312375));
#7085=CARTESIAN_POINT('Ctrl Pts',(-0.245729134542735,1.75066283666998,1.0797767145057));
#7086=CARTESIAN_POINT('Ctrl Pts',(-0.245729134542735,1.74772882421026,1.07730598626402));
#7087=CARTESIAN_POINT('Ctrl Pts',(-0.231543238796502,1.76589035900876,1.0934449209123));
#7088=CARTESIAN_POINT('Ctrl Pts',(-0.233830275663242,1.76481041867754,1.0922537954749));
#7089=CARTESIAN_POINT('Ctrl Pts',(-0.237794149787414,1.76259875459925,1.08933527718278));
#7090=CARTESIAN_POINT('Ctrl Pts',(-0.243889225579732,1.75824653029118,1.08120405845168));
#7091=CARTESIAN_POINT('Ctrl Pts',(-0.245729134542735,1.75289301242673,1.07597053417599));
#7092=CARTESIAN_POINT('Ctrl Pts',(-0.245729134542735,1.75028735091938,1.07359941939301));
#7093=CARTESIAN_POINT('Ctrl Pts',(-0.234046154679322,1.76752380496201,1.08680781268562));
#7094=CARTESIAN_POINT('Ctrl Pts',(-0.235900861324761,1.76655853763965,1.08545723963105));
#7095=CARTESIAN_POINT('Ctrl Pts',(-0.239247400536298,1.76462290552745,1.08216063355482));
#7096=CARTESIAN_POINT('Ctrl Pts',(-0.244488216933308,1.76042732800219,1.07399465854773));
#7097=CARTESIAN_POINT('Ctrl Pts',(-0.245729134542736,1.75578852496938,1.06957488431886));
#7098=CARTESIAN_POINT('Ctrl Pts',(-0.245729134542736,1.75353872862958,1.0674326847448));
#7099=CARTESIAN_POINT('Ctrl Pts',(-0.236403749176537,1.76908159560522,1.07847396100014));
#7100=CARTESIAN_POINT('Ctrl Pts',(-0.237924621867699,1.76820287541548,1.07702941783319));
#7101=CARTESIAN_POINT('Ctrl Pts',(-0.240809099607789,1.76639712586701,1.07350232183423));
#7102=CARTESIAN_POINT('Ctrl Pts',(-0.245017813544825,1.76206757274458,1.06645435076689));
#7103=CARTESIAN_POINT('Ctrl Pts',(-0.245729134542736,1.75791381914889,1.06328322326487));
#7104=CARTESIAN_POINT('Ctrl Pts',(-0.245729134542736,1.75583767651523,1.06160913576793));
#7105=CARTESIAN_POINT('Ctrl Pts',(-0.238582548339668,1.77046050497235,1.06817436091212));
#7106=CARTESIAN_POINT('Ctrl Pts',(-0.239852433184102,1.769546818667,1.06692901610287));
#7107=CARTESIAN_POINT('Ctrl Pts',(-0.24231133497209,1.76750944111114,1.06401197574957));
#7108=CARTESIAN_POINT('Ctrl Pts',(-0.245285693721445,1.76282289095695,1.05955979280228));
#7109=CARTESIAN_POINT('Ctrl Pts',(-0.245729134542735,1.75900280429813,1.05749673240975));
#7110=CARTESIAN_POINT('Ctrl Pts',(-0.245729134542735,1.75704056984059,1.05631946375617));
#7111=CARTESIAN_POINT('Ctrl Pts',(-0.239977589883027,1.77149904815763,1.05648414234198));
#7112=CARTESIAN_POINT('Ctrl Pts',(-0.241095276305221,1.77039993445498,1.05591317197061));
#7113=CARTESIAN_POINT('Ctrl Pts',(-0.243187271750585,1.76788018549659,1.05458821114749));
#7114=CARTESIAN_POINT('Ctrl Pts',(-0.245215089163475,1.76305573067844,1.05283585476204));
#7115=CARTESIAN_POINT('Ctrl Pts',(-0.245729134542736,1.75944438647991,1.05165792292438));
#7116=CARTESIAN_POINT('Ctrl Pts',(-0.245729134542736,1.75758717664831,1.05108298316421));
#7117=CARTESIAN_POINT('Ctrl Pts',(-0.239963519999164,1.77152487854586,1.05020874357057));
#7118=CARTESIAN_POINT('Ctrl Pts',(-0.24114447732725,1.77034392121778,1.05002006101274));
#7119=CARTESIAN_POINT('Ctrl Pts',(-0.243227524578487,1.76765680175638,1.04960110521708));
#7120=CARTESIAN_POINT('Ctrl Pts',(-0.245251676742276,1.76286905122868,1.04892284092253));
#7121=CARTESIAN_POINT('Ctrl Pts',(-0.245729134542736,1.75937101535332,1.04852495201763));
#7122=CARTESIAN_POINT('Ctrl Pts',(-0.245729134542736,1.75760545371936,1.04833549694687));
#7123=CARTESIAN_POINT('Ctrl Pts',(-0.239963519999164,1.77152487854586,1.04701462925428));
#7124=CARTESIAN_POINT('Ctrl Pts',(-0.241178218965196,1.77031017957983,1.04701462925428));
#7125=CARTESIAN_POINT('Ctrl Pts',(-0.243287678210747,1.76756107058077,1.04701462925428));
#7126=CARTESIAN_POINT('Ctrl Pts',(-0.245276833864442,1.76275882402395,1.04701462925428));
#7127=CARTESIAN_POINT('Ctrl Pts',(-0.245729134542736,1.75932329747132,1.04701462925428));
#7128=CARTESIAN_POINT('Ctrl Pts',(-0.245729134542736,1.75760545371936,1.04701462925428));
#7129=CARTESIAN_POINT('',(-0.239963519999164,1.77152487854586,1.04701462925428));
#7130=CARTESIAN_POINT('Ctrl Pts',(-0.228761309572567,1.76403760879564,1.09876259613302));
#7131=CARTESIAN_POINT('Ctrl Pts',(-0.229726545874171,1.76469288887933,1.09706632954684));
#7132=CARTESIAN_POINT('Ctrl Pts',(-0.231543238796502,1.76589035900876,1.0934449209123));
#7133=CARTESIAN_POINT('Ctrl Pts',(-0.234046154679322,1.76752380496201,1.08680781268562));
#7134=CARTESIAN_POINT('Ctrl Pts',(-0.236403749176536,1.76908159560522,1.07847396100014));
#7135=CARTESIAN_POINT('Ctrl Pts',(-0.238582548339668,1.77046050497236,1.06817436091212));
#7136=CARTESIAN_POINT('Ctrl Pts',(-0.239977589883027,1.77149904815763,1.05648414234198));
#7137=CARTESIAN_POINT('Ctrl Pts',(-0.239963519999164,1.77152487854586,1.05020874357057));
#7138=CARTESIAN_POINT('Ctrl Pts',(-0.239963519999164,1.77152487854586,1.04701462925428));
#7139=CARTESIAN_POINT('',(-0.245729134542736,1.75760545371936,1.04701462925428));
#7140=CARTESIAN_POINT('Origin',(-0.226044095172657,1.75760545371936,1.04701462925428));
#7141=CARTESIAN_POINT('Ctrl Pts',(-0.245729134542736,1.75760545371936,1.04701462925428));
#7142=CARTESIAN_POINT('Ctrl Pts',(-0.245729134542736,1.75760545371936,1.04773502075783));
#7143=CARTESIAN_POINT('Ctrl Pts',(-0.245729134542736,1.75760460937924,1.04846024759475));
#7144=CARTESIAN_POINT('Ctrl Pts',(-0.245729134542736,1.75758648161366,1.04923439945619));
#7145=CARTESIAN_POINT('Ctrl Pts',(-0.245729134542736,1.75756545076612,1.05013252833502));
#7146=CARTESIAN_POINT('Ctrl Pts',(-0.245729134542736,1.75752133043928,1.05109555306918));
#7147=CARTESIAN_POINT('Ctrl Pts',(-0.245729134542736,1.75744106250849,1.05211981130723));
#7148=CARTESIAN_POINT('Ctrl Pts',(-0.245729134542736,1.75733246239677,1.05350560209551));
#7149=CARTESIAN_POINT('Ctrl Pts',(-0.245729134542736,1.75715884850132,1.05499708819258));
#7150=CARTESIAN_POINT('Ctrl Pts',(-0.245729134542736,1.75690065049644,1.05650946594434));
#7151=CARTESIAN_POINT('Ctrl Pts',(-0.245729134542736,1.75671692068605,1.05758565116777));
#7152=CARTESIAN_POINT('Ctrl Pts',(-0.245729134542736,1.75649081410274,1.05866976974761));
#7153=CARTESIAN_POINT('Ctrl Pts',(-0.245729134542736,1.75620975669924,1.0597613272395));
#7154=CARTESIAN_POINT('Ctrl Pts',(-0.245729134542736,1.75592373674922,1.06087215803555));
#7155=CARTESIAN_POINT('Ctrl Pts',(-0.245729134542736,1.75557828662346,1.06199798324127));
#7156=CARTESIAN_POINT('Ctrl Pts',(-0.245729134542736,1.75516019628786,1.06316798547936));
#7157=CARTESIAN_POINT('Ctrl Pts',(-0.245729134542736,1.75467882020223,1.06451508932172));
#7158=CARTESIAN_POINT('Ctrl Pts',(-0.245729134542736,1.75410187041893,1.06591972587798));
#7159=CARTESIAN_POINT('Ctrl Pts',(-0.245729134542736,1.7534437218293,1.06735168361548));
#7160=CARTESIAN_POINT('Ctrl Pts',(-0.245729134542736,1.75266609578485,1.06904359278124));
#7161=CARTESIAN_POINT('Ctrl Pts',(-0.245729134542736,1.75177866388836,1.0707669182064));
#7162=CARTESIAN_POINT('Ctrl Pts',(-0.245729134542736,1.75081552524649,1.07243778780184));
#7163=CARTESIAN_POINT('Ctrl Pts',(-0.245729134542736,1.75011710674551,1.07364941631248));
#7164=CARTESIAN_POINT('Ctrl Pts',(-0.245729134542736,1.74937943188555,1.07483205928653));
#7165=CARTESIAN_POINT('Ctrl Pts',(-0.245729134542736,1.7485983522609,1.07598311917006));
#7166=CARTESIAN_POINT('Ctrl Pts',(-0.245729134542736,1.74787278989045,1.0770523644957));
#7167=CARTESIAN_POINT('Ctrl Pts',(-0.245729134542736,1.74710670396314,1.07809861158587));
#7168=CARTESIAN_POINT('Ctrl Pts',(-0.245729134542736,1.74628848130623,1.07914108528736));
#7169=CARTESIAN_POINT('Ctrl Pts',(-0.228761309572567,1.76403760879564,1.09876259613302));
#7170=CARTESIAN_POINT('Ctrl Pts',(-0.229726545874171,1.76469288887933,1.09706632954684));
#7171=CARTESIAN_POINT('Ctrl Pts',(-0.231543238796502,1.76589035900876,1.0934449209123));
#7172=CARTESIAN_POINT('Ctrl Pts',(-0.234046154679322,1.76752380496201,1.08680781268562));
#7173=CARTESIAN_POINT('Ctrl Pts',(-0.236403749176536,1.76908159560522,1.07847396100014));
#7174=CARTESIAN_POINT('Ctrl Pts',(-0.238582548339668,1.77046050497236,1.06817436091212));
#7175=CARTESIAN_POINT('Ctrl Pts',(-0.239977589883027,1.77149904815763,1.05648414234198));
#7176=CARTESIAN_POINT('Ctrl Pts',(-0.239963519999164,1.77152487854586,1.05020874357057));
#7177=CARTESIAN_POINT('Ctrl Pts',(-0.239963519999164,1.77152487854586,1.04701462925428));
#7178=CARTESIAN_POINT('Ctrl Pts',(-0.227846403699798,1.76652531606629,1.09639050060399));
#7179=CARTESIAN_POINT('Ctrl Pts',(-0.228828393225582,1.76700657117478,1.09478209382462));
#7180=CARTESIAN_POINT('Ctrl Pts',(-0.230690780887035,1.7678992160576,1.09129462227346));
#7181=CARTESIAN_POINT('Ctrl Pts',(-0.233262658237898,1.76919799352945,1.08479488863081));
#7182=CARTESIAN_POINT('Ctrl Pts',(-0.235644074714761,1.77045064168312,1.07675174184722));
#7183=CARTESIAN_POINT('Ctrl Pts',(-0.237719379465136,1.77164531682567,1.06683256806512));
#7184=CARTESIAN_POINT('Ctrl Pts',(-0.23887523562141,1.77262821135125,1.05591855124236));
#7185=CARTESIAN_POINT('Ctrl Pts',(-0.238782562671077,1.77270583587395,1.05004252453771));
#7186=CARTESIAN_POINT('Ctrl Pts',(-0.238748821033132,1.7727395775119,1.04701462925428));
#7187=CARTESIAN_POINT('Ctrl Pts',(-0.226047905666676,1.77052860492709,1.09172942541781));
#7188=CARTESIAN_POINT('Ctrl Pts',(-0.227092403727737,1.77078594875145,1.09019898946945));
#7189=CARTESIAN_POINT('Ctrl Pts',(-0.229085462101727,1.77129500946162,1.08683545941357));
#7190=CARTESIAN_POINT('Ctrl Pts',(-0.231791306713374,1.77206064252522,1.0806649649372));
#7191=CARTESIAN_POINT('Ctrl Pts',(-0.234122043433191,1.77292579470719,1.07300549539257));
#7192=CARTESIAN_POINT('Ctrl Pts',(-0.235788808579656,1.7739647221945,1.06373890005298));
#7193=CARTESIAN_POINT('Ctrl Pts',(-0.236346990574911,1.774737791636,1.05464840456122));
#7194=CARTESIAN_POINT('Ctrl Pts',(-0.236095443209684,1.77478888312519,1.04966154970641));
#7195=CARTESIAN_POINT('Ctrl Pts',(-0.235999712034067,1.77484903675745,1.04701462925428));
#7196=CARTESIAN_POINT('Ctrl Pts',(-0.223172958725383,1.77570964568507,1.0822055095222));
#7197=CARTESIAN_POINT('Ctrl Pts',(-0.224249367953989,1.77576463831435,1.08075518214687));
#7198=CARTESIAN_POINT('Ctrl Pts',(-0.226225636080679,1.77590189411626,1.07756506004194));
#7199=CARTESIAN_POINT('Ctrl Pts',(-0.228615407783293,1.7762236049434,1.07185360594625));
#7200=CARTESIAN_POINT('Ctrl Pts',(-0.230335601871441,1.77660061300961,1.06543063758583));
#7201=CARTESIAN_POINT('Ctrl Pts',(-0.231296313886136,1.77683658261081,1.05894864439456));
#7202=CARTESIAN_POINT('Ctrl Pts',(-0.231518095571848,1.77677891405916,1.05300339618513));
#7203=CARTESIAN_POINT('Ctrl Pts',(-0.231307692681979,1.77681303528898,1.04901765628172));
#7204=CARTESIAN_POINT('Ctrl Pts',(-0.231197465477246,1.77683819241114,1.04701462925428));
#7205=CARTESIAN_POINT('Ctrl Pts',(-0.219386718662509,1.77729049308944,1.07506466859486));
#7206=CARTESIAN_POINT('Ctrl Pts',(-0.220472506969357,1.77729049308944,1.07386935879995));
#7207=CARTESIAN_POINT('Ctrl Pts',(-0.222477153601429,1.77729049308944,1.07126033140714));
#7208=CARTESIAN_POINT('Ctrl Pts',(-0.224882401228325,1.77729049308944,1.06679351825486));
#7209=CARTESIAN_POINT('Ctrl Pts',(-0.226597053201073,1.77729049308944,1.06193686434573));
#7210=CARTESIAN_POINT('Ctrl Pts',(-0.227584216073673,1.77729049308944,1.0568918074018));
#7211=CARTESIAN_POINT('Ctrl Pts',(-0.227899992586406,1.77729049308944,1.05187171997176));
#7212=CARTESIAN_POINT('Ctrl Pts',(-0.227809656806619,1.77729049308944,1.04861991925692));
#7213=CARTESIAN_POINT('Ctrl Pts',(-0.22776193892462,1.77729049308944,1.04701462925428));
#7214=CARTESIAN_POINT('Ctrl Pts',(-0.217449461923894,1.77729049308944,1.07184832782554));
#7215=CARTESIAN_POINT('Ctrl Pts',(-0.218549562682899,1.77729049308944,1.07080155345954));
#7216=CARTESIAN_POINT('Ctrl Pts',(-0.220577052132153,1.77729049308944,1.06848411249597));
#7217=CARTESIAN_POINT('Ctrl Pts',(-0.222978055031248,1.77729049308944,1.06450322789003));
#7218=CARTESIAN_POINT('Ctrl Pts',(-0.224667069359614,1.77729049308944,1.06020236947999));
#7219=CARTESIAN_POINT('Ctrl Pts',(-0.225653566121502,1.77729049308944,1.05575146044252));
#7220=CARTESIAN_POINT('Ctrl Pts',(-0.226039729002845,1.77729049308944,1.0513097193154));
#7221=CARTESIAN_POINT('Ctrl Pts',(-0.226044095172657,1.77729049308944,1.04842897843456));
#7222=CARTESIAN_POINT('Ctrl Pts',(-0.226044095172657,1.77729049308944,1.04701462925428));
#7223=CARTESIAN_POINT('',(-0.217449461923894,1.77729049308944,1.07184832782554));
#7224=CARTESIAN_POINT('Ctrl Pts',(-0.228761309572567,1.76403760879564,1.09876259613302));
#7225=CARTESIAN_POINT('Ctrl Pts',(-0.227846403699798,1.76652531606629,1.09639050060399));
#7226=CARTESIAN_POINT('Ctrl Pts',(-0.226047905666676,1.77052860492709,1.09172942541781));
#7227=CARTESIAN_POINT('Ctrl Pts',(-0.223172958725383,1.77570964568507,1.0822055095222));
#7228=CARTESIAN_POINT('Ctrl Pts',(-0.219386718662509,1.77729049308944,1.07506466859486));
#7229=CARTESIAN_POINT('Ctrl Pts',(-0.217449461923894,1.77729049308944,1.07184832782554));
#7230=CARTESIAN_POINT('',(-0.226044095172657,1.77729049308944,1.04701462925428));
#7231=CARTESIAN_POINT('Ctrl Pts',(-0.217449461923894,1.77729049308944,1.07184832782554));
#7232=CARTESIAN_POINT('Ctrl Pts',(-0.219099613062401,1.77729049308944,1.07027816627654));
#7233=CARTESIAN_POINT('Ctrl Pts',(-0.220553590706834,1.77729049308944,1.06845532082589));
#7234=CARTESIAN_POINT('Ctrl Pts',(-0.221749572853259,1.77729049308944,1.06647645747649));
#7235=CARTESIAN_POINT('Ctrl Pts',(-0.222838538144776,1.77729049308944,1.06467466343585));
#7236=CARTESIAN_POINT('Ctrl Pts',(-0.223712409086485,1.77729049308944,1.06274556386657));
#7237=CARTESIAN_POINT('Ctrl Pts',(-0.224364137182876,1.77729049308944,1.06076327706255));
#7238=CARTESIAN_POINT('Ctrl Pts',(-0.22497822927423,1.77729049308944,1.05889546339013));
#7239=CARTESIAN_POINT('Ctrl Pts',(-0.225394906984492,1.77729049308944,1.05698064466778));
#7240=CARTESIAN_POINT('Ctrl Pts',(-0.22565154458881,1.77729049308944,1.05507417647182));
#7241=CARTESIAN_POINT('Ctrl Pts',(-0.22584303269731,1.77729049308944,1.05365168038155));
#7242=CARTESIAN_POINT('Ctrl Pts',(-0.225946154703588,1.77729049308944,1.05223392772861));
#7243=CARTESIAN_POINT('Ctrl Pts',(-0.225996374002878,1.77729049308944,1.05083591171405));
#7244=CARTESIAN_POINT('Ctrl Pts',(-0.22603360160502,1.77729049308944,1.04979956145202));
#7245=CARTESIAN_POINT('Ctrl Pts',(-0.226042111815364,1.77729049308944,1.0487742434537));
#7246=CARTESIAN_POINT('Ctrl Pts',(-0.226043701705724,1.77729049308944,1.04776067249262));
#7247=CARTESIAN_POINT('Ctrl Pts',(-0.226044093223505,1.77729049308944,1.04751107600251));
#7248=CARTESIAN_POINT('Ctrl Pts',(-0.226044095172657,1.77729049308944,1.04726254525068));
#7249=CARTESIAN_POINT('Ctrl Pts',(-0.226044095172657,1.77729049308944,1.04701462925428));
#7250=CARTESIAN_POINT('Origin',(-0.226044095172657,1.75760545371936,1.04701462925428));
#7251=CARTESIAN_POINT('Ctrl Pts',(-0.228761309572567,1.76403760879564,1.09876259613302));
#7252=CARTESIAN_POINT('Ctrl Pts',(-0.227846403699798,1.76652531606629,1.09639050060399));
#7253=CARTESIAN_POINT('Ctrl Pts',(-0.226047905666676,1.77052860492709,1.09172942541781));
#7254=CARTESIAN_POINT('Ctrl Pts',(-0.223172958725383,1.77570964568507,1.0822055095222));
#7255=CARTESIAN_POINT('Ctrl Pts',(-0.219386718662509,1.77729049308944,1.07506466859486));
#7256=CARTESIAN_POINT('Ctrl Pts',(-0.217449461923894,1.77729049308944,1.07184832782554));
#7257=CARTESIAN_POINT('Ctrl Pts',(-0.227054082486981,1.76474389705759,1.09937485871901));
#7258=CARTESIAN_POINT('Ctrl Pts',(-0.226191625458896,1.76707875788944,1.09706051153882));
#7259=CARTESIAN_POINT('Ctrl Pts',(-0.224444582773613,1.77092404204011,1.09247579418236));
#7260=CARTESIAN_POINT('Ctrl Pts',(-0.221556929347063,1.77589865385469,1.08315125932432));
#7261=CARTESIAN_POINT('Ctrl Pts',(-0.21795462224505,1.77729049308944,1.07628461763079));
#7262=CARTESIAN_POINT('Ctrl Pts',(-0.216129341013088,1.77729049308944,1.07310445706474));
#7263=CARTESIAN_POINT('Ctrl Pts',(-0.223348413586186,1.76609628476547,1.10034998841899));
#7264=CARTESIAN_POINT('Ctrl Pts',(-0.222563541502777,1.76818269165426,1.09813967630042));
#7265=CARTESIAN_POINT('Ctrl Pts',(-0.220909209954918,1.77176086291796,1.09367650416066));
#7266=CARTESIAN_POINT('Ctrl Pts',(-0.218020126390737,1.77627222767614,1.0847474500338));
#7267=CARTESIAN_POINT('Ctrl Pts',(-0.214836962132074,1.77729049308944,1.07841122455955));
#7268=CARTESIAN_POINT('Ctrl Pts',(-0.213240465932388,1.77729049308944,1.0752931676488));
#7269=CARTESIAN_POINT('Ctrl Pts',(-0.216331667243362,1.7680545864436,1.10102542366504));
#7270=CARTESIAN_POINT('Ctrl Pts',(-0.215672895452143,1.7698739780347,1.09892716643029));
#7271=CARTESIAN_POINT('Ctrl Pts',(-0.214258145781374,1.77308698756391,1.09457358328697));
#7272=CARTESIAN_POINT('Ctrl Pts',(-0.211751451169395,1.77667011487731,1.08626871811734));
#7273=CARTESIAN_POINT('Ctrl Pts',(-0.209558284221682,1.77729049308944,1.08048369929722));
#7274=CARTESIAN_POINT('Ctrl Pts',(-0.208410473578021,1.77729049308944,1.07741443607847));
#7275=CARTESIAN_POINT('Ctrl Pts',(-0.207234668091986,1.76996333655892,1.1007615941366));
#7276=CARTESIAN_POINT('Ctrl Pts',(-0.206839903555613,1.7715179730308,1.09874472348261));
#7277=CARTESIAN_POINT('Ctrl Pts',(-0.205936842393749,1.77423908493448,1.09444618847836));
#7278=CARTESIAN_POINT('Ctrl Pts',(-0.20490753873361,1.77674868275205,1.08684180668558));
#7279=CARTESIAN_POINT('Ctrl Pts',(-0.203949518182497,1.77729049308944,1.08128533219154));
#7280=CARTESIAN_POINT('Ctrl Pts',(-0.203356968087668,1.77729049308944,1.07828725317876));
#7281=CARTESIAN_POINT('Ctrl Pts',(-0.196583057236563,1.77117860442855,1.09946833197024));
#7282=CARTESIAN_POINT('Ctrl Pts',(-0.196829773819416,1.77242445182069,1.09755529037855));
#7283=CARTESIAN_POINT('Ctrl Pts',(-0.197344788090102,1.77457771502162,1.09342245186197));
#7284=CARTESIAN_POINT('Ctrl Pts',(-0.198347963519559,1.77670571131307,1.08629881702751));
#7285=CARTESIAN_POINT('Ctrl Pts',(-0.198312824079812,1.77729049308944,1.08086586286152));
#7286=CARTESIAN_POINT('Ctrl Pts',(-0.198285805562799,1.77729049308944,1.07806332036198));
#7287=CARTESIAN_POINT('Ctrl Pts',(-0.191496653454594,1.77105513324731,1.09838334564931));
#7288=CARTESIAN_POINT('Ctrl Pts',(-0.191911265794977,1.77235805092025,1.09639569994213));
#7289=CARTESIAN_POINT('Ctrl Pts',(-0.192784737671851,1.77462042837981,1.09213599001134));
#7290=CARTESIAN_POINT('Ctrl Pts',(-0.193999352209378,1.7767826935551,1.08502989048129));
#7291=CARTESIAN_POINT('Ctrl Pts',(-0.194631253557924,1.77729049308944,1.07994951350339));
#7292=CARTESIAN_POINT('Ctrl Pts',(-0.194958665186367,1.77729049308944,1.07738285294359));
#7293=CARTESIAN_POINT('Ctrl Pts',(-0.188901403712921,1.77105513324731,1.09783483669546));
#7294=CARTESIAN_POINT('Ctrl Pts',(-0.189335738423701,1.77240297911587,1.09577979814407));
#7295=CARTESIAN_POINT('Ctrl Pts',(-0.190257559566363,1.77469798669139,1.09141823564715));
#7296=CARTESIAN_POINT('Ctrl Pts',(-0.191749935842997,1.77681444918177,1.08435711272621));
#7297=CARTESIAN_POINT('Ctrl Pts',(-0.192782059792044,1.77729049308944,1.0794736565979));
#7298=CARTESIAN_POINT('Ctrl Pts',(-0.193298128505818,1.77729049308944,1.07703189664723));
#7299=CARTESIAN_POINT('',(-0.188901403712921,1.77105513324731,1.09783483669546));
#7300=CARTESIAN_POINT('Ctrl Pts',(-0.228761309572567,1.76403760879564,1.09876259613302));
#7301=CARTESIAN_POINT('Ctrl Pts',(-0.227054082486981,1.76474389705759,1.09937485871901));
#7302=CARTESIAN_POINT('Ctrl Pts',(-0.223348413586186,1.76609628476547,1.10034998841899));
#7303=CARTESIAN_POINT('Ctrl Pts',(-0.216331667243362,1.7680545864436,1.10102542366504));
#7304=CARTESIAN_POINT('Ctrl Pts',(-0.207234668091986,1.76996333655892,1.1007615941366));
#7305=CARTESIAN_POINT('Ctrl Pts',(-0.196583057236563,1.77117860442855,1.09946833197024));
#7306=CARTESIAN_POINT('Ctrl Pts',(-0.191496653454594,1.77105513324731,1.09838334564931));
#7307=CARTESIAN_POINT('Ctrl Pts',(-0.188901403712921,1.77105513324731,1.09783483669546));
#7308=CARTESIAN_POINT('',(-0.193298128505818,1.77729049308944,1.07703189664723));
#7309=CARTESIAN_POINT('Origin',(-0.193298128505818,1.73792041434928,1.07703189664723));
#7310=CARTESIAN_POINT('Ctrl Pts',(-0.193298128505818,1.77729049308944,1.07703189664723));
#7311=CARTESIAN_POINT('Ctrl Pts',(-0.194696895364622,1.77729049308944,1.07732752759715));
#7312=CARTESIAN_POINT('Ctrl Pts',(-0.196097114742441,1.77729049308944,1.0776182079085));
#7313=CARTESIAN_POINT('Ctrl Pts',(-0.197506876752974,1.77729049308944,1.07782386906657));
#7314=CARTESIAN_POINT('Ctrl Pts',(-0.199172818949759,1.77729049308944,1.07806690271261));
#7315=CARTESIAN_POINT('Ctrl Pts',(-0.200852147313123,1.77729049308944,1.07819276052501));
#7316=CARTESIAN_POINT('Ctrl Pts',(-0.202532637917821,1.77729049308944,1.07814278458718));
#7317=CARTESIAN_POINT('Ctrl Pts',(-0.204330557167204,1.77729049308944,1.07808931645092));
#7318=CARTESIAN_POINT('Ctrl Pts',(-0.206129599480565,1.77729049308944,1.07783577735949));
#7319=CARTESIAN_POINT('Ctrl Pts',(-0.207891658008187,1.77729049308944,1.07734622810065));
#7320=CARTESIAN_POINT('Ctrl Pts',(-0.20984382666487,1.77729049308944,1.07680386091817));
#7321=CARTESIAN_POINT('Ctrl Pts',(-0.211749128497997,1.77729049308944,1.07597236246812));
#7322=CARTESIAN_POINT('Ctrl Pts',(-0.213534758235334,1.77729049308944,1.07487219634813));
#7323=CARTESIAN_POINT('Ctrl Pts',(-0.214923032390666,1.77729049308944,1.07401684982302));
#7324=CARTESIAN_POINT('Ctrl Pts',(-0.216238474523745,1.77729049308944,1.07300061370268));
#7325=CARTESIAN_POINT('Ctrl Pts',(-0.217449461923894,1.77729049308944,1.07184832782554));
#7326=CARTESIAN_POINT('Ctrl Pts',(-0.228761309572567,1.76403760879564,1.09876259613302));
#7327=CARTESIAN_POINT('Ctrl Pts',(-0.227054082486981,1.76474389705759,1.09937485871901));
#7328=CARTESIAN_POINT('Ctrl Pts',(-0.223348413586186,1.76609628476547,1.10034998841899));
#7329=CARTESIAN_POINT('Ctrl Pts',(-0.216331667243362,1.7680545864436,1.10102542366504));
#7330=CARTESIAN_POINT('Ctrl Pts',(-0.207234668091986,1.76996333655892,1.1007615941366));
#7331=CARTESIAN_POINT('Ctrl Pts',(-0.196583057236563,1.77117860442855,1.09946833197024));
#7332=CARTESIAN_POINT('Ctrl Pts',(-0.191496653454594,1.77105513324731,1.09838334564931));
#7333=CARTESIAN_POINT('Ctrl Pts',(-0.188901403712921,1.77105513324731,1.09783483669546));
#7334=CARTESIAN_POINT('Ctrl Pts',(-0.226830836969358,1.76272704862824,1.10215512930538));
#7335=CARTESIAN_POINT('Ctrl Pts',(-0.225095403219922,1.76347476895803,1.10249970338733));
#7336=CARTESIAN_POINT('Ctrl Pts',(-0.221332786880316,1.76488603223721,1.10301535764735));
#7337=CARTESIAN_POINT('Ctrl Pts',(-0.214258426979472,1.76688617265686,1.10316811641387));
#7338=CARTESIAN_POINT('Ctrl Pts',(-0.20527091585342,1.76877648999029,1.10255898067189));
#7339=CARTESIAN_POINT('Ctrl Pts',(-0.195367599620826,1.76992326182048,1.10118852243027));
#7340=CARTESIAN_POINT('Ctrl Pts',(-0.190793680031803,1.76975221557437,1.10031004591718));
#7341=CARTESIAN_POINT('Ctrl Pts',(-0.188467069002141,1.76970728737875,1.09988987524684));
#7342=CARTESIAN_POINT('Ctrl Pts',(-0.222698736785765,1.75980022162039,1.10796190141954));
#7343=CARTESIAN_POINT('Ctrl Pts',(-0.220895237147284,1.76060162244628,1.10791792830556));
#7344=CARTESIAN_POINT('Ctrl Pts',(-0.216992034061344,1.76208180336489,1.10774659994272));
#7345=CARTESIAN_POINT('Ctrl Pts',(-0.209722110917056,1.76413026235017,1.10709209041592));
#7346=CARTESIAN_POINT('Ctrl Pts',(-0.201082155196361,1.7659846446611,1.10594738755971));
#7347=CARTESIAN_POINT('Ctrl Pts',(-0.19299569460561,1.76699710588241,1.10452801674572));
#7348=CARTESIAN_POINT('Ctrl Pts',(-0.189496760572393,1.76674199265594,1.10398976750928));
#7349=CARTESIAN_POINT('Ctrl Pts',(-0.187651573989288,1.76661098188519,1.10374835960989));
#7350=CARTESIAN_POINT('Ctrl Pts',(-0.212787437509905,1.75291367722397,1.11562449137934));
#7351=CARTESIAN_POINT('Ctrl Pts',(-0.211016359175497,1.75393564128017,1.11508618104889));
#7352=CARTESIAN_POINT('Ctrl Pts',(-0.207298343465506,1.75586097085204,1.11399398093464));
#7353=CARTESIAN_POINT('Ctrl Pts',(-0.201158215817155,1.75851104848748,1.11218415927455));
#7354=CARTESIAN_POINT('Ctrl Pts',(-0.195434153041172,1.76054879806564,1.11042299876543));
#7355=CARTESIAN_POINT('Ctrl Pts',(-0.190777322421868,1.76138776766511,1.10912607683763));
#7356=CARTESIAN_POINT('Ctrl Pts',(-0.188033923137296,1.76109430236681,1.10875740596421));
#7357=CARTESIAN_POINT('Ctrl Pts',(-0.186631917270371,1.76093199719923,1.10857282750191));
#7358=CARTESIAN_POINT('Ctrl Pts',(-0.207452514361725,1.74947258029789,1.11821996623953));
#7359=CARTESIAN_POINT('Ctrl Pts',(-0.206138451784421,1.75055335359163,1.11751862118317));
#7360=CARTESIAN_POINT('Ctrl Pts',(-0.20338714079515,1.75252270555186,1.1161720778744));
#7361=CARTESIAN_POINT('Ctrl Pts',(-0.198841336068173,1.75487663582127,1.11430654733392));
#7362=CARTESIAN_POINT('Ctrl Pts',(-0.194422827373609,1.75631319854196,1.11283163249747));
#7363=CARTESIAN_POINT('Ctrl Pts',(-0.190018337886682,1.75679995963817,1.11174670464734));
#7364=CARTESIAN_POINT('Ctrl Pts',(-0.187396645980528,1.75666852130578,1.11126694547029));
#7365=CARTESIAN_POINT('Ctrl Pts',(-0.186112391570051,1.75659289620266,1.11103094405602));
#7366=CARTESIAN_POINT('Ctrl Pts',(-0.205476948914415,1.74785119444559,1.11866286434114));
#7367=CARTESIAN_POINT('Ctrl Pts',(-0.204389532561887,1.74885672070958,1.11802614143232));
#7368=CARTESIAN_POINT('Ctrl Pts',(-0.202010535137697,1.75063893946766,1.11681639040765));
#7369=CARTESIAN_POINT('Ctrl Pts',(-0.197895363117179,1.75266167250842,1.11516772958054));
#7370=CARTESIAN_POINT('Ctrl Pts',(-0.193803224958604,1.75383577149084,1.11386887335184));
#7371=CARTESIAN_POINT('Ctrl Pts',(-0.189605610942767,1.75431075977985,1.11282679342863));
#7372=CARTESIAN_POINT('Ctrl Pts',(-0.187107240999638,1.75432414310885,1.11230402262705));
#7373=CARTESIAN_POINT('Ctrl Pts',(-0.185897369109519,1.75432414310885,1.11204831484136));
#7374=CARTESIAN_POINT('',(-0.205476948914415,1.74785119444559,1.11866286434114));
#7375=CARTESIAN_POINT('Ctrl Pts',(-0.228761309572567,1.76403760879564,1.09876259613302));
#7376=CARTESIAN_POINT('Ctrl Pts',(-0.226830836969358,1.76272704862824,1.10215512930538));
#7377=CARTESIAN_POINT('Ctrl Pts',(-0.222698736785765,1.75980022162039,1.10796190141954));
#7378=CARTESIAN_POINT('Ctrl Pts',(-0.212787437509905,1.75291367722397,1.11562449137934));
#7379=CARTESIAN_POINT('Ctrl Pts',(-0.207452514361725,1.74947258029789,1.11821996623953));
#7380=CARTESIAN_POINT('Ctrl Pts',(-0.205476948914415,1.74785119444559,1.11866286434114));
#7381=CARTESIAN_POINT('',(-0.185897369109518,1.75432414310885,1.11204831484136));
#7382=CARTESIAN_POINT('Ctrl Pts',(-0.205476948914415,1.74785119444559,1.11866286434114));
#7383=CARTESIAN_POINT('Ctrl Pts',(-0.204553802970081,1.74870482101684,1.11812232789475));
#7384=CARTESIAN_POINT('Ctrl Pts',(-0.203560229676671,1.74947500772356,1.11760561529814));
#7385=CARTESIAN_POINT('Ctrl Pts',(-0.202494531443419,1.75016804827746,1.11710781685893));
#7386=CARTESIAN_POINT('Ctrl Pts',(-0.201191786883877,1.75101524383711,1.11649929167966));
#7387=CARTESIAN_POINT('Ctrl Pts',(-0.199785110665305,1.75174676871045,1.11591946735522));
#7388=CARTESIAN_POINT('Ctrl Pts',(-0.198364807699216,1.75233332387343,1.11539558268931));
#7389=CARTESIAN_POINT('Ctrl Pts',(-0.197383600805846,1.75273854162133,1.11503366043906));
#7390=CARTESIAN_POINT('Ctrl Pts',(-0.196398812061996,1.75307307289767,1.11469979953291));
#7391=CARTESIAN_POINT('Ctrl Pts',(-0.195417299644799,1.75333833173914,1.11439468557045));
#7392=CARTESIAN_POINT('Ctrl Pts',(-0.194470506697085,1.75359420746321,1.11410036453808));
#7393=CARTESIAN_POINT('Ctrl Pts',(-0.193518649078507,1.75378762622445,1.11383037437523));
#7394=CARTESIAN_POINT('Ctrl Pts',(-0.19256392969781,1.7539322671418,1.11357874406035));
#7395=CARTESIAN_POINT('Ctrl Pts',(-0.191387194872509,1.75411054361554,1.11326859831427));
#7396=CARTESIAN_POINT('Ctrl Pts',(-0.190212891832313,1.75421360447098,1.11298801031821));
#7397=CARTESIAN_POINT('Ctrl Pts',(-0.189095439686242,1.75426738714493,1.11273659751437));
#7398=CARTESIAN_POINT('Ctrl Pts',(-0.188297064139458,1.75430581274721,1.11255697296809));
#7399=CARTESIAN_POINT('Ctrl Pts',(-0.187529461485086,1.75431900679853,1.11239273866922));
#7400=CARTESIAN_POINT('Ctrl Pts',(-0.186784328195003,1.75432265977059,1.11223537752392));
#7401=CARTESIAN_POINT('Ctrl Pts',(-0.186486530251199,1.75432411970747,1.11217248699664));
#7402=CARTESIAN_POINT('Ctrl Pts',(-0.186191842879642,1.75432414310885,1.11211055220411));
#7403=CARTESIAN_POINT('Ctrl Pts',(-0.185897369109519,1.75432414310885,1.11204831484136));
#7404=CARTESIAN_POINT('Origin',(-0.193298128505818,1.73792041434928,1.07703189664723));
#7405=CARTESIAN_POINT('Ctrl Pts',(0.0701954405775786,1.75794779361357,0.579756595356476));
#7406=CARTESIAN_POINT('Ctrl Pts',(0.0682180088299824,1.75869917700436,0.579907045358127));
#7407=CARTESIAN_POINT('Ctrl Pts',(0.0639800108559497,1.76010244545718,0.58039267630175));
#7408=CARTESIAN_POINT('Ctrl Pts',(0.0561800002300196,1.76209596368386,0.581705641068752));
#7409=CARTESIAN_POINT('Ctrl Pts',(0.046468880199408,1.764001648718,0.583560303775393));
#7410=CARTESIAN_POINT('Ctrl Pts',(0.0339612852781717,1.76569569135335,0.586200959468173));
#7411=CARTESIAN_POINT('Ctrl Pts',(0.027341336300231,1.76575926400229,0.587808622405766));
#7412=CARTESIAN_POINT('Ctrl Pts',(0.0240522498841094,1.76575926400229,0.588510372927128));
#7413=CARTESIAN_POINT('Ctrl Pts',(0.0683205479880301,1.75578724153883,0.576550605109834));
#7414=CARTESIAN_POINT('Ctrl Pts',(0.0663909427583498,1.75661067537081,0.576941080786415));
#7415=CARTESIAN_POINT('Ctrl Pts',(0.0622211640996316,1.75814258876614,0.577832182037745));
#7416=CARTESIAN_POINT('Ctrl Pts',(0.0545174901680532,1.76025919679173,0.579570764369656));
#7417=CARTESIAN_POINT('Ctrl Pts',(0.0449158457577357,1.76213120884167,0.581621781063108));
#7418=CARTESIAN_POINT('Ctrl Pts',(0.0329996421243967,1.76352310167256,0.584145395335172));
#7419=CARTESIAN_POINT('Ctrl Pts',(0.0267143323061099,1.7634108460013,0.585541123549927));
#7420=CARTESIAN_POINT('Ctrl Pts',(0.0235453296005716,1.76332986607023,0.58613445076122));
#7421=CARTESIAN_POINT('Ctrl Pts',(0.0647080958899664,1.7512514036499,0.571447682674273));
#7422=CARTESIAN_POINT('Ctrl Pts',(0.0628241918536469,1.75221315833605,0.572146033474853));
#7423=CARTESIAN_POINT('Ctrl Pts',(0.0587226153754038,1.75398909168477,0.573591067387956));
#7424=CARTESIAN_POINT('Ctrl Pts',(0.0509627541915836,1.75627655874386,0.575918095704755));
#7425=CARTESIAN_POINT('Ctrl Pts',(0.0414945551083036,1.75787784879338,0.578153990761372));
#7426=CARTESIAN_POINT('Ctrl Pts',(0.0309969189870403,1.75850358915261,0.580420334074978));
#7427=CARTESIAN_POINT('Ctrl Pts',(0.0255276500944007,1.75806140289358,0.581545251073824));
#7428=CARTESIAN_POINT('Ctrl Pts',(0.0226650064021749,1.7578316480721,0.582008398858863));
#7429=CARTESIAN_POINT('Ctrl Pts',(0.0580397380059744,1.74166999551668,0.565479164677522));
#7430=CARTESIAN_POINT('Ctrl Pts',(0.0560727060360124,1.74280111428175,0.566506791830909));
#7431=CARTESIAN_POINT('Ctrl Pts',(0.0517330167837829,1.74481352406728,0.568584235261046));
#7432=CARTESIAN_POINT('Ctrl Pts',(0.0440629766612568,1.74717034911631,0.57161316818661));
#7433=CARTESIAN_POINT('Ctrl Pts',(0.0364046355833334,1.74848272945229,0.574216372224836));
#7434=CARTESIAN_POINT('Ctrl Pts',(0.0286777000711156,1.74892503383258,0.576665993914275));
#7435=CARTESIAN_POINT('Ctrl Pts',(0.024101265764116,1.74849170024982,0.577695845851895));
#7436=CARTESIAN_POINT('Ctrl Pts',(0.0218348885078084,1.74822715495846,0.57811765790887));
#7437=CARTESIAN_POINT('Ctrl Pts',(0.0540503727744271,1.73263961353169,0.564621631668734));
#7438=CARTESIAN_POINT('Ctrl Pts',(0.0521355568754584,1.73401725848825,0.565751249347942));
#7439=CARTESIAN_POINT('Ctrl Pts',(0.0479250816472075,1.73655830909861,0.568073757645819));
#7440=CARTESIAN_POINT('Ctrl Pts',(0.0409857372153996,1.7395125351998,0.571268715586926));
#7441=CARTESIAN_POINT('Ctrl Pts',(0.0343254611756346,1.7410994173461,0.57380314090948));
#7442=CARTESIAN_POINT('Ctrl Pts',(0.0273265678349287,1.74165834576171,0.575933852950045));
#7443=CARTESIAN_POINT('Ctrl Pts',(0.0234919721897735,1.74147062477,0.576839145490185));
#7444=CARTESIAN_POINT('Ctrl Pts',(0.0216461336026865,1.7413561018532,0.577232968584795));
#7445=CARTESIAN_POINT('Ctrl Pts',(0.0526786920179817,1.72837570487725,0.565403669234442));
#7446=CARTESIAN_POINT('Ctrl Pts',(0.0507162850955056,1.7298432367035,0.566522498032887));
#7447=CARTESIAN_POINT('Ctrl Pts',(0.046396007248032,1.73253180196918,0.568816299521317));
#7448=CARTESIAN_POINT('Ctrl Pts',(0.0395528251972443,1.73555674257095,0.571839917085226));
#7449=CARTESIAN_POINT('Ctrl Pts',(0.0331979025047613,1.73717810016507,0.574166969072402));
#7450=CARTESIAN_POINT('Ctrl Pts',(0.0267270612633103,1.73789518478078,0.57608018931061));
#7451=CARTESIAN_POINT('Ctrl Pts',(0.0232925387049677,1.73792041434928,0.576881696075434));
#7452=CARTESIAN_POINT('Ctrl Pts',(0.0216461336026865,1.73792041434928,0.577232968584795));
#7453=CARTESIAN_POINT('',(0.0701954405775786,1.75794779361357,0.579756595356476));
#7454=CARTESIAN_POINT('',(0.0240522498841093,1.76575926400229,0.588510372927128));
#7455=CARTESIAN_POINT('Ctrl Pts',(0.0701954405775786,1.75794779361357,0.579756595356476));
#7456=CARTESIAN_POINT('Ctrl Pts',(0.0682180088299824,1.75869917700436,0.579907045358127));
#7457=CARTESIAN_POINT('Ctrl Pts',(0.0639800108559497,1.76010244545718,0.58039267630175));
#7458=CARTESIAN_POINT('Ctrl Pts',(0.0561800002300196,1.76209596368386,0.581705641068752));
#7459=CARTESIAN_POINT('Ctrl Pts',(0.046468880199408,1.764001648718,0.583560303775393));
#7460=CARTESIAN_POINT('Ctrl Pts',(0.0339612852781717,1.76569569135335,0.586200959468173));
#7461=CARTESIAN_POINT('Ctrl Pts',(0.027341336300231,1.76575926400229,0.587808622405766));
#7462=CARTESIAN_POINT('Ctrl Pts',(0.0240522498841094,1.76575926400229,0.588510372927128));
#7463=CARTESIAN_POINT('',(0.0526786920179817,1.72837570487725,0.565403669234442));
#7464=CARTESIAN_POINT('Ctrl Pts',(0.0701954405775786,1.75794779361357,0.579756595356476));
#7465=CARTESIAN_POINT('Ctrl Pts',(0.0683205479880301,1.75578724153883,0.576550605109834));
#7466=CARTESIAN_POINT('Ctrl Pts',(0.0647080958899664,1.7512514036499,0.571447682674273));
#7467=CARTESIAN_POINT('Ctrl Pts',(0.0580397380059744,1.74166999551668,0.565479164677522));
#7468=CARTESIAN_POINT('Ctrl Pts',(0.0540503727744271,1.73263961353169,0.564621631668734));
#7469=CARTESIAN_POINT('Ctrl Pts',(0.0526786920179817,1.72837570487725,0.565403669234442));
#7470=CARTESIAN_POINT('',(0.0216461336026866,1.73792041434928,0.577232968584795));
#7471=CARTESIAN_POINT('Ctrl Pts',(0.0526786920179816,1.72837570487725,0.565403669234443));
#7472=CARTESIAN_POINT('Ctrl Pts',(0.0514943289199705,1.7292613981146,0.566078911217485));
#7473=CARTESIAN_POINT('Ctrl Pts',(0.0502465149344728,1.73009773323712,0.56676048376464));
#7474=CARTESIAN_POINT('Ctrl Pts',(0.0489475245039129,1.73088433734016,0.567434980326648));
#7475=CARTESIAN_POINT('Ctrl Pts',(0.0470072005807957,1.73205930116071,0.568442487221645));
#7476=CARTESIAN_POINT('Ctrl Pts',(0.0449572285443611,1.73312087487884,0.569428906355409));
#7477=CARTESIAN_POINT('Ctrl Pts',(0.0429326518231871,1.7340127876397,0.570326417868378));
#7478=CARTESIAN_POINT('Ctrl Pts',(0.0416562960884499,1.73457507700879,0.57089223686382));
#7479=CARTESIAN_POINT('Ctrl Pts',(0.0403921712071634,1.73506881886368,0.571422940366429));
#7480=CARTESIAN_POINT('Ctrl Pts',(0.0391534368816241,1.73548917872692,0.57191684730507));
#7481=CARTESIAN_POINT('Ctrl Pts',(0.0376719371488484,1.7359919201237,0.572507549429429));
#7482=CARTESIAN_POINT('Ctrl Pts',(0.0362240458055687,1.73638961659865,0.573047671092944));
#7483=CARTESIAN_POINT('Ctrl Pts',(0.0347671132609765,1.73670915066205,0.573556732393744));
#7484=CARTESIAN_POINT('Ctrl Pts',(0.0333209161455652,1.73702633023395,0.574062042668758));
#7485=CARTESIAN_POINT('Ctrl Pts',(0.0318658204043072,1.73726721818113,0.574535389517517));
#7486=CARTESIAN_POINT('Ctrl Pts',(0.0304444051907469,1.73744746925593,0.574965987636423));
#7487=CARTESIAN_POINT('Ctrl Pts',(0.029030067689315,1.73762682279902,0.575394441660135));
#7488=CARTESIAN_POINT('Ctrl Pts',(0.0276556143304278,1.73774509034713,0.575778572340653));
#7489=CARTESIAN_POINT('Ctrl Pts',(0.02637328343804,1.73781679620331,0.576112952820669));
#7490=CARTESIAN_POINT('Ctrl Pts',(0.0254086201613602,1.7378707386035,0.576364498323802));
#7491=CARTESIAN_POINT('Ctrl Pts',(0.024496990798274,1.73789821270541,0.576588117981218));
#7492=CARTESIAN_POINT('Ctrl Pts',(0.0236299573569251,1.73791047775447,0.576790195396594));
#7493=CARTESIAN_POINT('Ctrl Pts',(0.0229503650918594,1.73792009126195,0.576948586344261));
#7494=CARTESIAN_POINT('Ctrl Pts',(0.0222978671164211,1.73792041434928,0.577093916497015));
#7495=CARTESIAN_POINT('Ctrl Pts',(0.0216461336026866,1.73792041434928,0.577232968584795));
#7496=CARTESIAN_POINT('Origin',(0.029861128443367,1.73792041434928,0.615736435438753));
#7497=CARTESIAN_POINT('Ctrl Pts',(0.0701954405775786,1.75794779361357,0.579756595356476));
#7498=CARTESIAN_POINT('Ctrl Pts',(0.0683205479880301,1.75578724153883,0.576550605109834));
#7499=CARTESIAN_POINT('Ctrl Pts',(0.0647080958899664,1.7512514036499,0.571447682674273));
#7500=CARTESIAN_POINT('Ctrl Pts',(0.0580397380059744,1.74166999551668,0.565479164677522));
#7501=CARTESIAN_POINT('Ctrl Pts',(0.0540503727744271,1.73263961353169,0.564621631668734));
#7502=CARTESIAN_POINT('Ctrl Pts',(0.0526786920179817,1.72837570487725,0.565403669234442));
#7503=CARTESIAN_POINT('Ctrl Pts',(0.0710479367714456,1.75590007897794,0.57768255120684));
#7504=CARTESIAN_POINT('Ctrl Pts',(0.0692580012856302,1.75374464980626,0.574698970677506));
#7505=CARTESIAN_POINT('Ctrl Pts',(0.0658080447394265,1.74922912773751,0.569919534893307));
#7506=CARTESIAN_POINT('Ctrl Pts',(0.059512407740037,1.73961482795065,0.564213793390798));
#7507=CARTESIAN_POINT('Ctrl Pts',(0.0558737432896328,1.73097770799817,0.563544149827239));
#7508=CARTESIAN_POINT('Ctrl Pts',(0.0546410989404577,1.72690817305101,0.564284840435998));
#7509=CARTESIAN_POINT('Ctrl Pts',(0.0727212166715547,1.75139649315954,0.573531359490416));
#7510=CARTESIAN_POINT('Ctrl Pts',(0.07109688005455,1.74926435513913,0.570958955604103));
#7511=CARTESIAN_POINT('Ctrl Pts',(0.0679524622172856,1.74480419562376,0.566789079347797));
#7512=CARTESIAN_POINT('Ctrl Pts',(0.0623205199945751,1.7351357169272,0.561619938927323));
#7513=CARTESIAN_POINT('Ctrl Pts',(0.0593087611592294,1.72735493551322,0.561376774881433));
#7514=CARTESIAN_POINT('Ctrl Pts',(0.0582843186768265,1.72363181195308,0.562049537198416));
#7515=CARTESIAN_POINT('Ctrl Pts',(0.075520934698191,1.74272410216845,0.566902895420446));
#7516=CARTESIAN_POINT('Ctrl Pts',(0.0741250251361766,1.7406550114911,0.564883074376762));
#7517=CARTESIAN_POINT('Ctrl Pts',(0.0713465657001005,1.73612030977706,0.561341403484589));
#7518=CARTESIAN_POINT('Ctrl Pts',(0.0665597816134668,1.72701793703111,0.557473166821682));
#7519=CARTESIAN_POINT('Ctrl Pts',(0.0640400169217247,1.72090761758815,0.558004043675362));
#7520=CARTESIAN_POINT('Ctrl Pts',(0.0630673837904487,1.7177940907104,0.558714159075588));
#7521=CARTESIAN_POINT('Ctrl Pts',(0.0787432372974884,1.73143336857668,0.559520132714647));
#7522=CARTESIAN_POINT('Ctrl Pts',(0.077436939072573,1.72957196785192,0.55802784793203));
#7523=CARTESIAN_POINT('Ctrl Pts',(0.0747182256651215,1.72556953693638,0.555501314677923));
#7524=CARTESIAN_POINT('Ctrl Pts',(0.0701340245006474,1.71887542520565,0.554036428031765));
#7525=CARTESIAN_POINT('Ctrl Pts',(0.0674943307265387,1.71458598551336,0.555281779825934));
#7526=CARTESIAN_POINT('Ctrl Pts',(0.0663782934979483,1.71218626376012,0.556163931245245));
#7527=CARTESIAN_POINT('Ctrl Pts',(0.0825631058879206,1.71790322879275,0.552315714024455));
#7528=CARTESIAN_POINT('Ctrl Pts',(0.0810949748323428,1.71686720759408,0.55169038569611));
#7529=CARTESIAN_POINT('Ctrl Pts',(0.0779805475494479,1.71457508045751,0.55086812277769));
#7530=CARTESIAN_POINT('Ctrl Pts',(0.0730305870377576,1.71097620840244,0.551555650205921));
#7531=CARTESIAN_POINT('Ctrl Pts',(0.0701189009527527,1.70783293262258,0.553062275292718));
#7532=CARTESIAN_POINT('Ctrl Pts',(0.0688567727753671,1.70619986605533,0.554124620707206));
#7533=CARTESIAN_POINT('Ctrl Pts',(0.0847989163606068,1.71124894474473,0.550316583698706));
#7534=CARTESIAN_POINT('Ctrl Pts',(0.0830725498361458,1.71057857171931,0.549823983417493));
#7535=CARTESIAN_POINT('Ctrl Pts',(0.0794899510103389,1.70906824691517,0.549356544636986));
#7536=CARTESIAN_POINT('Ctrl Pts',(0.0742470081712117,1.70622358024361,0.55032353338185));
#7537=CARTESIAN_POINT('Ctrl Pts',(0.0712105299179736,1.70400578984624,0.552088615019783));
#7538=CARTESIAN_POINT('Ctrl Pts',(0.0698860887767856,1.70289755763319,0.553233938331374));
#7539=CARTESIAN_POINT('Ctrl Pts',(0.0858851842995531,1.70799762261837,0.549287614641273));
#7540=CARTESIAN_POINT('Ctrl Pts',(0.0840242703857291,1.70747281247649,0.548837171525048));
#7541=CARTESIAN_POINT('Ctrl Pts',(0.0802239854334323,1.70621845197856,0.548500418591832));
#7542=CARTESIAN_POINT('Ctrl Pts',(0.0748048232245534,1.70389324895108,0.54973336719688));
#7543=CARTESIAN_POINT('Ctrl Pts',(0.0717081149385377,1.70218831261674,0.55163929962029));
#7544=CARTESIAN_POINT('Ctrl Pts',(0.0703589520173304,1.70133577325559,0.552820088056197));
#7545=CARTESIAN_POINT('',(0.0858851842995531,1.70799762261837,0.549287614641273));
#7546=CARTESIAN_POINT('Ctrl Pts',(0.0701954405775786,1.75794779361357,0.579756595356476));
#7547=CARTESIAN_POINT('Ctrl Pts',(0.0710479367714457,1.75590007897794,0.57768255120684));
#7548=CARTESIAN_POINT('Ctrl Pts',(0.0727212166715547,1.75139649315954,0.573531359490416));
#7549=CARTESIAN_POINT('Ctrl Pts',(0.075520934698191,1.74272410216845,0.566902895420446));
#7550=CARTESIAN_POINT('Ctrl Pts',(0.0787432372974884,1.73143336857668,0.559520132714647));
#7551=CARTESIAN_POINT('Ctrl Pts',(0.0825631058879206,1.71790322879275,0.552315714024455));
#7552=CARTESIAN_POINT('Ctrl Pts',(0.0847989163606068,1.71124894474473,0.550316583698706));
#7553=CARTESIAN_POINT('Ctrl Pts',(0.0858851842995532,1.70799762261837,0.549287614641273));
#7554=CARTESIAN_POINT('',(0.0703589520173304,1.70133577325559,0.552820088056197));
#7555=CARTESIAN_POINT('Origin',(0.0833233255130603,1.70133577325559,0.567633115932521));
#7556=CARTESIAN_POINT('Ctrl Pts',(0.0703589520173304,1.70133577325559,0.552820088056197));
#7557=CARTESIAN_POINT('Ctrl Pts',(0.0701382311719047,1.7020647755096,0.553013263111444));
#7558=CARTESIAN_POINT('Ctrl Pts',(0.0699149636038644,1.70279798655758,0.55320720127251));
#7559=CARTESIAN_POINT('Ctrl Pts',(0.0696656764627269,1.70357160039189,0.553421672634909));
#7560=CARTESIAN_POINT('Ctrl Pts',(0.0693783547585913,1.70446324704564,0.553668866601881));
#7561=CARTESIAN_POINT('Ctrl Pts',(0.0690567793672664,1.70540775539187,0.553943003710183));
#7562=CARTESIAN_POINT('Ctrl Pts',(0.0686913152334229,1.70639834889806,0.554249989664868));
#7563=CARTESIAN_POINT('Ctrl Pts',(0.0681465916490093,1.70787482660247,0.554707551636388));
#7564=CARTESIAN_POINT('Ctrl Pts',(0.0675070609806311,1.70944718149492,0.555235661218636));
#7565=CARTESIAN_POINT('Ctrl Pts',(0.0667806147352358,1.71100194092316,0.555818108040866));
#7566=CARTESIAN_POINT('Ctrl Pts',(0.0663122654034208,1.71200431452474,0.556193619073841));
#7567=CARTESIAN_POINT('Ctrl Pts',(0.0658087599367101,1.71299736842995,0.556591039287688));
#7568=CARTESIAN_POINT('Ctrl Pts',(0.0652598249854082,1.71397847717757,0.55701526646816));
#7569=CARTESIAN_POINT('Ctrl Pts',(0.0646894205483271,1.71499795823188,0.557456085668136));
#7570=CARTESIAN_POINT('Ctrl Pts',(0.0640655523766957,1.7160118992701,0.557929343862529));
#7571=CARTESIAN_POINT('Ctrl Pts',(0.0633732923628764,1.71703559515174,0.558440584574785));
#7572=CARTESIAN_POINT('Ctrl Pts',(0.0625251275661477,1.71828983892147,0.559066962476345));
#7573=CARTESIAN_POINT('Ctrl Pts',(0.0615749696576948,1.71955769213371,0.559749274010817));
#7574=CARTESIAN_POINT('Ctrl Pts',(0.0605438824162939,1.72080416108488,0.560460741482027));
#7575=CARTESIAN_POINT('Ctrl Pts',(0.0593838490317521,1.72220651147589,0.561261183952345));
#7576=CARTESIAN_POINT('Ctrl Pts',(0.0581262856516283,1.72357585778443,0.562094694147462));
#7577=CARTESIAN_POINT('Ctrl Pts',(0.0568121244092499,1.72484780193023,0.562923547169561));
#7578=CARTESIAN_POINT('Ctrl Pts',(0.0558292470714562,1.72579910458285,0.563543456527341));
#7579=CARTESIAN_POINT('Ctrl Pts',(0.0548157652469977,1.72669489135223,0.564160706758066));
#7580=CARTESIAN_POINT('Ctrl Pts',(0.0537610794058945,1.72753854684932,0.56477825940121));
#7581=CARTESIAN_POINT('Ctrl Pts',(0.0534055920728208,1.72782290531039,0.564986408722637));
#7582=CARTESIAN_POINT('Ctrl Pts',(0.0530450140359661,1.72810176107187,0.565194817737574));
#7583=CARTESIAN_POINT('Ctrl Pts',(0.0526786920179816,1.72837570487725,0.565403669234443));
#7584=CARTESIAN_POINT('Ctrl Pts',(0.0701954405775786,1.75794779361357,0.579756595356476));
#7585=CARTESIAN_POINT('Ctrl Pts',(0.0710479367714457,1.75590007897794,0.57768255120684));
#7586=CARTESIAN_POINT('Ctrl Pts',(0.0727212166715547,1.75139649315954,0.573531359490416));
#7587=CARTESIAN_POINT('Ctrl Pts',(0.075520934698191,1.74272410216845,0.566902895420446));
#7588=CARTESIAN_POINT('Ctrl Pts',(0.0787432372974884,1.73143336857668,0.559520132714647));
#7589=CARTESIAN_POINT('Ctrl Pts',(0.0825631058879206,1.71790322879275,0.552315714024455));
#7590=CARTESIAN_POINT('Ctrl Pts',(0.0847989163606068,1.71124894474473,0.550316583698706));
#7591=CARTESIAN_POINT('Ctrl Pts',(0.0858851842995532,1.70799762261837,0.549287614641273));
#7592=CARTESIAN_POINT('Ctrl Pts',(0.0734911601569055,1.75669548796226,0.579505845353724));
#7593=CARTESIAN_POINT('Ctrl Pts',(0.0741486162095418,1.75464263695593,0.577441159593229));
#7594=CARTESIAN_POINT('Ctrl Pts',(0.0755126075300434,1.75007833730081,0.573254277598844));
#7595=CARTESIAN_POINT('Ctrl Pts',(0.077935585521417,1.7414107269819,0.566577480372557));
#7596=CARTESIAN_POINT('Ctrl Pts',(0.0808527694208053,1.73033809729661,0.559278282824121));
#7597=CARTESIAN_POINT('Ctrl Pts',(0.0844452954527952,1.71766625288822,0.552496267871471));
#7598=CARTESIAN_POINT('Ctrl Pts',(0.0866459793227285,1.71155805975611,0.55069485408465));
#7599=CARTESIAN_POINT('Ctrl Pts',(0.0877460982133772,1.70852243276026,0.549738057757497));
#7600=CARTESIAN_POINT('Ctrl Pts',(0.0792777769420674,1.75394297246793,0.579455306931867));
#7601=CARTESIAN_POINT('Ctrl Pts',(0.0797033142205444,1.75181279107728,0.577318696544873));
#7602=CARTESIAN_POINT('Ctrl Pts',(0.0806458814686221,1.74710403031469,0.572951756662393));
#7603=CARTESIAN_POINT('Ctrl Pts',(0.0824878163436303,1.73848167306272,0.566137004846808));
#7604=CARTESIAN_POINT('Ctrl Pts',(0.0851144663072753,1.72774575790024,0.558938600218709));
#7605=CARTESIAN_POINT('Ctrl Pts',(0.0882366154723591,1.71714803252378,0.553319576287498));
#7606=CARTESIAN_POINT('Ctrl Pts',(0.0903056843468026,1.71204089601646,0.551989816237088));
#7607=CARTESIAN_POINT('Ctrl Pts',(0.0913888473104923,1.70936713752618,0.551202926826501));
#7608=CARTESIAN_POINT('Ctrl Pts',(0.0882373142227002,1.74777806979337,0.581002983278027));
#7609=CARTESIAN_POINT('Ctrl Pts',(0.0883057992082019,1.74558927248449,0.578449804942906));
#7610=CARTESIAN_POINT('Ctrl Pts',(0.0885881666505824,1.74083600351045,0.573349277860518));
#7611=CARTESIAN_POINT('Ctrl Pts',(0.0896096295161939,1.73288138050965,0.566303471340917));
#7612=CARTESIAN_POINT('Ctrl Pts',(0.0912478980566349,1.72443818666133,0.560355844010824));
#7613=CARTESIAN_POINT('Ctrl Pts',(0.0932857444197697,1.71700887237902,0.556743543913231));
#7614=CARTESIAN_POINT('Ctrl Pts',(0.0951791859925417,1.7122645285496,0.555524211275186));
#7615=CARTESIAN_POINT('Ctrl Pts',(0.0961205423253018,1.70990465306953,0.554892938988452));
#7616=CARTESIAN_POINT('Ctrl Pts',(0.0922960259414044,1.74438517087682,0.582709435216669));
#7617=CARTESIAN_POINT('Ctrl Pts',(0.0921340444743088,1.74240939376569,0.580029871083402));
#7618=CARTESIAN_POINT('Ctrl Pts',(0.0919930838020028,1.73811941474375,0.574833807804173));
#7619=CARTESIAN_POINT('Ctrl Pts',(0.0925334441625719,1.73118714881568,0.568412054817526));
#7620=CARTESIAN_POINT('Ctrl Pts',(0.0939323159532891,1.72370231264363,0.563362593912469));
#7621=CARTESIAN_POINT('Ctrl Pts',(0.0960064745182648,1.71650385616439,0.560077377346465));
#7622=CARTESIAN_POINT('Ctrl Pts',(0.0976953883385058,1.71193014513521,0.558759825368184));
#7623=CARTESIAN_POINT('Ctrl Pts',(0.0984998437343379,1.70974404686442,0.55812436575805));
#7624=CARTESIAN_POINT('Ctrl Pts',(0.0935422747126876,1.7427124603842,0.583685272382577));
#7625=CARTESIAN_POINT('Ctrl Pts',(0.0933219443285827,1.74086857217233,0.58099965412481));
#7626=CARTESIAN_POINT('Ctrl Pts',(0.0931230679323217,1.73678428766368,0.575867353774185));
#7627=CARTESIAN_POINT('Ctrl Pts',(0.0936952070491203,1.7301186477275,0.569760715388494));
#7628=CARTESIAN_POINT('Ctrl Pts',(0.0951317338425983,1.72290367985122,0.565040816817254));
#7629=CARTESIAN_POINT('Ctrl Pts',(0.0971482157660604,1.71597827446224,0.561900335650068));
#7630=CARTESIAN_POINT('Ctrl Pts',(0.0987084716562333,1.71160168212067,0.56051699397754));
#7631=CARTESIAN_POINT('Ctrl Pts',(0.0994417808834672,1.70953763763538,0.559859725927554));
#7632=CARTESIAN_POINT('',(0.0935422747126876,1.7427124603842,0.583685272382577));
#7633=CARTESIAN_POINT('Ctrl Pts',(0.0701954405775786,1.75794779361357,0.579756595356476));
#7634=CARTESIAN_POINT('Ctrl Pts',(0.0734911601569055,1.75669548796226,0.579505845353724));
#7635=CARTESIAN_POINT('Ctrl Pts',(0.0792777769420674,1.75394297246793,0.579455306931867));
#7636=CARTESIAN_POINT('Ctrl Pts',(0.0882373142227002,1.74777806979337,0.581002983278027));
#7637=CARTESIAN_POINT('Ctrl Pts',(0.0922960259414044,1.74438517087682,0.582709435216669));
#7638=CARTESIAN_POINT('Ctrl Pts',(0.0935422747126876,1.7427124603842,0.583685272382577));
#7639=CARTESIAN_POINT('',(0.099441780883467,1.70953763763538,0.559859725927554));
#7640=CARTESIAN_POINT('Ctrl Pts',(0.0935422747126875,1.7427124603842,0.583685272382577));
#7641=CARTESIAN_POINT('Ctrl Pts',(0.0933599524249358,1.74118665213713,0.581462936744335));
#7642=CARTESIAN_POINT('Ctrl Pts',(0.0932613026690786,1.73952481590199,0.579323276183205));
#7643=CARTESIAN_POINT('Ctrl Pts',(0.093257799195791,1.73778922136917,0.577347003440628));
#7644=CARTESIAN_POINT('Ctrl Pts',(0.09325517886491,1.73649112899684,0.575868902119004));
#7645=CARTESIAN_POINT('Ctrl Pts',(0.0933061989958722,1.73515319998475,0.574484311143599));
#7646=CARTESIAN_POINT('Ctrl Pts',(0.0934142615787467,1.73378445449141,0.573202943111796));
#7647=CARTESIAN_POINT('Ctrl Pts',(0.0935305397601779,1.73231164833987,0.57182415740708));
#7648=CARTESIAN_POINT('Ctrl Pts',(0.0937134182546681,1.73079626618457,0.570558270822311));
#7649=CARTESIAN_POINT('Ctrl Pts',(0.0939576949384822,1.72924464887778,0.569393424290264));
#7650=CARTESIAN_POINT('Ctrl Pts',(0.0942615084627951,1.72731486043052,0.567944673125562));
#7651=CARTESIAN_POINT('Ctrl Pts',(0.0946597047802104,1.7253332100145,0.566655547301371));
#7652=CARTESIAN_POINT('Ctrl Pts',(0.0951268735577514,1.72337313639943,0.565541062731141));
#7653=CARTESIAN_POINT('Ctrl Pts',(0.0954829635115138,1.72187910992224,0.564691569404188));
#7654=CARTESIAN_POINT('Ctrl Pts',(0.0958786628271853,1.72040015012078,0.563945313587833));
#7655=CARTESIAN_POINT('Ctrl Pts',(0.0963027566945248,1.71895161640145,0.563292287678868));
#7656=CARTESIAN_POINT('Ctrl Pts',(0.0966810733501025,1.71765943918695,0.562709750186791));
#7657=CARTESIAN_POINT('Ctrl Pts',(0.0970828867054078,1.71638828877322,0.562199918362862));
#7658=CARTESIAN_POINT('Ctrl Pts',(0.0974997409642908,1.7151294053386,0.56173485673686));
#7659=CARTESIAN_POINT('Ctrl Pts',(0.0978340837336967,1.71411970335063,0.561361848692276));
#7660=CARTESIAN_POINT('Ctrl Pts',(0.0981762474178085,1.71312387187231,0.561020141933669));
#7661=CARTESIAN_POINT('Ctrl Pts',(0.0985179175536959,1.71214857228669,0.560699265965535));
#7662=CARTESIAN_POINT('Ctrl Pts',(0.0987615556114783,1.71145310589429,0.56047045580786));
#7663=CARTESIAN_POINT('Ctrl Pts',(0.0990037708313302,1.71077064189129,0.560252515375785));
#7664=CARTESIAN_POINT('Ctrl Pts',(0.0992411187604221,1.71010244733826,0.560039602783515));
#7665=CARTESIAN_POINT('Ctrl Pts',(0.0993082124570558,1.7099135615839,0.559979416486841));
#7666=CARTESIAN_POINT('Ctrl Pts',(0.0993750112066035,1.7097255741541,0.559919571861139));
#7667=CARTESIAN_POINT('Ctrl Pts',(0.0994417808834672,1.70953763763538,0.559859725927554));
#7668=CARTESIAN_POINT('Origin',(0.0833233255130603,1.70133577325559,0.567633115932521));
#7669=CARTESIAN_POINT('Ctrl Pts',(0.0701954405775786,1.75794779361357,0.579756595356476));
#7670=CARTESIAN_POINT('Ctrl Pts',(0.0734911601569055,1.75669548796226,0.579505845353724));
#7671=CARTESIAN_POINT('Ctrl Pts',(0.0792777769420674,1.75394297246793,0.579455306931867));
#7672=CARTESIAN_POINT('Ctrl Pts',(0.0882373142227002,1.74777806979337,0.581002983278027));
#7673=CARTESIAN_POINT('Ctrl Pts',(0.0922960259414044,1.74438517087682,0.582709435216669));
#7674=CARTESIAN_POINT('Ctrl Pts',(0.0935422747126876,1.7427124603842,0.583685272382577));
#7675=CARTESIAN_POINT('Ctrl Pts',(0.0713203761313077,1.75924412485841,0.581680189504461));
#7676=CARTESIAN_POINT('Ctrl Pts',(0.0744341172432672,1.75802350314059,0.5815381211658));
#7677=CARTESIAN_POINT('Ctrl Pts',(0.0800019011632258,1.75535398954284,0.581712762002825));
#7678=CARTESIAN_POINT('Ctrl Pts',(0.0887017760574759,1.74954358431954,0.583737459323747));
#7679=CARTESIAN_POINT('Ctrl Pts',(0.092541090659919,1.7462494339551,0.585454055160997));
#7680=CARTESIAN_POINT('Ctrl Pts',(0.0937626050967925,1.74455634859606,0.586370890640344));
#7681=CARTESIAN_POINT('Ctrl Pts',(0.0735732685643402,1.7617141557443,0.585949613803066));
#7682=CARTESIAN_POINT('Ctrl Pts',(0.0763765813615002,1.7605627513377,0.586015587438289));
#7683=CARTESIAN_POINT('Ctrl Pts',(0.0816008522756632,1.75805086292739,0.586646062962945));
#7684=CARTESIAN_POINT('Ctrl Pts',(0.0897854855687294,1.75285209585919,0.589490357636547));
#7685=CARTESIAN_POINT('Ctrl Pts',(0.093221010484376,1.74962113730388,0.591099712047925));
#7686=CARTESIAN_POINT('Ctrl Pts',(0.0944413654367233,1.74780349760118,0.591910364791335));
#7687=CARTESIAN_POINT('Ctrl Pts',(0.0772624472867226,1.76523209629068,0.594397799472851));
#7688=CARTESIAN_POINT('Ctrl Pts',(0.0797714469349963,1.76417017477205,0.594762591209551));
#7689=CARTESIAN_POINT('Ctrl Pts',(0.0846146841318607,1.76184158383403,0.596026622703259));
#7690=CARTESIAN_POINT('Ctrl Pts',(0.0919621417483811,1.75710296370479,0.599394158964326));
#7691=CARTESIAN_POINT('Ctrl Pts',(0.0949136690626881,1.75350793248729,0.600341133971796));
#7692=CARTESIAN_POINT('Ctrl Pts',(0.0961870344819195,1.75136701934779,0.600953095423402));
#7693=CARTESIAN_POINT('Ctrl Pts',(0.0814354911583414,1.7687254703254,0.605724865575136));
#7694=CARTESIAN_POINT('Ctrl Pts',(0.0836988869998819,1.76767143500362,0.606195163122554));
#7695=CARTESIAN_POINT('Ctrl Pts',(0.0881924317604785,1.76528313010422,0.607609848024277));
#7696=CARTESIAN_POINT('Ctrl Pts',(0.0942776660170664,1.760212656165,0.609382656712933));
#7697=CARTESIAN_POINT('Ctrl Pts',(0.0969570559595547,1.75594019711908,0.609254882009167));
#7698=CARTESIAN_POINT('Ctrl Pts',(0.0982402261445216,1.7534851464713,0.609527223166856));
#7699=CARTESIAN_POINT('Ctrl Pts',(0.0858345041881167,1.7711625268826,0.619171736269971));
#7700=CARTESIAN_POINT('Ctrl Pts',(0.0878211648290665,1.76993128328092,0.61908495740931));
#7701=CARTESIAN_POINT('Ctrl Pts',(0.0917092514759992,1.76706418598367,0.61900852161465));
#7702=CARTESIAN_POINT('Ctrl Pts',(0.0966441999194745,1.76139080754113,0.618092249209226));
#7703=CARTESIAN_POINT('Ctrl Pts',(0.0993923563915174,1.75679094325598,0.617734804566041));
#7704=CARTESIAN_POINT('Ctrl Pts',(0.100594238458176,1.75429730813166,0.617744622295747));
#7705=CARTESIAN_POINT('Ctrl Pts',(0.0878218746658711,1.77105513324731,0.625608837568954));
#7706=CARTESIAN_POINT('Ctrl Pts',(0.0898063629756494,1.76975221557437,0.625156734091726));
#7707=CARTESIAN_POINT('Ctrl Pts',(0.0935855057136431,1.76674199265594,0.62428969977782));
#7708=CARTESIAN_POINT('Ctrl Pts',(0.0984217957609108,1.76109430236681,0.623122732594342));
#7709=CARTESIAN_POINT('Ctrl Pts',(0.100956539204083,1.75666852130578,0.622567164376662));
#7710=CARTESIAN_POINT('Ctrl Pts',(0.102021853033553,1.75432414310885,0.622377920925755));
#7711=CARTESIAN_POINT('Ctrl Pts',(0.088777256242562,1.77105513324731,0.628769936577813));
#7712=CARTESIAN_POINT('Ctrl Pts',(0.0907878700521967,1.76970728737875,0.628162267097616));
#7713=CARTESIAN_POINT('Ctrl Pts',(0.0945629437311697,1.76661098188519,0.627021323446869));
#7714=CARTESIAN_POINT('Ctrl Pts',(0.0992831188156322,1.76093199719923,0.625594741014045));
#7715=CARTESIAN_POINT('Ctrl Pts',(0.101688097099888,1.75659289620266,0.62486788243142));
#7716=CARTESIAN_POINT('Ctrl Pts',(0.102683474899078,1.75432414310885,0.624567048573155));
#7717=CARTESIAN_POINT('',(0.088777256242562,1.77105513324731,0.628769936577813));
#7718=CARTESIAN_POINT('Ctrl Pts',(0.0701954405775786,1.75794779361357,0.579756595356476));
#7719=CARTESIAN_POINT('Ctrl Pts',(0.0713203761313077,1.75924412485841,0.581680189504461));
#7720=CARTESIAN_POINT('Ctrl Pts',(0.0735732685643402,1.7617141557443,0.585949613803066));
#7721=CARTESIAN_POINT('Ctrl Pts',(0.0772624472867226,1.76523209629068,0.594397799472851));
#7722=CARTESIAN_POINT('Ctrl Pts',(0.0814354911583414,1.7687254703254,0.605724865575136));
#7723=CARTESIAN_POINT('Ctrl Pts',(0.0858345041881167,1.7711625268826,0.619171736269971));
#7724=CARTESIAN_POINT('Ctrl Pts',(0.0878218746658711,1.77105513324731,0.625608837568954));
#7725=CARTESIAN_POINT('Ctrl Pts',(0.088777256242562,1.77105513324731,0.628769936577813));
#7726=CARTESIAN_POINT('',(0.102683474899078,1.75432414310885,0.624567048573154));
#7727=CARTESIAN_POINT('Origin',(0.068424023202804,1.73792041434928,0.634921311089584));
#7728=CARTESIAN_POINT('Ctrl Pts',(0.102683474899078,1.75432414310885,0.624567048573154));
#7729=CARTESIAN_POINT('Ctrl Pts',(0.10239164380642,1.75432414310885,0.623601458488248));
#7730=CARTESIAN_POINT('Ctrl Pts',(0.102094893810207,1.75432368986812,0.622632185024838));
#7731=CARTESIAN_POINT('Ctrl Pts',(0.101785720158247,1.75430923546898,0.621615771895166));
#7732=CARTESIAN_POINT('Ctrl Pts',(0.101422703846726,1.75429226383305,0.62042235019517));
#7733=CARTESIAN_POINT('Ctrl Pts',(0.101042674863962,1.75425604224017,0.619164965536148));
#7734=CARTESIAN_POINT('Ctrl Pts',(0.100651841321578,1.75418594580318,0.617847450703678));
#7735=CARTESIAN_POINT('Ctrl Pts',(0.10017524672937,1.75410046802511,0.616240832089325));
#7736=CARTESIAN_POINT('Ctrl Pts',(0.0996839508254191,1.75396500992867,0.614550488464954));
#7737=CARTESIAN_POINT('Ctrl Pts',(0.0992043169785997,1.75375987774932,0.61283430364476));
#7738=CARTESIAN_POINT('Ctrl Pts',(0.0988297716404608,1.7535996903439,0.611494137540863));
#7739=CARTESIAN_POINT('Ctrl Pts',(0.0984632840073573,1.75339729782444,0.610140884993114));
#7740=CARTESIAN_POINT('Ctrl Pts',(0.0981090558704373,1.75314206953076,0.608772728672038));
#7741=CARTESIAN_POINT('Ctrl Pts',(0.0977198226601322,1.75286161939776,0.607269370181992));
#7742=CARTESIAN_POINT('Ctrl Pts',(0.0973427161584414,1.75251557456891,0.605737748847793));
#7743=CARTESIAN_POINT('Ctrl Pts',(0.0969769542674415,1.75209660227599,0.604168514506287));
#7744=CARTESIAN_POINT('Ctrl Pts',(0.0961756495515867,1.75117872514776,0.60073066351888));
#7745=CARTESIAN_POINT('Ctrl Pts',(0.0954265897244082,1.74991275429571,0.59711860192404));
#7746=CARTESIAN_POINT('Ctrl Pts',(0.0948320665224188,1.74834832277941,0.593658619780624));
#7747=CARTESIAN_POINT('Ctrl Pts',(0.0944600346451528,1.74736935611853,0.591493483671865));
#7748=CARTESIAN_POINT('Ctrl Pts',(0.0941507327504738,1.74627229764047,0.589388408978602));
#7749=CARTESIAN_POINT('Ctrl Pts',(0.0939076229188684,1.74504520310216,0.587327529104728));
#7750=CARTESIAN_POINT('Ctrl Pts',(0.0937622326128423,1.74431134692994,0.586095032855741));
#7751=CARTESIAN_POINT('Ctrl Pts',(0.0936401655341739,1.74353168344561,0.584878468584361));
#7752=CARTESIAN_POINT('Ctrl Pts',(0.0935422747126875,1.7427124603842,0.583685272382577));
#7753=CARTESIAN_POINT('Ctrl Pts',(0.0701954405775786,1.75794779361357,0.579756595356476));
#7754=CARTESIAN_POINT('Ctrl Pts',(0.0713203761313077,1.75924412485841,0.581680189504461));
#7755=CARTESIAN_POINT('Ctrl Pts',(0.0735732685643402,1.7617141557443,0.585949613803066));
#7756=CARTESIAN_POINT('Ctrl Pts',(0.0772624472867226,1.76523209629068,0.594397799472851));
#7757=CARTESIAN_POINT('Ctrl Pts',(0.0814354911583414,1.7687254703254,0.605724865575136));
#7758=CARTESIAN_POINT('Ctrl Pts',(0.0858345041881167,1.7711625268826,0.619171736269971));
#7759=CARTESIAN_POINT('Ctrl Pts',(0.0878218746658711,1.77105513324731,0.625608837568954));
#7760=CARTESIAN_POINT('Ctrl Pts',(0.088777256242562,1.77105513324731,0.628769936577813));
#7761=CARTESIAN_POINT('Ctrl Pts',(0.0687746135878002,1.76136065133963,0.583213335605869));
#7762=CARTESIAN_POINT('Ctrl Pts',(0.0699643255519391,1.76241439838529,0.585063218115783));
#7763=CARTESIAN_POINT('Ctrl Pts',(0.0723218089586437,1.76444418583186,0.5891732399036));
#7764=CARTESIAN_POINT('Ctrl Pts',(0.0760879618981743,1.76746954069031,0.597419686646611));
#7765=CARTESIAN_POINT('Ctrl Pts',(0.0801588824401598,1.77047979670452,0.608198729821179));
#7766=CARTESIAN_POINT('Ctrl Pts',(0.0842396021943395,1.77241110245363,0.62051430565543));
#7767=CARTESIAN_POINT('Ctrl Pts',(0.085943539864614,1.77235805092025,0.626412174269389));
#7768=CARTESIAN_POINT('Ctrl Pts',(0.0867666424329274,1.77240297911587,0.62937760605801));
#7769=CARTESIAN_POINT('Ctrl Pts',(0.065935622166704,1.76697612555046,0.589971690266102));
#7770=CARTESIAN_POINT('Ctrl Pts',(0.0672291713909379,1.76769423200448,0.591732535855609));
#7771=CARTESIAN_POINT('Ctrl Pts',(0.0697486300544395,1.76916074531613,0.595727328153611));
#7772=CARTESIAN_POINT('Ctrl Pts',(0.0735164382634967,1.77146459963274,0.603534093336278));
#7773=CARTESIAN_POINT('Ctrl Pts',(0.0773448580441268,1.77361205196371,0.613281124434921));
#7774=CARTESIAN_POINT('Ctrl Pts',(0.0807145819838048,1.77461495517151,0.623199361912742));
#7775=CARTESIAN_POINT('Ctrl Pts',(0.0818982506834067,1.7746204283798,0.62805736630449));
#7776=CARTESIAN_POINT('Ctrl Pts',(0.0824993658983853,1.77469798669139,0.630667308586252));
#7777=CARTESIAN_POINT('Ctrl Pts',(0.0600034591866323,1.77472743131952,0.603159889337766));
#7778=CARTESIAN_POINT('Ctrl Pts',(0.0614867237223741,1.77504284634359,0.604738230547132));
#7779=CARTESIAN_POINT('Ctrl Pts',(0.0642981448224722,1.77567493776105,0.608184634889107));
#7780=CARTESIAN_POINT('Ctrl Pts',(0.0683339017750801,1.77645030142734,0.614362895931135));
#7781=CARTESIAN_POINT('Ctrl Pts',(0.0718840095597043,1.77678991211297,0.620844825717561));
#7782=CARTESIAN_POINT('Ctrl Pts',(0.0743262268360067,1.77672711567307,0.626771453569257));
#7783=CARTESIAN_POINT('Ctrl Pts',(0.0751849596805975,1.7767826935551,0.630744718875162));
#7784=CARTESIAN_POINT('Ctrl Pts',(0.0755908866161677,1.77681444918177,0.632755264012729));
#7785=CARTESIAN_POINT('Ctrl Pts',(0.0558703245196647,1.77729049308944,0.612879826693757));
#7786=CARTESIAN_POINT('Ctrl Pts',(0.0574962093580427,1.77729049308944,0.61388196744331));
#7787=CARTESIAN_POINT('Ctrl Pts',(0.0605241111291995,1.77729049308944,0.616100747405873));
#7788=CARTESIAN_POINT('Ctrl Pts',(0.0645207619511527,1.77729049308944,0.620231786877147));
#7789=CARTESIAN_POINT('Ctrl Pts',(0.0675749642327599,1.77729049308944,0.624742551143696));
#7790=CARTESIAN_POINT('Ctrl Pts',(0.069629232826748,1.77729049308944,0.62955036000303));
#7791=CARTESIAN_POINT('Ctrl Pts',(0.0704377030259581,1.77729049308944,0.632669988260966));
#7792=CARTESIAN_POINT('Ctrl Pts',(0.0708129984720667,1.77729049308944,0.63419928911146));
#7793=CARTESIAN_POINT('Ctrl Pts',(0.0540739545404658,1.77729049308944,0.617235792270617));
#7794=CARTESIAN_POINT('Ctrl Pts',(0.0556772716426584,1.77729049308944,0.617979165027684));
#7795=CARTESIAN_POINT('Ctrl Pts',(0.0586365568092321,1.77729049308944,0.619715091999313));
#7796=CARTESIAN_POINT('Ctrl Pts',(0.0624506733426184,1.77729049308944,0.623134140838692));
#7797=CARTESIAN_POINT('Ctrl Pts',(0.065267201880165,1.77729049308944,0.626892534665984));
#7798=CARTESIAN_POINT('Ctrl Pts',(0.0672043110140865,1.77729049308944,0.630977923924558));
#7799=CARTESIAN_POINT('Ctrl Pts',(0.0680330936620693,1.77729049308944,0.633627831066629));
#7800=CARTESIAN_POINT('Ctrl Pts',(0.068424023202804,1.77729049308944,0.634921311089584));
#7801=CARTESIAN_POINT('',(0.0540739545404658,1.77729049308944,0.617235792270617));
#7802=CARTESIAN_POINT('Ctrl Pts',(0.0701954405775786,1.75794779361357,0.579756595356476));
#7803=CARTESIAN_POINT('Ctrl Pts',(0.0687746135878002,1.76136065133963,0.583213335605869));
#7804=CARTESIAN_POINT('Ctrl Pts',(0.065935622166704,1.76697612555046,0.589971690266102));
#7805=CARTESIAN_POINT('Ctrl Pts',(0.0600034591866323,1.77472743131952,0.603159889337766));
#7806=CARTESIAN_POINT('Ctrl Pts',(0.0558703245196647,1.77729049308944,0.612879826693757));
#7807=CARTESIAN_POINT('Ctrl Pts',(0.0540739545404658,1.77729049308944,0.617235792270617));
#7808=CARTESIAN_POINT('',(0.068424023202804,1.77729049308944,0.634921311089584));
#7809=CARTESIAN_POINT('Ctrl Pts',(0.054073954540466,1.77729049308944,0.617235792270617));
#7810=CARTESIAN_POINT('Ctrl Pts',(0.0553082360383623,1.77729049308944,0.617808062870633));
#7811=CARTESIAN_POINT('Ctrl Pts',(0.0564731592003843,1.77729049308944,0.618454959212551));
#7812=CARTESIAN_POINT('Ctrl Pts',(0.0575678705978992,1.77729049308944,0.619179778106934));
#7813=CARTESIAN_POINT('Ctrl Pts',(0.0586624464240307,1.77729049308944,0.619904507238207));
#7814=CARTESIAN_POINT('Ctrl Pts',(0.0596954022038683,1.77729049308944,0.620711309226068));
#7815=CARTESIAN_POINT('Ctrl Pts',(0.0606538240204578,1.77729049308944,0.621578807446041));
#7816=CARTESIAN_POINT('Ctrl Pts',(0.0617309994739904,1.77729049308944,0.622553793378501));
#7817=CARTESIAN_POINT('Ctrl Pts',(0.0627080384852036,1.77729049308944,0.623600481679154));
#7818=CARTESIAN_POINT('Ctrl Pts',(0.0635529746692489,1.77729049308944,0.624677236726539));
#7819=CARTESIAN_POINT('Ctrl Pts',(0.0643890706777635,1.77729049308944,0.625742726185112));
#7820=CARTESIAN_POINT('Ctrl Pts',(0.0650950170443433,1.77729049308944,0.626839050289383));
#7821=CARTESIAN_POINT('Ctrl Pts',(0.065706748912609,1.77729049308944,0.627973940321347));
#7822=CARTESIAN_POINT('Ctrl Pts',(0.0663281826877814,1.77729049308944,0.629126829411413));
#7823=CARTESIAN_POINT('Ctrl Pts',(0.0668516484851879,1.77729049308944,0.630316698345172));
#7824=CARTESIAN_POINT('Ctrl Pts',(0.0672924538558164,1.77729049308944,0.631486906013558));
#7825=CARTESIAN_POINT('Ctrl Pts',(0.0676085996523107,1.77729049308944,0.632326179443594));
#7826=CARTESIAN_POINT('Ctrl Pts',(0.0678809697778136,1.77729049308944,0.633152915035339));
#7827=CARTESIAN_POINT('Ctrl Pts',(0.0681324797094496,1.77729049308944,0.633964829473019));
#7828=CARTESIAN_POINT('Ctrl Pts',(0.0682316526901312,1.77729049308944,0.634284975776265));
#7829=CARTESIAN_POINT('Ctrl Pts',(0.0683278810143095,1.77729049308944,0.634603202614213));
#7830=CARTESIAN_POINT('Ctrl Pts',(0.068424023202804,1.77729049308944,0.634921311089584));
#7831=CARTESIAN_POINT('Origin',(0.068424023202804,1.73792041434928,0.634921311089584));
#7832=CARTESIAN_POINT('Ctrl Pts',(-0.124685207305202,1.76127526660843,1.07893220730605));
#7833=CARTESIAN_POINT('Ctrl Pts',(-0.124137248416258,1.76185993625993,1.07693652006335));
#7834=CARTESIAN_POINT('Ctrl Pts',(-0.123152411869579,1.76291364494491,1.07263808840297));
#7835=CARTESIAN_POINT('Ctrl Pts',(-0.121969547218737,1.76419940657758,1.06489917031957));
#7836=CARTESIAN_POINT('Ctrl Pts',(-0.121152488910529,1.76516701265124,1.05537532126278));
#7837=CARTESIAN_POINT('Ctrl Pts',(-0.120685182559867,1.76581906161665,1.04312289535432));
#7838=CARTESIAN_POINT('Ctrl Pts',(-0.120744047831761,1.76575926400229,1.03643229131163));
#7839=CARTESIAN_POINT('Ctrl Pts',(-0.120744047831761,1.76575926400229,1.03316149305158));
#7840=CARTESIAN_POINT('Ctrl Pts',(-0.121694090671929,1.75922338033632,1.07760477455279));
#7841=CARTESIAN_POINT('Ctrl Pts',(-0.121303660256969,1.75983406057942,1.07562210585491));
#7842=CARTESIAN_POINT('Ctrl Pts',(-0.120576225685492,1.76093499911065,1.07133423717451));
#7843=CARTESIAN_POINT('Ctrl Pts',(-0.119671182923078,1.76223776182048,1.06367999734315));
#7844=CARTESIAN_POINT('Ctrl Pts',(-0.118957409946012,1.76312436983008,1.05422665618321));
#7845=CARTESIAN_POINT('Ctrl Pts',(-0.118464155772165,1.76360467044895,1.04254315745043));
#7846=CARTESIAN_POINT('Ctrl Pts',(-0.118395629830766,1.7634108460013,1.03625971731549));
#7847=CARTESIAN_POINT('Ctrl Pts',(-0.118314649899697,1.76332986607023,1.03316149305158));
#7848=CARTESIAN_POINT('Ctrl Pts',(-0.116765130572893,1.75464938674429,1.07505831958174));
#7849=CARTESIAN_POINT('Ctrl Pts',(-0.116564174801596,1.75531234836783,1.07307762469834));
#7850=CARTESIAN_POINT('Ctrl Pts',(-0.116173968508977,1.75648495594359,1.06880131236995));
#7851=CARTESIAN_POINT('Ctrl Pts',(-0.115572815842151,1.75773133065246,1.0610834198115));
#7852=CARTESIAN_POINT('Ctrl Pts',(-0.114898933192374,1.75835287241973,1.05162239878451));
#7853=CARTESIAN_POINT('Ctrl Pts',(-0.114431495106219,1.75848122943466,1.04126731262017));
#7854=CARTESIAN_POINT('Ctrl Pts',(-0.114240100126018,1.75806140289358,1.03586872895013));
#7855=CARTESIAN_POINT('Ctrl Pts',(-0.114095731408594,1.7578316480721,1.03316149305158));
#7856=CARTESIAN_POINT('Ctrl Pts',(-0.110958474804399,1.74320629020861,1.07081609386413));
#7857=CARTESIAN_POINT('Ctrl Pts',(-0.110889936617407,1.7440748400612,1.06858552246994));
#7858=CARTESIAN_POINT('Ctrl Pts',(-0.110729018813388,1.74563645823677,1.06373757475947));
#7859=CARTESIAN_POINT('Ctrl Pts',(-0.11046204793944,1.74739463118799,1.0556749772937));
#7860=CARTESIAN_POINT('Ctrl Pts',(-0.110302955178087,1.74849052063179,1.0474245660886));
#7861=CARTESIAN_POINT('Ctrl Pts',(-0.110281645183613,1.7489533224967,1.03960116043914));
#7862=CARTESIAN_POINT('Ctrl Pts',(-0.110177797194402,1.74849170024982,1.03521421883066));
#7863=CARTESIAN_POINT('Ctrl Pts',(-0.110117420101204,1.74822715495846,1.03316149305158));
#7864=CARTESIAN_POINT('Ctrl Pts',(-0.109212818744617,1.73386475055891,1.06729378608749));
#7865=CARTESIAN_POINT('Ctrl Pts',(-0.109212818744617,1.73508565242896,1.06499321748082));
#7866=CARTESIAN_POINT('Ctrl Pts',(-0.109212818744617,1.73734834641842,1.06008461205878));
#7867=CARTESIAN_POINT('Ctrl Pts',(-0.109212818744617,1.73982370147823,1.05261790747785));
#7868=CARTESIAN_POINT('Ctrl Pts',(-0.109212818744617,1.74121084375723,1.04533802776465));
#7869=CARTESIAN_POINT('Ctrl Pts',(-0.109212818744617,1.74168267819376,1.03844599275293));
#7870=CARTESIAN_POINT('Ctrl Pts',(-0.109212818744617,1.74147062477,1.03480931574332));
#7871=CARTESIAN_POINT('Ctrl Pts',(-0.109212818744617,1.7413561018532,1.03316149305158));
#7872=CARTESIAN_POINT('Ctrl Pts',(-0.109212818744617,1.72966521582575,1.06555384579225));
#7873=CARTESIAN_POINT('Ctrl Pts',(-0.109212818744617,1.73096231009206,1.06322748621464));
#7874=CARTESIAN_POINT('Ctrl Pts',(-0.109212818744617,1.73334543078211,1.05827738272364));
#7875=CARTESIAN_POINT('Ctrl Pts',(-0.109212818744617,1.73586737622036,1.05101098218414));
#7876=CARTESIAN_POINT('Ctrl Pts',(-0.109212818744617,1.73729504020477,1.04413060135186));
#7877=CARTESIAN_POINT('Ctrl Pts',(-0.109212818744617,1.73791758891952,1.03784842247129));
#7878=CARTESIAN_POINT('Ctrl Pts',(-0.109212818744617,1.73792041434928,1.03461461581935));
#7879=CARTESIAN_POINT('Ctrl Pts',(-0.109212818744617,1.73792041434928,1.03316149305158));
#7880=CARTESIAN_POINT('',(-0.124685207305202,1.76127526660843,1.07893220730605));
#7881=CARTESIAN_POINT('',(-0.120744047831761,1.76575926400229,1.03316149305158));
#7882=CARTESIAN_POINT('Ctrl Pts',(-0.124685207305202,1.76127526660843,1.07893220730605));
#7883=CARTESIAN_POINT('Ctrl Pts',(-0.124137248416258,1.76185993625993,1.07693652006335));
#7884=CARTESIAN_POINT('Ctrl Pts',(-0.123152411869579,1.76291364494491,1.07263808840297));
#7885=CARTESIAN_POINT('Ctrl Pts',(-0.121969547218737,1.76419940657758,1.06489917031957));
#7886=CARTESIAN_POINT('Ctrl Pts',(-0.121152488910529,1.76516701265124,1.05537532126278));
#7887=CARTESIAN_POINT('Ctrl Pts',(-0.120685182559867,1.76581906161665,1.04312289535432));
#7888=CARTESIAN_POINT('Ctrl Pts',(-0.120744047831761,1.76575926400229,1.03643229131163));
#7889=CARTESIAN_POINT('Ctrl Pts',(-0.120744047831761,1.76575926400229,1.03316149305158));
#7890=CARTESIAN_POINT('',(-0.109212818744617,1.72966521582575,1.06555384579225));
#7891=CARTESIAN_POINT('Ctrl Pts',(-0.124685207305202,1.76127526660843,1.07893220730605));
#7892=CARTESIAN_POINT('Ctrl Pts',(-0.121694090671929,1.75922338033632,1.07760477455279));
#7893=CARTESIAN_POINT('Ctrl Pts',(-0.116765130572893,1.75464938674429,1.07505831958174));
#7894=CARTESIAN_POINT('Ctrl Pts',(-0.110958474804399,1.74320629020861,1.07081609386413));
#7895=CARTESIAN_POINT('Ctrl Pts',(-0.109212818744617,1.73386475055891,1.06729378608749));
#7896=CARTESIAN_POINT('Ctrl Pts',(-0.109212818744617,1.72966521582575,1.06555384579225));
#7897=CARTESIAN_POINT('',(-0.109212818744617,1.73792041434928,1.03316149305158));
#7898=CARTESIAN_POINT('Ctrl Pts',(-0.109212818744617,1.72966521582575,1.06555384579225));
#7899=CARTESIAN_POINT('Ctrl Pts',(-0.109212818744617,1.73088075946137,1.06337374859178));
#7900=CARTESIAN_POINT('Ctrl Pts',(-0.109212818744617,1.73199990634245,1.06107115319882));
#7901=CARTESIAN_POINT('Ctrl Pts',(-0.109212818744617,1.73297557476832,1.05876744994881));
#7902=CARTESIAN_POINT('Ctrl Pts',(-0.109212818744617,1.73367844694035,1.05710786062103));
#7903=CARTESIAN_POINT('Ctrl Pts',(-0.109212818744617,1.73430473045386,1.05545164489324));
#7904=CARTESIAN_POINT('Ctrl Pts',(-0.109212818744617,1.73484274252555,1.05383220528146));
#7905=CARTESIAN_POINT('Ctrl Pts',(-0.109212818744617,1.73551769324664,1.05180057441059));
#7906=CARTESIAN_POINT('Ctrl Pts',(-0.109212818744617,1.7360527454444,1.04982521063916));
#7907=CARTESIAN_POINT('Ctrl Pts',(-0.109212818744617,1.73647726641674,1.04788475853782));
#7908=CARTESIAN_POINT('Ctrl Pts',(-0.109212818744617,1.73691365350046,1.04589006737111));
#7909=CARTESIAN_POINT('Ctrl Pts',(-0.109212818744617,1.73723404990517,1.04393285042431));
#7910=CARTESIAN_POINT('Ctrl Pts',(-0.109212818744617,1.73745797731573,1.04209111895894));
#7911=CARTESIAN_POINT('Ctrl Pts',(-0.109212818744617,1.73764764557324,1.04053115809054));
#7912=CARTESIAN_POINT('Ctrl Pts',(-0.109212818744617,1.73776687106618,1.03905974188534));
#7913=CARTESIAN_POINT('Ctrl Pts',(-0.109212818744617,1.73783423327759,1.03771670123281));
#7914=CARTESIAN_POINT('Ctrl Pts',(-0.109212818744617,1.73787683797794,1.03686726586913));
#7915=CARTESIAN_POINT('Ctrl Pts',(-0.109212818744617,1.7378988922406,1.03606874455978));
#7916=CARTESIAN_POINT('Ctrl Pts',(-0.109212818744617,1.73790960830503,1.03531642346621));
#7917=CARTESIAN_POINT('Ctrl Pts',(-0.109212818744617,1.73791445796289,1.03497595333076));
#7918=CARTESIAN_POINT('Ctrl Pts',(-0.109212818744617,1.73791706983591,1.03464717177415));
#7919=CARTESIAN_POINT('Ctrl Pts',(-0.109212818744617,1.73791857024323,1.03431997772834));
#7920=CARTESIAN_POINT('Ctrl Pts',(-0.109212818744617,1.73791978290454,1.03405553249859));
#7921=CARTESIAN_POINT('Ctrl Pts',(-0.109212818744617,1.73792021927567,1.03378366380941));
#7922=CARTESIAN_POINT('Ctrl Pts',(-0.109212818744617,1.73792035086533,1.03353200225931));
#7923=CARTESIAN_POINT('Ctrl Pts',(-0.109212818744617,1.73792041622408,1.03340700547724));
#7924=CARTESIAN_POINT('Ctrl Pts',(-0.109212818744617,1.73792041434928,1.03328461766323));
#7925=CARTESIAN_POINT('Ctrl Pts',(-0.109212818744617,1.73792041434928,1.03316149305158));
#7926=CARTESIAN_POINT('Origin',(-0.148582897484775,1.73792041434928,1.03316149305158));
#7927=CARTESIAN_POINT('Ctrl Pts',(-0.124685207305202,1.76127526660843,1.07893220730605));
#7928=CARTESIAN_POINT('Ctrl Pts',(-0.121694090671929,1.75922338033632,1.07760477455279));
#7929=CARTESIAN_POINT('Ctrl Pts',(-0.116765130572893,1.75464938674429,1.07505831958174));
#7930=CARTESIAN_POINT('Ctrl Pts',(-0.110958474804399,1.74320629020861,1.07081609386413));
#7931=CARTESIAN_POINT('Ctrl Pts',(-0.109212818744617,1.73386475055891,1.06729378608749));
#7932=CARTESIAN_POINT('Ctrl Pts',(-0.109212818744617,1.72966521582575,1.06555384579225));
#7933=CARTESIAN_POINT('Ctrl Pts',(-0.123438496214182,1.75945946519367,1.0801314348968));
#7934=CARTESIAN_POINT('Ctrl Pts',(-0.120699489035137,1.75738455831383,1.07889518117179));
#7935=CARTESIAN_POINT('Ctrl Pts',(-0.116143376775638,1.75277399031153,1.07652342917251));
#7936=CARTESIAN_POINT('Ctrl Pts',(-0.110760614654327,1.74128977946965,1.07269088607242));
#7937=CARTESIAN_POINT('Ctrl Pts',(-0.109212818744617,1.73236387970664,1.06947835867448));
#7938=CARTESIAN_POINT('Ctrl Pts',(-0.109212818744617,1.72836812155944,1.06788020536986));
#7939=CARTESIAN_POINT('Ctrl Pts',(-0.121177655243977,1.7554765465007,1.08256537010355));
#7940=CARTESIAN_POINT('Ctrl Pts',(-0.11887577298423,1.75336245389618,1.08150528427459));
#7941=CARTESIAN_POINT('Ctrl Pts',(-0.115002151864763,1.74868961899507,1.07947011768948));
#7942=CARTESIAN_POINT('Ctrl Pts',(-0.11039288308318,1.73717838021043,1.07634349668086));
#7943=CARTESIAN_POINT('Ctrl Pts',(-0.109212818744617,1.72919310350438,1.07360865147868));
#7944=CARTESIAN_POINT('Ctrl Pts',(-0.109212818744617,1.72557270242105,1.07221680838459));
#7945=CARTESIAN_POINT('Ctrl Pts',(-0.118336276444947,1.74776257879338,1.08675571545816));
#7946=CARTESIAN_POINT('Ctrl Pts',(-0.116572834340656,1.745621142114,1.08593188210745));
#7947=CARTESIAN_POINT('Ctrl Pts',(-0.113520972767035,1.74075712053215,1.08436585166363));
#7948=CARTESIAN_POINT('Ctrl Pts',(-0.109952058734891,1.72976109242798,1.08192402811146));
#7949=CARTESIAN_POINT('Ctrl Pts',(-0.109212818744617,1.72352866483421,1.07940571940378));
#7950=CARTESIAN_POINT('Ctrl Pts',(-0.109212818744617,1.72049509240927,1.07807592193345));
#7951=CARTESIAN_POINT('Ctrl Pts',(-0.116066130822667,1.73756686563509,1.09188746566247));
#7952=CARTESIAN_POINT('Ctrl Pts',(-0.114708788393558,1.73548449243884,1.09118893186983));
#7953=CARTESIAN_POINT('Ctrl Pts',(-0.112288056532473,1.73072220967492,1.08978130026791));
#7954=CARTESIAN_POINT('Ctrl Pts',(-0.109723648044666,1.72220357742958,1.08690740752432));
#7955=CARTESIAN_POINT('Ctrl Pts',(-0.109212818744617,1.71788369175643,1.08398970334795));
#7956=CARTESIAN_POINT('Ctrl Pts',(-0.109212818744617,1.71555079858969,1.08246796652003));
#7957=CARTESIAN_POINT('Ctrl Pts',(-0.114752317729055,1.72462685008546,1.09816500716443));
#7958=CARTESIAN_POINT('Ctrl Pts',(-0.11365507108297,1.72319125715405,1.09718063852434));
#7959=CARTESIAN_POINT('Ctrl Pts',(-0.111685203832385,1.7199939270382,1.09501723869078));
#7960=CARTESIAN_POINT('Ctrl Pts',(-0.1097213963516,1.71518729013487,1.09080480906779));
#7961=CARTESIAN_POINT('Ctrl Pts',(-0.109212818744617,1.71202564988148,1.08748272998406));
#7962=CARTESIAN_POINT('Ctrl Pts',(-0.109212818744617,1.71040058607388,1.08575957632066));
#7963=CARTESIAN_POINT('Ctrl Pts',(-0.114854945301458,1.71745541406215,1.10166424842238));
#7964=CARTESIAN_POINT('Ctrl Pts',(-0.113684632272224,1.71648955451633,1.10034355036333));
#7965=CARTESIAN_POINT('Ctrl Pts',(-0.111641819294286,1.71440411909576,1.09746948317876));
#7966=CARTESIAN_POINT('Ctrl Pts',(-0.10967608293024,1.71099412661074,1.09256505625122));
#7967=CARTESIAN_POINT('Ctrl Pts',(-0.109212818744617,1.70871627375025,1.08898310147385));
#7968=CARTESIAN_POINT('Ctrl Pts',(-0.109212818744617,1.70757928183684,1.08716518928797));
#7969=CARTESIAN_POINT('Ctrl Pts',(-0.114862905542055,1.71387989742633,1.10341809276116));
#7970=CARTESIAN_POINT('Ctrl Pts',(-0.113648994929861,1.7131491777389,1.10191798337135));
#7971=CARTESIAN_POINT('Ctrl Pts',(-0.111572323130259,1.71157591067871,1.0986881912496));
#7972=CARTESIAN_POINT('Ctrl Pts',(-0.109647002188361,1.70898375512345,1.09336670209967));
#7973=CARTESIAN_POINT('Ctrl Pts',(-0.109212818744617,1.7071765326113,1.08965661804611));
#7974=CARTESIAN_POINT('Ctrl Pts',(-0.109212818744617,1.70627290393192,1.08780154025066));
#7975=CARTESIAN_POINT('',(-0.114862905542055,1.71387989742633,1.10341809276116));
#7976=CARTESIAN_POINT('Ctrl Pts',(-0.124685207305202,1.76127526660843,1.07893220730605));
#7977=CARTESIAN_POINT('Ctrl Pts',(-0.123438496214182,1.75945946519367,1.0801314348968));
#7978=CARTESIAN_POINT('Ctrl Pts',(-0.121177655243977,1.7554765465007,1.08256537010355));
#7979=CARTESIAN_POINT('Ctrl Pts',(-0.118336276444947,1.74776257879338,1.08675571545816));
#7980=CARTESIAN_POINT('Ctrl Pts',(-0.116066130822667,1.73756686563509,1.09188746566247));
#7981=CARTESIAN_POINT('Ctrl Pts',(-0.114752317729055,1.72462685008546,1.09816500716443));
#7982=CARTESIAN_POINT('Ctrl Pts',(-0.114854945301458,1.71745541406215,1.10166424842238));
#7983=CARTESIAN_POINT('Ctrl Pts',(-0.114862905542055,1.71387989742633,1.10341809276116));
#7984=CARTESIAN_POINT('',(-0.109212818744617,1.70627290393192,1.08780154025066));
#7985=CARTESIAN_POINT('Origin',(-0.138740377799735,1.70627290393192,1.08780154025066));
#7986=CARTESIAN_POINT('',(-0.109212818744617,1.71500446904228,1.08266775570341));
#7987=CARTESIAN_POINT('Ctrl Pts',(-0.109212818744617,1.70627290393192,1.08780154025066));
#7988=CARTESIAN_POINT('Ctrl Pts',(-0.109212818744617,1.7068521441066,1.0875193860276));
#7989=CARTESIAN_POINT('Ctrl Pts',(-0.109212818744617,1.70743527448326,1.08723479061308));
#7990=CARTESIAN_POINT('Ctrl Pts',(-0.109212818744617,1.70805531227408,1.08691802496189));
#7991=CARTESIAN_POINT('Ctrl Pts',(-0.109212818744617,1.70877834562936,1.08654864081304));
#7992=CARTESIAN_POINT('Ctrl Pts',(-0.109212818744617,1.70955080382152,1.08613596478364));
#7993=CARTESIAN_POINT('Ctrl Pts',(-0.109212818744617,1.71036587121572,1.08567018155275));
#7994=CARTESIAN_POINT('Ctrl Pts',(-0.109212818744617,1.71150668620216,1.08501824467733));
#7995=CARTESIAN_POINT('Ctrl Pts',(-0.109212818744617,1.71272495235342,1.08426586634328));
#7996=CARTESIAN_POINT('Ctrl Pts',(-0.109212818744617,1.7139361798453,1.08342944906524));
#7997=CARTESIAN_POINT('Ctrl Pts',(-0.109212818744617,1.71429302316179,1.08318302969524));
#7998=CARTESIAN_POINT('Ctrl Pts',(-0.109212818744617,1.71464941815699,1.08292923577953));
#7999=CARTESIAN_POINT('Ctrl Pts',(-0.109212818744617,1.7150044690424,1.08266775570358));
#8000=CARTESIAN_POINT('Ctrl Pts',(-0.109212818744617,1.7150044690424,1.08266775570358));
#8001=CARTESIAN_POINT('Ctrl Pts',(-0.109212818744617,1.71615498098237,1.08182045194574));
#8002=CARTESIAN_POINT('Ctrl Pts',(-0.109212818744617,1.71728907506054,1.08089201596352));
#8003=CARTESIAN_POINT('Ctrl Pts',(-0.109212818744617,1.71844257939253,1.07983894042527));
#8004=CARTESIAN_POINT('Ctrl Pts',(-0.109212818744617,1.71957742645674,1.07880289777695));
#8005=CARTESIAN_POINT('Ctrl Pts',(-0.109212818744617,1.72073062995201,1.07764773270648));
#8006=CARTESIAN_POINT('Ctrl Pts',(-0.109212818744617,1.72186898598009,1.07640040403145));
#8007=CARTESIAN_POINT('Ctrl Pts',(-0.109212818744617,1.72300166733773,1.0751592932522));
#8008=CARTESIAN_POINT('Ctrl Pts',(-0.109212818744617,1.72411486899638,1.07383165746238));
#8009=CARTESIAN_POINT('Ctrl Pts',(-0.109212818744617,1.72516643943439,1.07245159654304));
#8010=CARTESIAN_POINT('Ctrl Pts',(-0.109212818744617,1.72651002187748,1.07068830465634));
#8011=CARTESIAN_POINT('Ctrl Pts',(-0.109212818744617,1.72774927327651,1.06884003886893));
#8012=CARTESIAN_POINT('Ctrl Pts',(-0.109212818744617,1.72890717433534,1.06687605781638));
#8013=CARTESIAN_POINT('Ctrl Pts',(-0.109212818744617,1.72916394581804,1.06644053327566));
#8014=CARTESIAN_POINT('Ctrl Pts',(-0.109212818744617,1.7294166595828,1.06599963544021));
#8015=CARTESIAN_POINT('Ctrl Pts',(-0.109212818744617,1.72966521582575,1.06555384579225));
#8016=CARTESIAN_POINT('Ctrl Pts',(-0.124685207305202,1.76127526660843,1.07893220730605));
#8017=CARTESIAN_POINT('Ctrl Pts',(-0.123438496214182,1.75945946519367,1.0801314348968));
#8018=CARTESIAN_POINT('Ctrl Pts',(-0.121177655243977,1.7554765465007,1.08256537010355));
#8019=CARTESIAN_POINT('Ctrl Pts',(-0.118336276444947,1.74776257879338,1.08675571545816));
#8020=CARTESIAN_POINT('Ctrl Pts',(-0.116066130822667,1.73756686563509,1.09188746566247));
#8021=CARTESIAN_POINT('Ctrl Pts',(-0.114752317729055,1.72462685008546,1.09816500716443));
#8022=CARTESIAN_POINT('Ctrl Pts',(-0.114854945301458,1.71745541406215,1.10166424842238));
#8023=CARTESIAN_POINT('Ctrl Pts',(-0.114862905542055,1.71387989742633,1.10341809276116));
#8024=CARTESIAN_POINT('Ctrl Pts',(-0.125598472120108,1.76030081718927,1.08225835271055));
#8025=CARTESIAN_POINT('Ctrl Pts',(-0.124370876228531,1.75850497413975,1.08326190769008));
#8026=CARTESIAN_POINT('Ctrl Pts',(-0.122117551534368,1.75454879361587,1.08534307318554));
#8027=CARTESIAN_POINT('Ctrl Pts',(-0.119263272190195,1.74686611435424,1.08915556460712));
#8028=CARTESIAN_POINT('Ctrl Pts',(-0.117030671267207,1.7369180869706,1.09391001241947));
#8029=CARTESIAN_POINT('Ctrl Pts',(-0.115850293082987,1.7247137012627,1.09980957553257));
#8030=CARTESIAN_POINT('Ctrl Pts',(-0.116026142801869,1.71802399398177,1.10317981807462));
#8031=CARTESIAN_POINT('Ctrl Pts',(-0.116076816154249,1.71461061711376,1.10491820215097));
#8032=CARTESIAN_POINT('Ctrl Pts',(-0.127676422150619,1.75809494633404,1.08802637475434));
#8033=CARTESIAN_POINT('Ctrl Pts',(-0.126444102287553,1.75629557535777,1.08876638749159));
#8034=CARTESIAN_POINT('Ctrl Pts',(-0.124163691018517,1.75228854671851,1.09042517350574));
#8035=CARTESIAN_POINT('Ctrl Pts',(-0.121303303112721,1.74472941175174,1.09362670838539));
#8036=CARTESIAN_POINT('Ctrl Pts',(-0.119246141219886,1.73516394830731,1.0979505693453));
#8037=CARTESIAN_POINT('Ctrl Pts',(-0.118410527793265,1.72468692480549,1.10306797696912));
#8038=CARTESIAN_POINT('Ctrl Pts',(-0.118723165922013,1.71900313929325,1.1060661045727));
#8039=CARTESIAN_POINT('Ctrl Pts',(-0.118855693179375,1.71596017244581,1.10768873189104));
#8040=CARTESIAN_POINT('Ctrl Pts',(-0.132942928616926,1.75244260103886,1.09670325007507));
#8041=CARTESIAN_POINT('Ctrl Pts',(-0.131558885961328,1.75061300621105,1.09716509845278));
#8042=CARTESIAN_POINT('Ctrl Pts',(-0.129019154948924,1.74659976981793,1.09830843843925));
#8043=CARTESIAN_POINT('Ctrl Pts',(-0.126014566416453,1.73953483534172,1.10079244451655));
#8044=CARTESIAN_POINT('Ctrl Pts',(-0.124111290204647,1.73189908593783,1.10393092609411));
#8045=CARTESIAN_POINT('Ctrl Pts',(-0.123422242353599,1.72463515088805,1.1072498411769));
#8046=CARTESIAN_POINT('Ctrl Pts',(-0.123731266013582,1.71995637195483,1.1097080204997));
#8047=CARTESIAN_POINT('Ctrl Pts',(-0.123894837196961,1.71756031211162,1.11097369133443));
#8048=CARTESIAN_POINT('Ctrl Pts',(-0.137764128941153,1.74739401865913,1.10193175337451));
#8049=CARTESIAN_POINT('Ctrl Pts',(-0.136192847614226,1.7457945083298,1.10215962905569));
#8050=CARTESIAN_POINT('Ctrl Pts',(-0.133315861586505,1.74230000425624,1.10283531560927));
#8051=CARTESIAN_POINT('Ctrl Pts',(-0.130078101322154,1.73646648202518,1.1044992613772));
#8052=CARTESIAN_POINT('Ctrl Pts',(-0.128145399836294,1.7303377821733,1.10677858097839));
#8053=CARTESIAN_POINT('Ctrl Pts',(-0.12744194631736,1.72418518770242,1.10952413713031));
#8054=CARTESIAN_POINT('Ctrl Pts',(-0.127602106783008,1.72025642151989,1.11150051284978));
#8055=CARTESIAN_POINT('Ctrl Pts',(-0.127687623577761,1.718297535655,1.11248715262313));
#8056=CARTESIAN_POINT('Ctrl Pts',(-0.140177409848968,1.74482885848415,1.10399449377753));
#8057=CARTESIAN_POINT('Ctrl Pts',(-0.138543421195269,1.74337401062558,1.10414301233414));
#8058=CARTESIAN_POINT('Ctrl Pts',(-0.135565005791754,1.74016059240632,1.10466716178301));
#8059=CARTESIAN_POINT('Ctrl Pts',(-0.132294412406273,1.73485570430415,1.10608078444116));
#8060=CARTESIAN_POINT('Ctrl Pts',(-0.130367750448319,1.72934914843006,1.10806691289935));
#8061=CARTESIAN_POINT('Ctrl Pts',(-0.129600251325069,1.72384455052762,1.11047246319881));
#8062=CARTESIAN_POINT('Ctrl Pts',(-0.129631447609615,1.72032081056647,1.11220114652308));
#8063=CARTESIAN_POINT('Ctrl Pts',(-0.129650882166922,1.7185757005016,1.11305820292528));
#8064=CARTESIAN_POINT('',(-0.140177409848968,1.74482885848415,1.10399449377753));
#8065=CARTESIAN_POINT('Ctrl Pts',(-0.124685207305202,1.76127526660843,1.07893220730605));
#8066=CARTESIAN_POINT('Ctrl Pts',(-0.125598472120108,1.76030081718927,1.08225835271055));
#8067=CARTESIAN_POINT('Ctrl Pts',(-0.127676422150619,1.75809494633404,1.08802637475434));
#8068=CARTESIAN_POINT('Ctrl Pts',(-0.132942928616926,1.75244260103886,1.09670325007507));
#8069=CARTESIAN_POINT('Ctrl Pts',(-0.137764128941153,1.74739401865913,1.10193175337451));
#8070=CARTESIAN_POINT('Ctrl Pts',(-0.140177409848968,1.74482885848415,1.10399449377753));
#8071=CARTESIAN_POINT('',(-0.129650882166922,1.7185757005016,1.11305820292528));
#8072=CARTESIAN_POINT('Ctrl Pts',(-0.140177409848968,1.74482885848415,1.10399449377753));
#8073=CARTESIAN_POINT('Ctrl Pts',(-0.138486527169028,1.74332335412191,1.1041481836177));
#8074=CARTESIAN_POINT('Ctrl Pts',(-0.136953192120798,1.74165811859786,1.10442299639375));
#8075=CARTESIAN_POINT('Ctrl Pts',(-0.135630251438687,1.73990292408673,1.1048104593574));
#8076=CARTESIAN_POINT('Ctrl Pts',(-0.134552340901287,1.73847282016423,1.10512615787437));
#8077=CARTESIAN_POINT('Ctrl Pts',(-0.133617816175858,1.73698695928812,1.1055160829684));
#8078=CARTESIAN_POINT('Ctrl Pts',(-0.132844339855489,1.7354785664013,1.10597341396762));
#8079=CARTESIAN_POINT('Ctrl Pts',(-0.131949253066007,1.73373301516621,1.10650264922027));
#8080=CARTESIAN_POINT('Ctrl Pts',(-0.131266510685091,1.73195006059988,1.1071245951901));
#8081=CARTESIAN_POINT('Ctrl Pts',(-0.13077123195845,1.73015655506805,1.1078195433105));
#8082=CARTESIAN_POINT('Ctrl Pts',(-0.130298300392686,1.72844397317476,1.1084831351125));
#8083=CARTESIAN_POINT('Ctrl Pts',(-0.129998736310599,1.72672698184713,1.10921155364805));
#8084=CARTESIAN_POINT('Ctrl Pts',(-0.129831692170327,1.72504127250409,1.10997280138344));
#8085=CARTESIAN_POINT('Ctrl Pts',(-0.129713924461401,1.72385283137157,1.11050948828294));
#8086=CARTESIAN_POINT('Ctrl Pts',(-0.12966166953439,1.72268068490461,1.11106195228504));
#8087=CARTESIAN_POINT('Ctrl Pts',(-0.12964437925106,1.72151907376649,1.11162179071825));
#8088=CARTESIAN_POINT('Ctrl Pts',(-0.129633548649021,1.72079144266179,1.11197247249484));
#8089=CARTESIAN_POINT('Ctrl Pts',(-0.129636210427756,1.72006134426271,1.11232918027912));
#8090=CARTESIAN_POINT('Ctrl Pts',(-0.12964285771938,1.71934196346928,1.11268203582426));
#8091=CARTESIAN_POINT('Ctrl Pts',(-0.129645221426348,1.7190861592274,1.11280750754389));
#8092=CARTESIAN_POINT('Ctrl Pts',(-0.129648038736785,1.71883102396856,1.11293280876454));
#8093=CARTESIAN_POINT('Ctrl Pts',(-0.129650882166922,1.7185757005016,1.11305820292528));
#8094=CARTESIAN_POINT('Origin',(-0.138740377799735,1.70627290393192,1.08780154025066));
#8095=CARTESIAN_POINT('Ctrl Pts',(-0.124685207305202,1.76127526660843,1.07893220730605));
#8096=CARTESIAN_POINT('Ctrl Pts',(-0.125598472120108,1.76030081718927,1.08225835271055));
#8097=CARTESIAN_POINT('Ctrl Pts',(-0.127676422150619,1.75809494633404,1.08802637475434));
#8098=CARTESIAN_POINT('Ctrl Pts',(-0.132942928616926,1.75244260103886,1.09670325007507));
#8099=CARTESIAN_POINT('Ctrl Pts',(-0.137764128941153,1.74739401865913,1.10193175337451));
#8100=CARTESIAN_POINT('Ctrl Pts',(-0.140177409848968,1.74482885848415,1.10399449377753));
#8101=CARTESIAN_POINT('Ctrl Pts',(-0.126479877285166,1.7625063983717,1.07972866695801));
#8102=CARTESIAN_POINT('Ctrl Pts',(-0.127377142509693,1.76151007346179,1.08286100521143));
#8103=CARTESIAN_POINT('Ctrl Pts',(-0.129469647173968,1.75929401669629,1.08839122985038));
#8104=CARTESIAN_POINT('Ctrl Pts',(-0.134832596825352,1.75373687518469,1.09683532815852));
#8105=CARTESIAN_POINT('Ctrl Pts',(-0.139496295661934,1.74882251831013,1.10184139372021));
#8106=CARTESIAN_POINT('Ctrl Pts',(-0.141811398502667,1.74628370634272,1.10384597522092));
#8107=CARTESIAN_POINT('Ctrl Pts',(-0.130427905871832,1.76473155412892,1.08133710678027));
#8108=CARTESIAN_POINT('Ctrl Pts',(-0.13130836310636,1.76371684302595,1.08413529267345));
#8109=CARTESIAN_POINT('Ctrl Pts',(-0.133480674358343,1.76148981998455,1.08930236366557));
#8110=CARTESIAN_POINT('Ctrl Pts',(-0.138997810207154,1.75608251759166,1.09731077455736));
#8111=CARTESIAN_POINT('Ctrl Pts',(-0.143281512877692,1.75141059403019,1.1018824798353));
#8112=CARTESIAN_POINT('Ctrl Pts',(-0.145398403777484,1.74890749673016,1.10377769784971));
#8113=CARTESIAN_POINT('Ctrl Pts',(-0.138180981331036,1.7675353372975,1.08407199072134));
#8114=CARTESIAN_POINT('Ctrl Pts',(-0.139075007632353,1.76651252430909,1.08655943587679));
#8115=CARTESIAN_POINT('Ctrl Pts',(-0.141254890195892,1.76423061818844,1.09127819967705));
#8116=CARTESIAN_POINT('Ctrl Pts',(-0.146574267945562,1.75889127806524,1.09865306850509));
#8117=CARTESIAN_POINT('Ctrl Pts',(-0.149795691025376,1.75437677371279,1.10256732276332));
#8118=CARTESIAN_POINT('Ctrl Pts',(-0.151463888937345,1.75185236188646,1.10429117041513));
#8119=CARTESIAN_POINT('Ctrl Pts',(-0.148549316891896,1.76980687692447,1.08735557267765));
#8120=CARTESIAN_POINT('Ctrl Pts',(-0.149271614454918,1.76872590390178,1.08957967995619));
#8121=CARTESIAN_POINT('Ctrl Pts',(-0.151204415823512,1.76621950606097,1.09399775115623));
#8122=CARTESIAN_POINT('Ctrl Pts',(-0.154779929456861,1.76071401252378,1.10042886420448));
#8123=CARTESIAN_POINT('Ctrl Pts',(-0.156542183741347,1.75615705263791,1.10377456567304));
#8124=CARTESIAN_POINT('Ctrl Pts',(-0.157605845328831,1.75359610479421,1.10530366869667));
#8125=CARTESIAN_POINT('Ctrl Pts',(-0.161864449256099,1.77112129835627,1.09118607623768));
#8126=CARTESIAN_POINT('Ctrl Pts',(-0.161930707496743,1.76989277192586,1.09319068904412));
#8127=CARTESIAN_POINT('Ctrl Pts',(-0.162290127712568,1.76701989762165,1.09714872788967));
#8128=CARTESIAN_POINT('Ctrl Pts',(-0.162778185412609,1.76137670447588,1.10244077166356));
#8129=CARTESIAN_POINT('Ctrl Pts',(-0.163427451564396,1.75679668350353,1.10543527037283));
#8130=CARTESIAN_POINT('Ctrl Pts',(-0.163829359636731,1.75430896092005,1.10672355749694));
#8131=CARTESIAN_POINT('Ctrl Pts',(-0.169385854152006,1.77105513324731,1.09317519400993));
#8132=CARTESIAN_POINT('Ctrl Pts',(-0.169017554082293,1.76975221557437,1.09517700559409));
#8133=CARTESIAN_POINT('Ctrl Pts',(-0.168405811907575,1.76674199265594,1.09901402710441));
#8134=CARTESIAN_POINT('Ctrl Pts',(-0.167852676376581,1.76109430236681,1.10400067713394));
#8135=CARTESIAN_POINT('Ctrl Pts',(-0.167690529871361,1.75666852130578,1.10663037234109));
#8136=CARTESIAN_POINT('Ctrl Pts',(-0.167657002749736,1.75432414310885,1.10773128576953));
#8137=CARTESIAN_POINT('Ctrl Pts',(-0.173161907832488,1.77105513324731,1.09414734166447));
#8138=CARTESIAN_POINT('Ctrl Pts',(-0.172638225822255,1.76970728737875,1.09618144766977));
#8139=CARTESIAN_POINT('Ctrl Pts',(-0.171654974755586,1.76661098188519,1.10000062965493));
#8140=CARTESIAN_POINT('Ctrl Pts',(-0.170425563734414,1.76093199719923,1.10477595569685));
#8141=CARTESIAN_POINT('Ctrl Pts',(-0.169799166036143,1.75659289620266,1.10720903396737));
#8142=CARTESIAN_POINT('Ctrl Pts',(-0.169539911153717,1.75432414310885,1.10821604185182));
#8143=CARTESIAN_POINT('',(-0.173161907832488,1.77105513324731,1.09414734166447));
#8144=CARTESIAN_POINT('Ctrl Pts',(-0.124685207305202,1.76127526660843,1.07893220730605));
#8145=CARTESIAN_POINT('Ctrl Pts',(-0.126479877285166,1.7625063983717,1.07972866695801));
#8146=CARTESIAN_POINT('Ctrl Pts',(-0.130427905871832,1.76473155412892,1.08133710678027));
#8147=CARTESIAN_POINT('Ctrl Pts',(-0.138180981331036,1.7675353372975,1.08407199072134));
#8148=CARTESIAN_POINT('Ctrl Pts',(-0.148549316891896,1.76980687692447,1.08735557267765));
#8149=CARTESIAN_POINT('Ctrl Pts',(-0.161864449256099,1.77112129835627,1.09118607623768));
#8150=CARTESIAN_POINT('Ctrl Pts',(-0.169385854152006,1.77105513324731,1.09317519400993));
#8151=CARTESIAN_POINT('Ctrl Pts',(-0.173161907832488,1.77105513324731,1.09414734166447));
#8152=CARTESIAN_POINT('',(-0.169539911153717,1.75432414310885,1.10821604185182));
#8153=CARTESIAN_POINT('Origin',(-0.178463085981138,1.73792041434928,1.07355629958809));
#8154=CARTESIAN_POINT('Ctrl Pts',(-0.169539911153717,1.75432414310885,1.10821604185182));
#8155=CARTESIAN_POINT('Ctrl Pts',(-0.168394039479131,1.75432414310885,1.10792103638974));
#8156=CARTESIAN_POINT('Ctrl Pts',(-0.167245014098596,1.75432315576888,1.10762013391566));
#8157=CARTESIAN_POINT('Ctrl Pts',(-0.166063702668101,1.75429296916831,1.10731853768912));
#8158=CARTESIAN_POINT('Ctrl Pts',(-0.16457962913802,1.75425504594695,1.10693964439728));
#8159=CARTESIAN_POINT('Ctrl Pts',(-0.163045964023399,1.75417087329862,1.10655984938475));
#8160=CARTESIAN_POINT('Ctrl Pts',(-0.161485059332648,1.75400551360822,1.10620057812913));
#8161=CARTESIAN_POINT('Ctrl Pts',(-0.159867599241496,1.75383416253118,1.10582828959588));
#8162=CARTESIAN_POINT('Ctrl Pts',(-0.158227128377429,1.7535764106545,1.10547935891872));
#8163=CARTESIAN_POINT('Ctrl Pts',(-0.156599178754273,1.7532076413422,1.10517595762451));
#8164=CARTESIAN_POINT('Ctrl Pts',(-0.155033615458041,1.75285300401689,1.10488418328241));
#8165=CARTESIAN_POINT('Ctrl Pts',(-0.153474610118414,1.75239431964188,1.10463385705558));
#8166=CARTESIAN_POINT('Ctrl Pts',(-0.151921480598424,1.75181990678026,1.10443113172396));
#8167=CARTESIAN_POINT('Ctrl Pts',(-0.149737226752828,1.75101207750022,1.10414602762963));
#8168=CARTESIAN_POINT('Ctrl Pts',(-0.147566751838551,1.74997604004791,1.10395480356123));
#8169=CARTESIAN_POINT('Ctrl Pts',(-0.145520106653837,1.74874688948502,1.10388061874671));
#8170=CARTESIAN_POINT('Ctrl Pts',(-0.143982267820644,1.74782331197311,1.10382487665254));
#8171=CARTESIAN_POINT('Ctrl Pts',(-0.142519140577658,1.74679323173748,1.10383583283904));
#8172=CARTESIAN_POINT('Ctrl Pts',(-0.141156531821042,1.74566836784429,1.10392001124032));
#8173=CARTESIAN_POINT('Ctrl Pts',(-0.140824436305749,1.74539421559594,1.10394052723173));
#8174=CARTESIAN_POINT('Ctrl Pts',(-0.140498028832065,1.74511432670935,1.10396535167273));
#8175=CARTESIAN_POINT('Ctrl Pts',(-0.140177409848968,1.74482885848415,1.10399449377753));
#8176=CARTESIAN_POINT('Ctrl Pts',(-0.124685207305202,1.76127526660843,1.07893220730605));
#8177=CARTESIAN_POINT('Ctrl Pts',(-0.126479877285166,1.7625063983717,1.07972866695801));
#8178=CARTESIAN_POINT('Ctrl Pts',(-0.130427905871832,1.76473155412892,1.08133710678027));
#8179=CARTESIAN_POINT('Ctrl Pts',(-0.138180981331036,1.7675353372975,1.08407199072134));
#8180=CARTESIAN_POINT('Ctrl Pts',(-0.148549316891896,1.76980687692447,1.08735557267765));
#8181=CARTESIAN_POINT('Ctrl Pts',(-0.161864449256099,1.77112129835627,1.09118607623768));
#8182=CARTESIAN_POINT('Ctrl Pts',(-0.169385854152006,1.77105513324731,1.09317519400993));
#8183=CARTESIAN_POINT('Ctrl Pts',(-0.173161907832488,1.77105513324731,1.09414734166447));
#8184=CARTESIAN_POINT('Ctrl Pts',(-0.126763059123568,1.76430160229971,1.07693349465481));
#8185=CARTESIAN_POINT('Ctrl Pts',(-0.12858455107102,1.76528401470133,1.07785096799715));
#8186=CARTESIAN_POINT('Ctrl Pts',(-0.132583717763993,1.76708437435315,1.07966451256366));
#8187=CARTESIAN_POINT('Ctrl Pts',(-0.14036520009608,1.76939227177501,1.08260573830019));
#8188=CARTESIAN_POINT('Ctrl Pts',(-0.150621328935159,1.77127971294412,1.08595547184856));
#8189=CARTESIAN_POINT('Ctrl Pts',(-0.163207036293171,1.77235409736054,1.08956315954828));
#8190=CARTESIAN_POINT('Ctrl Pts',(-0.170173715741772,1.77235805092025,1.09128139883183));
#8191=CARTESIAN_POINT('Ctrl Pts',(-0.173685589842722,1.77240297911587,1.09211323565916));
#8192=CARTESIAN_POINT('Ctrl Pts',(-0.131383171686418,1.76932008722187,1.07314961416848));
#8193=CARTESIAN_POINT('Ctrl Pts',(-0.133253052256636,1.76994606764937,1.07424261164034));
#8194=CARTESIAN_POINT('Ctrl Pts',(-0.137336125643047,1.77110927758397,1.07635269500412));
#8195=CARTESIAN_POINT('Ctrl Pts',(-0.145235606784227,1.77264149456449,1.07958925895093));
#8196=CARTESIAN_POINT('Ctrl Pts',(-0.155320903517426,1.77391645704739,1.0829799980921));
#8197=CARTESIAN_POINT('Ctrl Pts',(-0.166140036804858,1.77455560899391,1.08603372853991));
#8198=CARTESIAN_POINT('Ctrl Pts',(-0.171853642046307,1.7746204283798,1.08722384230588));
#8199=CARTESIAN_POINT('Ctrl Pts',(-0.174797039462297,1.77469798669139,1.08779609987525));
#8200=CARTESIAN_POINT('Ctrl Pts',(-0.14301678891591,1.77543586366727,1.06648203760724));
#8201=CARTESIAN_POINT('Ctrl Pts',(-0.144898066271215,1.77564192421762,1.06786458895824));
#8202=CARTESIAN_POINT('Ctrl Pts',(-0.148922002045185,1.77602732162812,1.07045713981321));
#8203=CARTESIAN_POINT('Ctrl Pts',(-0.156146233630464,1.77648955216075,1.07422171921537));
#8204=CARTESIAN_POINT('Ctrl Pts',(-0.163573427517939,1.77672938626624,1.07747682232979));
#8205=CARTESIAN_POINT('Ctrl Pts',(-0.17033831326336,1.77673284476459,1.07971677700966));
#8206=CARTESIAN_POINT('Ctrl Pts',(-0.174535637257234,1.7767826935551,1.08047574507851));
#8207=CARTESIAN_POINT('Ctrl Pts',(-0.176596413514554,1.77681444918177,1.08080690128916));
#8208=CARTESIAN_POINT('Ctrl Pts',(-0.15227777977735,1.77729049308944,1.06142855665193));
#8209=CARTESIAN_POINT('Ctrl Pts',(-0.15371117116967,1.77729049308944,1.0630503320816));
#8210=CARTESIAN_POINT('Ctrl Pts',(-0.156723012939677,1.77729049308944,1.06602284928069));
#8211=CARTESIAN_POINT('Ctrl Pts',(-0.162071106494776,1.77729049308944,1.06999511525799));
#8212=CARTESIAN_POINT('Ctrl Pts',(-0.167458833456082,1.77729049308944,1.07296153263894));
#8213=CARTESIAN_POINT('Ctrl Pts',(-0.172968538700643,1.77729049308944,1.07492901137438));
#8214=CARTESIAN_POINT('Ctrl Pts',(-0.176267927722399,1.77729049308944,1.07565413899902));
#8215=CARTESIAN_POINT('Ctrl Pts',(-0.177840856408552,1.77729049308944,1.07597318786293));
#8216=CARTESIAN_POINT('Ctrl Pts',(-0.156402229169654,1.77729049308944,1.05901852657927));
#8217=CARTESIAN_POINT('Ctrl Pts',(-0.157612079960834,1.77729049308944,1.06070316856004));
#8218=CARTESIAN_POINT('Ctrl Pts',(-0.160202912148476,1.77729049308944,1.06375370945129));
#8219=CARTESIAN_POINT('Ctrl Pts',(-0.16489916120269,1.77729049308944,1.06771506623168));
#8220=CARTESIAN_POINT('Ctrl Pts',(-0.169533310669468,1.77729049308944,1.07054530976491));
#8221=CARTESIAN_POINT('Ctrl Pts',(-0.174312532649901,1.77729049308944,1.07245340360782));
#8222=CARTESIAN_POINT('Ctrl Pts',(-0.177127040181514,1.77729049308944,1.07321233366484));
#8223=CARTESIAN_POINT('Ctrl Pts',(-0.178463085981138,1.77729049308944,1.07355629958809));
#8224=CARTESIAN_POINT('',(-0.156402229169654,1.77729049308944,1.05901852657927));
#8225=CARTESIAN_POINT('Ctrl Pts',(-0.124685207305202,1.76127526660843,1.07893220730605));
#8226=CARTESIAN_POINT('Ctrl Pts',(-0.126763059123568,1.76430160229971,1.07693349465481));
#8227=CARTESIAN_POINT('Ctrl Pts',(-0.131383171686418,1.76932008722187,1.07314961416848));
#8228=CARTESIAN_POINT('Ctrl Pts',(-0.14301678891591,1.77543586366727,1.06648203760724));
#8229=CARTESIAN_POINT('Ctrl Pts',(-0.15227777977735,1.77729049308944,1.06142855665193));
#8230=CARTESIAN_POINT('Ctrl Pts',(-0.156402229169654,1.77729049308944,1.05901852657927));
#8231=CARTESIAN_POINT('',(-0.178463085981138,1.77729049308944,1.07355629958809));
#8232=CARTESIAN_POINT('Ctrl Pts',(-0.156402229169653,1.77729049308944,1.05901852657927));
#8233=CARTESIAN_POINT('Ctrl Pts',(-0.157189154035755,1.77729049308944,1.06011427051299));
#8234=CARTESIAN_POINT('Ctrl Pts',(-0.158015378676908,1.77729049308944,1.06114847074233));
#8235=CARTESIAN_POINT('Ctrl Pts',(-0.158887519119787,1.77729049308944,1.06212342151139));
#8236=CARTESIAN_POINT('Ctrl Pts',(-0.159692655345855,1.77729049308944,1.06302346942135));
#8237=CARTESIAN_POINT('Ctrl Pts',(-0.160542757296451,1.77729049308944,1.06387990659756));
#8238=CARTESIAN_POINT('Ctrl Pts',(-0.16143325742398,1.77729049308944,1.06469684394567));
#8239=CARTESIAN_POINT('Ctrl Pts',(-0.162823266304095,1.77729049308944,1.06597202643387));
#8240=CARTESIAN_POINT('Ctrl Pts',(-0.164305335499704,1.77729049308944,1.06714620920555));
#8241=CARTESIAN_POINT('Ctrl Pts',(-0.165773808218997,1.77729049308944,1.06815203199914));
#8242=CARTESIAN_POINT('Ctrl Pts',(-0.166678570618032,1.77729049308944,1.06877174432459));
#8243=CARTESIAN_POINT('Ctrl Pts',(-0.167576660270828,1.77729049308944,1.0693260613484));
#8244=CARTESIAN_POINT('Ctrl Pts',(-0.168469546922733,1.77729049308944,1.06981893267792));
#8245=CARTESIAN_POINT('Ctrl Pts',(-0.169342555731746,1.77729049308944,1.07030083148496));
#8246=CARTESIAN_POINT('Ctrl Pts',(-0.170218098763328,1.77729049308944,1.07072843617825));
#8247=CARTESIAN_POINT('Ctrl Pts',(-0.171101294814061,1.77729049308944,1.07111638771523));
#8248=CARTESIAN_POINT('Ctrl Pts',(-0.172407206870293,1.77729049308944,1.07169002092946));
#8249=CARTESIAN_POINT('Ctrl Pts',(-0.173723469181021,1.77729049308944,1.07217369917678));
#8250=CARTESIAN_POINT('Ctrl Pts',(-0.17496371820041,1.77729049308944,1.0725709063379));
#8251=CARTESIAN_POINT('Ctrl Pts',(-0.175737592481453,1.77729049308944,1.07281875044132));
#8252=CARTESIAN_POINT('Ctrl Pts',(-0.176479967436688,1.77729049308944,1.07303213993443));
#8253=CARTESIAN_POINT('Ctrl Pts',(-0.177193509534689,1.77729049308944,1.07322423128402));
#8254=CARTESIAN_POINT('Ctrl Pts',(-0.177623525129476,1.77729049308944,1.07333999498763));
#8255=CARTESIAN_POINT('Ctrl Pts',(-0.178043652372114,1.77729049308944,1.07344831611282));
#8256=CARTESIAN_POINT('Ctrl Pts',(-0.178463085981138,1.77729049308944,1.07355629958809));
#8257=CARTESIAN_POINT('Origin',(-0.178463085981138,1.73792041434928,1.07355629958809));
#8258=CARTESIAN_POINT('Ctrl Pts',(0.0776698375597364,1.76129297614059,0.876559613992784));
#8259=CARTESIAN_POINT('Ctrl Pts',(0.0783291266372944,1.7623180669858,0.875065712830394));
#8260=CARTESIAN_POINT('Ctrl Pts',(0.0796639901552826,1.76420595164322,0.871813664125909));
#8261=CARTESIAN_POINT('Ctrl Pts',(0.0818841377109787,1.76664797333902,0.865758335710178));
#8262=CARTESIAN_POINT('Ctrl Pts',(0.084437629195834,1.76871987118616,0.858090256211898));
#8263=CARTESIAN_POINT('Ctrl Pts',(0.0873629861486787,1.77033687008131,0.848374811598));
#8264=CARTESIAN_POINT('Ctrl Pts',(0.0905004381894985,1.77112020916503,0.837336628367911));
#8265=CARTESIAN_POINT('Ctrl Pts',(0.0921055382661597,1.77105513324731,0.831216483920776));
#8266=CARTESIAN_POINT('Ctrl Pts',(0.0929156613116119,1.77105513324731,0.828069772520368));
#8267=CARTESIAN_POINT('Ctrl Pts',(0.0809644424020692,1.76031936098286,0.875651704400725));
#8268=CARTESIAN_POINT('Ctrl Pts',(0.0814660536710836,1.7613261923042,0.874167736362153));
#8269=CARTESIAN_POINT('Ctrl Pts',(0.082539777787178,1.76319597057833,0.870914786825962));
#8270=CARTESIAN_POINT('Ctrl Pts',(0.0844709652556327,1.76562859112919,0.864858716118175));
#8271=CARTESIAN_POINT('Ctrl Pts',(0.0867715021226516,1.76767505010887,0.85728460413458));
#8272=CARTESIAN_POINT('Ctrl Pts',(0.0895224933776212,1.76920892713856,0.847806913837729));
#8273=CARTESIAN_POINT('Ctrl Pts',(0.0924843910483637,1.76987225839286,0.837424950642733));
#8274=CARTESIAN_POINT('Ctrl Pts',(0.0941127322538427,1.76974472754177,0.831610680980576));
#8275=CARTESIAN_POINT('Ctrl Pts',(0.0949497673169162,1.76970728737875,0.828593454530601));
#8276=CARTESIAN_POINT('Ctrl Pts',(0.0868386730843482,1.7580564816659,0.873544233872969));
#8277=CARTESIAN_POINT('Ctrl Pts',(0.0871445539164835,1.75906009484792,0.872042589210777));
#8278=CARTESIAN_POINT('Ctrl Pts',(0.0878692768709537,1.76093179277526,0.868754672697851));
#8279=CARTESIAN_POINT('Ctrl Pts',(0.0893519784944411,1.76334320967342,0.862700812681252));
#8280=CARTESIAN_POINT('Ctrl Pts',(0.0913336609412191,1.76528442176555,0.855202674427754));
#8281=CARTESIAN_POINT('Ctrl Pts',(0.0938334254930005,1.76657261245876,0.846264118868333));
#8282=CARTESIAN_POINT('Ctrl Pts',(0.0963763279196807,1.76696308417111,0.837397809288256));
#8283=CARTESIAN_POINT('Ctrl Pts',(0.0979467805099729,1.76672015752748,0.832284341303954));
#8284=CARTESIAN_POINT('Ctrl Pts',(0.0987689493020733,1.76661098188519,0.829576705597271));
#8285=CARTESIAN_POINT('Ctrl Pts',(0.0954549242577021,1.75245507913687,0.868300320667138));
#8286=CARTESIAN_POINT('Ctrl Pts',(0.0955669406391986,1.75353260743104,0.866723157343418));
#8287=CARTESIAN_POINT('Ctrl Pts',(0.0959370106749432,1.75552760408353,0.863291381533623));
#8288=CARTESIAN_POINT('Ctrl Pts',(0.0969275462237238,1.75801251985684,0.857272781710378));
#8289=CARTESIAN_POINT('Ctrl Pts',(0.0982869492983527,1.75988192166202,0.850580477580838));
#8290=CARTESIAN_POINT('Ctrl Pts',(0.0998600471072886,1.76101153851229,0.843725203216568));
#8291=CARTESIAN_POINT('Ctrl Pts',(0.101573833157306,1.76132399111158,0.837239947355782));
#8292=CARTESIAN_POINT('Ctrl Pts',(0.102898209874904,1.76106725150555,0.832950189416646));
#8293=CARTESIAN_POINT('Ctrl Pts',(0.103544275343994,1.76093199719923,0.830806116618442));
#8294=CARTESIAN_POINT('Ctrl Pts',(0.100700282519924,1.74738716373091,0.863476493716408));
#8295=CARTESIAN_POINT('Ctrl Pts',(0.100626025450698,1.74858003334404,0.862026712171715));
#8296=CARTESIAN_POINT('Ctrl Pts',(0.100626950983367,1.75078946164066,0.858901669036287));
#8297=CARTESIAN_POINT('Ctrl Pts',(0.101062893950192,1.75345551123086,0.853665809637515));
#8298=CARTESIAN_POINT('Ctrl Pts',(0.101901145494689,1.75535297345616,0.848083429806354));
#8299=CARTESIAN_POINT('Ctrl Pts',(0.103079067729028,1.75643981290055,0.842368613777576));
#8300=CARTESIAN_POINT('Ctrl Pts',(0.104491874230028,1.75677381141897,0.83676721819836));
#8301=CARTESIAN_POINT('Ctrl Pts',(0.105495135592609,1.75665591712193,0.833189711120707));
#8302=CARTESIAN_POINT('Ctrl Pts',(0.105977353614514,1.75659289620266,0.831432514316713));
#8303=CARTESIAN_POINT('Ctrl Pts',(0.102763072363545,1.74482202768135,0.861063230913735));
#8304=CARTESIAN_POINT('Ctrl Pts',(0.102640366471898,1.74603697675055,0.859694876876453));
#8305=CARTESIAN_POINT('Ctrl Pts',(0.102548402834051,1.7482793173797,0.856735928909704));
#8306=CARTESIAN_POINT('Ctrl Pts',(0.102845158365037,1.75094135671306,0.851837535113467));
#8307=CARTESIAN_POINT('Ctrl Pts',(0.103530794836155,1.75280683959432,0.84670728995005));
#8308=CARTESIAN_POINT('Ctrl Pts',(0.104530243217747,1.75389469875469,0.841525991256872));
#8309=CARTESIAN_POINT('Ctrl Pts',(0.105733650585861,1.75431975075877,0.836475628827415));
#8310=CARTESIAN_POINT('Ctrl Pts',(0.106580398097055,1.75432414310885,0.833260859535798));
#8311=CARTESIAN_POINT('Ctrl Pts',(0.106984361498961,1.75432414310885,0.83169176919914));
#8312=CARTESIAN_POINT('',(0.0776698375597364,1.76129297614059,0.876559613992784));
#8313=CARTESIAN_POINT('',(0.0929156613116119,1.77105513324731,0.828069772520368));
#8314=CARTESIAN_POINT('Ctrl Pts',(0.0776698375597364,1.76129297614059,0.876559613992784));
#8315=CARTESIAN_POINT('Ctrl Pts',(0.0783291266372944,1.7623180669858,0.875065712830394));
#8316=CARTESIAN_POINT('Ctrl Pts',(0.0796639901552826,1.76420595164322,0.871813664125909));
#8317=CARTESIAN_POINT('Ctrl Pts',(0.0818841377109787,1.76664797333902,0.865758335710178));
#8318=CARTESIAN_POINT('Ctrl Pts',(0.084437629195834,1.76871987118616,0.858090256211898));
#8319=CARTESIAN_POINT('Ctrl Pts',(0.0873629861486787,1.77033687008131,0.848374811598));
#8320=CARTESIAN_POINT('Ctrl Pts',(0.0905004381894985,1.77112020916503,0.837336628367911));
#8321=CARTESIAN_POINT('Ctrl Pts',(0.0921055382661597,1.77105513324731,0.831216483920776));
#8322=CARTESIAN_POINT('Ctrl Pts',(0.0929156613116119,1.77105513324731,0.828069772520368));
#8323=CARTESIAN_POINT('',(0.102763072363545,1.74482202768135,0.861063230913735));
#8324=CARTESIAN_POINT('Ctrl Pts',(0.0776698375597364,1.76129297614059,0.876559613992784));
#8325=CARTESIAN_POINT('Ctrl Pts',(0.0809644424020692,1.76031936098286,0.875651704400725));
#8326=CARTESIAN_POINT('Ctrl Pts',(0.0868386730843482,1.7580564816659,0.873544233872969));
#8327=CARTESIAN_POINT('Ctrl Pts',(0.0954549242577021,1.75245507913687,0.868300320667138));
#8328=CARTESIAN_POINT('Ctrl Pts',(0.100700282519924,1.74738716373091,0.863476493716408));
#8329=CARTESIAN_POINT('Ctrl Pts',(0.102763072363545,1.74482202768135,0.861063230913735));
#8330=CARTESIAN_POINT('',(0.106984361498961,1.75432414310885,0.83169176919914));
#8331=CARTESIAN_POINT('Ctrl Pts',(0.102763072363545,1.74482202768135,0.861063230913734));
#8332=CARTESIAN_POINT('Ctrl Pts',(0.102579013526074,1.74664445128515,0.859010699857812));
#8333=CARTESIAN_POINT('Ctrl Pts',(0.102568363406988,1.74825438379944,0.856707071390941));
#8334=CARTESIAN_POINT('Ctrl Pts',(0.102713890118039,1.74957938358774,0.854272197436486));
#8335=CARTESIAN_POINT('Ctrl Pts',(0.102832647729267,1.75066065456954,0.852285209533156));
#8336=CARTESIAN_POINT('Ctrl Pts',(0.103055349296875,1.7515503301122,0.850213809826843));
#8337=CARTESIAN_POINT('Ctrl Pts',(0.103362758371414,1.75224032504182,0.848118749040911));
#8338=CARTESIAN_POINT('Ctrl Pts',(0.103681168120831,1.75295501153235,0.845948716224329));
#8339=CARTESIAN_POINT('Ctrl Pts',(0.104090551383967,1.75345604969906,0.843751896682882));
#8340=CARTESIAN_POINT('Ctrl Pts',(0.104555392286442,1.75377812860677,0.841588932307234));
#8341=CARTESIAN_POINT('Ctrl Pts',(0.104923492397639,1.75403317776684,0.839876115248852));
#8342=CARTESIAN_POINT('Ctrl Pts',(0.10532609535085,1.75417639263242,0.838185377930576));
#8343=CARTESIAN_POINT('Ctrl Pts',(0.105739802795354,1.7542491368801,0.836533491514586));
#8344=CARTESIAN_POINT('Ctrl Pts',(0.10601687818768,1.75429785643115,0.835427161225225));
#8345=CARTESIAN_POINT('Ctrl Pts',(0.106298903657402,1.75431550186332,0.83433758042651));
#8346=CARTESIAN_POINT('Ctrl Pts',(0.106577112874879,1.75432127040177,0.833265126279281));
#8347=CARTESIAN_POINT('Ctrl Pts',(0.106714304041512,1.75432411499667,0.832736275233463));
#8348=CARTESIAN_POINT('Ctrl Pts',(0.106850411547405,1.75432414310885,0.832212062803933));
#8349=CARTESIAN_POINT('Ctrl Pts',(0.106984361498961,1.75432414310885,0.83169176919914));
#8350=CARTESIAN_POINT('Origin',(0.0723246192352369,1.73792041434928,0.822768594371719));
#8351=CARTESIAN_POINT('Ctrl Pts',(0.0776698375597364,1.76129297614059,0.876559613992784));
#8352=CARTESIAN_POINT('Ctrl Pts',(0.0809644424020692,1.76031936098286,0.875651704400725));
#8353=CARTESIAN_POINT('Ctrl Pts',(0.0868386730843482,1.7580564816659,0.873544233872969));
#8354=CARTESIAN_POINT('Ctrl Pts',(0.0954549242577021,1.75245507913687,0.868300320667138));
#8355=CARTESIAN_POINT('Ctrl Pts',(0.100700282519924,1.74738716373091,0.863476493716408));
#8356=CARTESIAN_POINT('Ctrl Pts',(0.102763072363545,1.74482202768135,0.861063230913735));
#8357=CARTESIAN_POINT('Ctrl Pts',(0.0786578509033449,1.75978107771651,0.877599560359145));
#8358=CARTESIAN_POINT('Ctrl Pts',(0.0818070157280439,1.75881281689995,0.876675411357795));
#8359=CARTESIAN_POINT('Ctrl Pts',(0.087460224288357,1.75655769592744,0.874576451150297));
#8360=CARTESIAN_POINT('Ctrl Pts',(0.0958351897720697,1.75092941170387,0.869457523809305));
#8361=CARTESIAN_POINT('Ctrl Pts',(0.100889139024906,1.74605178655947,0.864792205105397));
#8362=CARTESIAN_POINT('Ctrl Pts',(0.102885778255193,1.74360707861215,0.862431584951016));
#8363=CARTESIAN_POINT('Ctrl Pts',(0.0806912443825414,1.75648939170525,0.879514081741039));
#8364=CARTESIAN_POINT('Ctrl Pts',(0.0835902712484086,1.75552362138329,0.878578685039857));
#8365=CARTESIAN_POINT('Ctrl Pts',(0.0887887785009185,1.75331335152361,0.876507147854458));
#8366=CARTESIAN_POINT('Ctrl Pts',(0.0967580944975998,1.74763479796881,0.871601572046921));
#8367=CARTESIAN_POINT('Ctrl Pts',(0.10141636235844,1.7431950704953,0.867221556959284));
#8368=CARTESIAN_POINT('Ctrl Pts',(0.103285524594824,1.74098708970929,0.864947387689839));
#8369=CARTESIAN_POINT('Ctrl Pts',(0.0841180532763646,1.75042645692255,0.881986655465881));
#8370=CARTESIAN_POINT('Ctrl Pts',(0.0866352099582348,1.749528446448,0.881057222706568));
#8371=CARTESIAN_POINT('Ctrl Pts',(0.0912209237680154,1.74741368250952,0.879007128885707));
#8372=CARTESIAN_POINT('Ctrl Pts',(0.0986992449275367,1.74193211056528,0.874266959304918));
#8373=CARTESIAN_POINT('Ctrl Pts',(0.102675611708252,1.73843738143258,0.870144103649011));
#8374=CARTESIAN_POINT('Ctrl Pts',(0.104343783589782,1.73664017661692,0.867923745126087));
#8375=CARTESIAN_POINT('Ctrl Pts',(0.0879836522526253,1.74292039072425,0.88407927615407));
#8376=CARTESIAN_POINT('Ctrl Pts',(0.0901567580506766,1.74214787489103,0.883142272553023));
#8377=CARTESIAN_POINT('Ctrl Pts',(0.0944513957373591,1.74008970569229,0.88102916146645));
#8378=CARTESIAN_POINT('Ctrl Pts',(0.101105454376393,1.73571587534987,0.876260473763771));
#8379=CARTESIAN_POINT('Ctrl Pts',(0.104368326882749,1.73340505007495,0.872221770638783));
#8380=CARTESIAN_POINT('Ctrl Pts',(0.105806149031014,1.73210158375974,0.870001690166521));
#8381=CARTESIAN_POINT('Ctrl Pts',(0.0926764222672962,1.73334031397699,0.885697181245829));
#8382=CARTESIAN_POINT('Ctrl Pts',(0.0946156202204142,1.73285434734909,0.884692194603162));
#8383=CARTESIAN_POINT('Ctrl Pts',(0.0984522657475281,1.73158206650337,0.882359790238294));
#8384=CARTESIAN_POINT('Ctrl Pts',(0.103800562208813,1.72943448680549,0.877432048565654));
#8385=CARTESIAN_POINT('Ctrl Pts',(0.106439176039578,1.72827737679352,0.873395296899822));
#8386=CARTESIAN_POINT('Ctrl Pts',(0.107616681443062,1.72750698861337,0.871185618464579));
#8387=CARTESIAN_POINT('Ctrl Pts',(0.0978972184518878,1.72270027273157,0.886462984934423));
#8388=CARTESIAN_POINT('Ctrl Pts',(0.0994690955874911,1.72296847489263,0.88534460647191));
#8389=CARTESIAN_POINT('Ctrl Pts',(0.102582757434742,1.72326815851786,0.882745358881188));
#8390=CARTESIAN_POINT('Ctrl Pts',(0.106616388071873,1.72348338041745,0.877736798483674));
#8391=CARTESIAN_POINT('Ctrl Pts',(0.108792746513255,1.7231915773037,0.873748498427871));
#8392=CARTESIAN_POINT('Ctrl Pts',(0.109680010337838,1.72295103191556,0.871621375230282));
#8393=CARTESIAN_POINT('Ctrl Pts',(0.100724875459502,1.71685949462247,0.886375408344631));
#8394=CARTESIAN_POINT('Ctrl Pts',(0.102237868401341,1.71745509783672,0.885197091992256));
#8395=CARTESIAN_POINT('Ctrl Pts',(0.105104862106421,1.71849597815163,0.882486426554615));
#8396=CARTESIAN_POINT('Ctrl Pts',(0.108687285286155,1.71955702864725,0.877473152475375));
#8397=CARTESIAN_POINT('Ctrl Pts',(0.110433272459332,1.71992994054203,0.873615320770719));
#8398=CARTESIAN_POINT('Ctrl Pts',(0.11111230890411,1.72002995888861,0.871596993650353));
#8399=CARTESIAN_POINT('Ctrl Pts',(0.102186412408494,1.71387989742594,0.886368774810801));
#8400=CARTESIAN_POINT('Ctrl Pts',(0.103686521798304,1.71461061711337,0.885154864198606));
#8401=CARTESIAN_POINT('Ctrl Pts',(0.106457051538379,1.71596017244542,0.882375987173481));
#8402=CARTESIAN_POINT('Ctrl Pts',(0.109742010981763,1.71756031211123,0.877336843155892));
#8403=CARTESIAN_POINT('Ctrl Pts',(0.111255472270463,1.71829753565461,0.873544056775092));
#8404=CARTESIAN_POINT('Ctrl Pts',(0.111826522572617,1.71857570050121,0.87158079818593));
#8405=CARTESIAN_POINT('',(0.102186412408494,1.71387989742594,0.886368774810801));
#8406=CARTESIAN_POINT('Ctrl Pts',(0.0776698375597364,1.76129297614059,0.876559613992784));
#8407=CARTESIAN_POINT('Ctrl Pts',(0.0786578509033449,1.75978107771651,0.877599560359145));
#8408=CARTESIAN_POINT('Ctrl Pts',(0.0806912443825414,1.75648939170525,0.879514081741039));
#8409=CARTESIAN_POINT('Ctrl Pts',(0.0841180532763646,1.75042645692255,0.881986655465881));
#8410=CARTESIAN_POINT('Ctrl Pts',(0.0879836522526253,1.74292039072425,0.88407927615407));
#8411=CARTESIAN_POINT('Ctrl Pts',(0.0926764222672962,1.73334031397699,0.885697181245829));
#8412=CARTESIAN_POINT('Ctrl Pts',(0.0978972184518878,1.72270027273157,0.886462984934424));
#8413=CARTESIAN_POINT('Ctrl Pts',(0.100724875459502,1.71685949462247,0.886375408344631));
#8414=CARTESIAN_POINT('Ctrl Pts',(0.102186412408494,1.71387989742594,0.886368774810801));
#8415=CARTESIAN_POINT('',(0.111826522572617,1.71857570050121,0.87158079818593));
#8416=CARTESIAN_POINT('Origin',(0.0865698598979942,1.70627290393153,0.862491302553121));
#8417=CARTESIAN_POINT('Ctrl Pts',(0.111826522572617,1.71857570050121,0.87158079818593));
#8418=CARTESIAN_POINT('Ctrl Pts',(0.111146447614892,1.71996044676825,0.871596219523085));
#8419=CARTESIAN_POINT('Ctrl Pts',(0.110464966699187,1.7213499936565,0.871608286608504));
#8420=CARTESIAN_POINT('Ctrl Pts',(0.109794992315022,1.72276658534352,0.871551687103201));
#8421=CARTESIAN_POINT('Ctrl Pts',(0.108987592604386,1.72447374869965,0.871483477892097));
#8422=CARTESIAN_POINT('Ctrl Pts',(0.108198509124821,1.72621758696022,0.871314862197031));
#8423=CARTESIAN_POINT('Ctrl Pts',(0.107466789502024,1.72797013680549,0.870976429289091));
#8424=CARTESIAN_POINT('Ctrl Pts',(0.106698338397607,1.72981066263286,0.870621007439279));
#8425=CARTESIAN_POINT('Ctrl Pts',(0.105995622642853,1.73165579092989,0.870078577015922));
#8426=CARTESIAN_POINT('Ctrl Pts',(0.105382076927377,1.73348013230341,0.869314326259299));
#8427=CARTESIAN_POINT('Ctrl Pts',(0.104730533575139,1.73541745737006,0.868502744518346));
#8428=CARTESIAN_POINT('Ctrl Pts',(0.104177841387685,1.73733459682729,0.86744137116592));
#8429=CARTESIAN_POINT('Ctrl Pts',(0.103745096829781,1.73916532730703,0.866146637903496));
#8430=CARTESIAN_POINT('Ctrl Pts',(0.103293824239598,1.74107444082545,0.864796470414946));
#8431=CARTESIAN_POINT('Ctrl Pts',(0.102974619913011,1.74288398872794,0.863195156347296));
#8432=CARTESIAN_POINT('Ctrl Pts',(0.102794338711554,1.74452548151607,0.861392987068075));
#8433=CARTESIAN_POINT('Ctrl Pts',(0.102783415781701,1.7446249367584,0.861283796711789));
#8434=CARTESIAN_POINT('Ctrl Pts',(0.102772994116333,1.74472378933148,0.861173873282263));
#8435=CARTESIAN_POINT('Ctrl Pts',(0.102763072363545,1.74482202768135,0.861063230913734));
#8436=CARTESIAN_POINT('Ctrl Pts',(0.0776698375597364,1.76129297614059,0.876559613992784));
#8437=CARTESIAN_POINT('Ctrl Pts',(0.0786578509033449,1.75978107771651,0.877599560359145));
#8438=CARTESIAN_POINT('Ctrl Pts',(0.0806912443825414,1.75648939170525,0.879514081741039));
#8439=CARTESIAN_POINT('Ctrl Pts',(0.0841180532763646,1.75042645692255,0.881986655465881));
#8440=CARTESIAN_POINT('Ctrl Pts',(0.0879836522526253,1.74292039072425,0.88407927615407));
#8441=CARTESIAN_POINT('Ctrl Pts',(0.0926764222672962,1.73334031397699,0.885697181245829));
#8442=CARTESIAN_POINT('Ctrl Pts',(0.0978972184518878,1.72270027273157,0.886462984934424));
#8443=CARTESIAN_POINT('Ctrl Pts',(0.100724875459502,1.71685949462247,0.886375408344631));
#8444=CARTESIAN_POINT('Ctrl Pts',(0.102186412408494,1.71387989742594,0.886368774810801));
#8445=CARTESIAN_POINT('Ctrl Pts',(0.0763512594046205,1.75924279445016,0.879547416317565));
#8446=CARTESIAN_POINT('Ctrl Pts',(0.0774116955190493,1.75771364306545,0.880376558335055));
#8447=CARTESIAN_POINT('Ctrl Pts',(0.0795931516433002,1.75438814114495,0.881913808758277));
#8448=CARTESIAN_POINT('Ctrl Pts',(0.083232517275978,1.74828443138318,0.88391850275311));
#8449=CARTESIAN_POINT('Ctrl Pts',(0.0872340185441707,1.7408025975905,0.885629081419902));
#8450=CARTESIAN_POINT('Ctrl Pts',(0.0919174394158071,1.7314188276977,0.886953314427681));
#8451=CARTESIAN_POINT('Ctrl Pts',(0.0968207887260657,1.72141286910238,0.887569150476379));
#8452=CARTESIAN_POINT('Ctrl Pts',(0.0993742755119944,1.71593282505304,0.887552987637692));
#8453=CARTESIAN_POINT('Ctrl Pts',(0.100686303018684,1.71314917773851,0.887582685422995));
#8454=CARTESIAN_POINT('Ctrl Pts',(0.0737985408108545,1.75468163308793,0.884456049825412));
#8455=CARTESIAN_POINT('Ctrl Pts',(0.0750035662675438,1.75312179175129,0.884973412681352));
#8456=CARTESIAN_POINT('Ctrl Pts',(0.0774774173168983,1.74972452017038,0.885939647740529));
#8457=CARTESIAN_POINT('Ctrl Pts',(0.0815343809188193,1.74347470195811,0.887227913057433));
#8458=CARTESIAN_POINT('Ctrl Pts',(0.0857760766991699,1.73595127947459,0.888353365161108));
#8459=CARTESIAN_POINT('Ctrl Pts',(0.0903237965619932,1.72706820891013,0.889194890378717));
#8460=CARTESIAN_POINT('Ctrl Pts',(0.0944591412294853,1.71855253220187,0.889549768538411));
#8461=CARTESIAN_POINT('Ctrl Pts',(0.0964409208378968,1.71393275102587,0.889601443752575));
#8462=CARTESIAN_POINT('Ctrl Pts',(0.0974565108969294,1.71157591067832,0.889659357222597));
#8463=CARTESIAN_POINT('Ctrl Pts',(0.0695059765641245,1.74325754393667,0.890277217692394));
#8464=CARTESIAN_POINT('Ctrl Pts',(0.0710365189794693,1.74166487085905,0.890442189418597));
#8465=CARTESIAN_POINT('Ctrl Pts',(0.0741550354969332,1.73819703321377,0.890751480652192));
#8466=CARTESIAN_POINT('Ctrl Pts',(0.0789230177719009,1.73223615181155,0.891142118941765));
#8467=CARTESIAN_POINT('Ctrl Pts',(0.0831645558346523,1.72606638667947,0.891412848382214));
#8468=CARTESIAN_POINT('Ctrl Pts',(0.087047047635835,1.71975349550141,0.89151749121994));
#8469=CARTESIAN_POINT('Ctrl Pts',(0.0900334369820018,1.71420136324479,0.891513863807407));
#8470=CARTESIAN_POINT('Ctrl Pts',(0.091466983539959,1.71065906469581,0.891560444212929));
#8471=CARTESIAN_POINT('Ctrl Pts',(0.0921350217470027,1.70898375512306,0.891584678164495));
#8472=CARTESIAN_POINT('Ctrl Pts',(0.0659808737176969,1.73392487280473,0.892018861608239));
#8473=CARTESIAN_POINT('Ctrl Pts',(0.0677624635311253,1.73267908188565,0.892018861608239));
#8474=CARTESIAN_POINT('Ctrl Pts',(0.0713357073208047,1.72994943628887,0.892018861608239));
#8475=CARTESIAN_POINT('Ctrl Pts',(0.076369207067176,1.7254121835952,0.89201886160824));
#8476=CARTESIAN_POINT('Ctrl Pts',(0.080456258596878,1.72081664569675,0.892018861608239));
#8477=CARTESIAN_POINT('Ctrl Pts',(0.0840142287571766,1.71584208234911,0.89201886160824));
#8478=CARTESIAN_POINT('Ctrl Pts',(0.0866296651520154,1.71125287196513,0.892018861608239));
#8479=CARTESIAN_POINT('Ctrl Pts',(0.0878636738832271,1.70845965022671,0.892018861608239));
#8480=CARTESIAN_POINT('Ctrl Pts',(0.0884249376934465,1.70717653261091,0.892018861608239));
#8481=CARTESIAN_POINT('Ctrl Pts',(0.0642409334224614,1.72972533807157,0.892018861608239));
#8482=CARTESIAN_POINT('Ctrl Pts',(0.0661383915706807,1.72864965125595,0.892018861608239));
#8483=CARTESIAN_POINT('Ctrl Pts',(0.0699121202909407,1.72622608082412,0.892018861608239));
#8484=CARTESIAN_POINT('Ctrl Pts',(0.0750254597284394,1.72219166927595,0.89201886160824));
#8485=CARTESIAN_POINT('Ctrl Pts',(0.0790366713588864,1.71812525969769,0.892018861608239));
#8486=CARTESIAN_POINT('Ctrl Pts',(0.0824371037057917,1.71373206289491,0.89201886160824));
#8487=CARTESIAN_POINT('Ctrl Pts',(0.0848692299010886,1.70976535127934,0.892018861608239));
#8488=CARTESIAN_POINT('Ctrl Pts',(0.086039567429079,1.70736155218564,0.892018861608239));
#8489=CARTESIAN_POINT('Ctrl Pts',(0.0865698598979942,1.70627290393153,0.892018861608239));
#8490=CARTESIAN_POINT('',(0.0642409334224614,1.72972533807157,0.892018861608239));
#8491=CARTESIAN_POINT('Ctrl Pts',(0.0776698375597364,1.76129297614059,0.876559613992784));
#8492=CARTESIAN_POINT('Ctrl Pts',(0.0763512594046205,1.75924279445016,0.879547416317565));
#8493=CARTESIAN_POINT('Ctrl Pts',(0.0737985408108545,1.75468163308793,0.884456049825412));
#8494=CARTESIAN_POINT('Ctrl Pts',(0.0695059765641245,1.74325754393667,0.890277217692394));
#8495=CARTESIAN_POINT('Ctrl Pts',(0.0659808737176969,1.73392487280473,0.892018861608239));
#8496=CARTESIAN_POINT('Ctrl Pts',(0.0642409334224614,1.72972533807157,0.892018861608239));
#8497=CARTESIAN_POINT('',(0.0865698598979942,1.70627290393153,0.892018861608239));
#8498=CARTESIAN_POINT('Ctrl Pts',(0.0642409334224615,1.72972533807157,0.892018861608239));
#8499=CARTESIAN_POINT('Ctrl Pts',(0.065576900284221,1.72896796593103,0.892018861608239));
#8500=CARTESIAN_POINT('Ctrl Pts',(0.0669017311114716,1.72814708131877,0.892018861608239));
#8501=CARTESIAN_POINT('Ctrl Pts',(0.0682009715817936,1.72727785337533,0.892018861608239));
#8502=CARTESIAN_POINT('Ctrl Pts',(0.0697553394624649,1.72623793811165,0.892018861608239));
#8503=CARTESIAN_POINT('Ctrl Pts',(0.0712682079969736,1.72513229994865,0.892018861608239));
#8504=CARTESIAN_POINT('Ctrl Pts',(0.0726725993222685,1.72401021863265,0.892018861608239));
#8505=CARTESIAN_POINT('Ctrl Pts',(0.0738125839377362,1.72309939312803,0.892018861608239));
#8506=CARTESIAN_POINT('Ctrl Pts',(0.0748783719982297,1.72217947574289,0.892018861608239));
#8507=CARTESIAN_POINT('Ctrl Pts',(0.0758624979892557,1.72125460470062,0.892018861608239));
#8508=CARTESIAN_POINT('Ctrl Pts',(0.0768340919794649,1.72034151109818,0.892018861608239));
#8509=CARTESIAN_POINT('Ctrl Pts',(0.0777316541805902,1.71941815473332,0.892018861608239));
#8510=CARTESIAN_POINT('Ctrl Pts',(0.0785804296594443,1.7184709215949,0.892018861608239));
#8511=CARTESIAN_POINT('Ctrl Pts',(0.079673296861526,1.71725128217847,0.892018861608239));
#8512=CARTESIAN_POINT('Ctrl Pts',(0.0806841247296928,1.71599375577502,0.892018861608239));
#8513=CARTESIAN_POINT('Ctrl Pts',(0.0815912908210192,1.71475862068589,0.892018861608239));
#8514=CARTESIAN_POINT('Ctrl Pts',(0.0823027753308063,1.71378991220813,0.892018861608239));
#8515=CARTESIAN_POINT('Ctrl Pts',(0.0829473445035659,1.71283867083778,0.892018861608239));
#8516=CARTESIAN_POINT('Ctrl Pts',(0.083518162690859,1.7119292961008,0.892018861608239));
#8517=CARTESIAN_POINT('Ctrl Pts',(0.0840288566194718,1.71111570577144,0.892018861608239));
#8518=CARTESIAN_POINT('Ctrl Pts',(0.0844794993816128,1.71033682197955,0.892018861608239));
#8519=CARTESIAN_POINT('Ctrl Pts',(0.0848914340257765,1.70957892913077,0.892018861608239));
#8520=CARTESIAN_POINT('Ctrl Pts',(0.0852217542725519,1.70897119351934,0.892018861608239));
#8521=CARTESIAN_POINT('Ctrl Pts',(0.0855328473621681,1.70836865052382,0.892018861608239));
#8522=CARTESIAN_POINT('Ctrl Pts',(0.085823827388513,1.70778856731133,0.892018861608239));
#8523=CARTESIAN_POINT('Ctrl Pts',(0.0860219595738911,1.70739358090613,0.892018861608239));
#8524=CARTESIAN_POINT('Ctrl Pts',(0.0862109232994129,1.70700872457056,0.892018861608239));
#8525=CARTESIAN_POINT('Ctrl Pts',(0.0863906049020411,1.70664063500883,0.892018861608239));
#8526=CARTESIAN_POINT('Ctrl Pts',(0.086451024342083,1.70651686181847,0.892018861608239));
#8527=CARTESIAN_POINT('Ctrl Pts',(0.0865104804582688,1.70639480519767,0.892018861608239));
#8528=CARTESIAN_POINT('Ctrl Pts',(0.0865698598979942,1.70627290393153,0.892018861608239));
#8529=CARTESIAN_POINT('Origin',(0.0865698598979942,1.70627290393153,0.862491302553121));
#8530=CARTESIAN_POINT('Ctrl Pts',(0.0776698375597364,1.76129297614059,0.876559613992784));
#8531=CARTESIAN_POINT('Ctrl Pts',(0.0763512594046205,1.75924279445016,0.879547416317565));
#8532=CARTESIAN_POINT('Ctrl Pts',(0.0737985408108545,1.75468163308793,0.884456049825412));
#8533=CARTESIAN_POINT('Ctrl Pts',(0.0695059765641245,1.74325754393667,0.890277217692394));
#8534=CARTESIAN_POINT('Ctrl Pts',(0.0659808737176969,1.73392487280473,0.892018861608239));
#8535=CARTESIAN_POINT('Ctrl Pts',(0.0642409334224614,1.72972533807157,0.892018861608239));
#8536=CARTESIAN_POINT('Ctrl Pts',(0.0760225351385701,1.76177978371945,0.877013568788814));
#8537=CARTESIAN_POINT('Ctrl Pts',(0.0747171378044456,1.75975121533969,0.879867018610863));
#8538=CARTESIAN_POINT('Ctrl Pts',(0.0721558405791201,1.75523260688253,0.884625848722232));
#8539=CARTESIAN_POINT('Ctrl Pts',(0.0676788462698641,1.74397848942168,0.890333939294314));
#8540=CARTESIAN_POINT('Ctrl Pts',(0.0641026205545331,1.73493735623863,0.892018861608239));
#8541=CARTESIAN_POINT('Ctrl Pts',(0.062343475274242,1.73080102488718,0.892018861608239));
#8542=CARTESIAN_POINT('Ctrl Pts',(0.0725518896481127,1.76265105460713,0.877838168119345));
#8543=CARTESIAN_POINT('Ctrl Pts',(0.0712577643975496,1.76065892449768,0.880470099460052));
#8544=CARTESIAN_POINT('Ctrl Pts',(0.0686992271093073,1.75619470271513,0.884959746868208));
#8545=CARTESIAN_POINT('Ctrl Pts',(0.0638630798302993,1.74522800461532,0.890462453681123));
#8546=CARTESIAN_POINT('Ctrl Pts',(0.0602511978751657,1.73674861758243,0.892018861608239));
#8547=CARTESIAN_POINT('Ctrl Pts',(0.0584630536898039,1.73270992353026,0.892018861608239));
#8548=CARTESIAN_POINT('Ctrl Pts',(0.0663726443841177,1.76376514431151,0.878879595562541));
#8549=CARTESIAN_POINT('Ctrl Pts',(0.0651008700639505,1.76179854367411,0.881271001285582));
#8550=CARTESIAN_POINT('Ctrl Pts',(0.0625239822907714,1.75731915656518,0.885463103151759));
#8551=CARTESIAN_POINT('Ctrl Pts',(0.0571691648013566,1.74680325383943,0.890680686586623));
#8552=CARTESIAN_POINT('Ctrl Pts',(0.0538147342883804,1.73903105980728,0.892018861608239));
#8553=CARTESIAN_POINT('Ctrl Pts',(0.0520958133657776,1.73507440048603,0.892018861608239));
#8554=CARTESIAN_POINT('Ctrl Pts',(0.0589813357770596,1.7647146824489,0.879703619027229));
#8555=CARTESIAN_POINT('Ctrl Pts',(0.0577963804504261,1.76272362070632,0.881935533041572));
#8556=CARTESIAN_POINT('Ctrl Pts',(0.0551511946032098,1.75810655225103,0.885996681920441));
#8557=CARTESIAN_POINT('Ctrl Pts',(0.0501632816138416,1.74802462272853,0.890861646220784));
#8558=CARTESIAN_POINT('Ctrl Pts',(0.0476111807766636,1.74063148853913,0.892018861608239));
#8559=CARTESIAN_POINT('Ctrl Pts',(0.046216589072259,1.73668862266755,0.892018861608239));
#8560=CARTESIAN_POINT('Ctrl Pts',(0.0502215139410553,1.76541796253045,0.880266123099416));
#8561=CARTESIAN_POINT('Ctrl Pts',(0.0492155296406718,1.76332047174955,0.882467048449308));
#8562=CARTESIAN_POINT('Ctrl Pts',(0.0469734370199461,1.75843050756517,0.886514257644765));
#8563=CARTESIAN_POINT('Ctrl Pts',(0.0436310466246049,1.74868949871446,0.890938847773778));
#8564=CARTESIAN_POINT('Ctrl Pts',(0.0418690470317006,1.74140919499552,0.892018861608239));
#8565=CARTESIAN_POINT('Ctrl Pts',(0.0408477013226327,1.73753092458554,0.892018861608239));
#8566=CARTESIAN_POINT('Ctrl Pts',(0.0400461466898851,1.76580540694584,0.880540527529545));
#8567=CARTESIAN_POINT('Ctrl Pts',(0.0395930677250187,1.76355697193347,0.882784685272915));
#8568=CARTESIAN_POINT('Ctrl Pts',(0.0385718278887886,1.75837491485562,0.886839811917946));
#8569=CARTESIAN_POINT('Ctrl Pts',(0.0371748258080082,1.74884401214286,0.890968071331766));
#8570=CARTESIAN_POINT('Ctrl Pts',(0.0361736526669535,1.74162036153265,0.892018861608239));
#8571=CARTESIAN_POINT('Ctrl Pts',(0.0356787091197737,1.73790868697177,0.892018861608239));
#8572=CARTESIAN_POINT('Ctrl Pts',(0.034655477915443,1.76575926400229,0.880487632521096));
#8573=CARTESIAN_POINT('Ctrl Pts',(0.0345116662519879,1.76339734934612,0.882849547177269));
#8574=CARTESIAN_POINT('Ctrl Pts',(0.0341858426141909,1.75802311042333,0.887015641679743));
#8575=CARTESIAN_POINT('Ctrl Pts',(0.0336404175146283,1.74844760936792,0.891063946007321));
#8576=CARTESIAN_POINT('Ctrl Pts',(0.033302998275179,1.7414515376172,0.892018861608239));
#8577=CARTESIAN_POINT('Ctrl Pts',(0.0331407483385402,1.73792041434928,0.892018861608239));
#8578=CARTESIAN_POINT('Ctrl Pts',(0.0319298126987267,1.76575926400229,0.880487632521096));
#8579=CARTESIAN_POINT('Ctrl Pts',(0.0319298126987267,1.76332986607023,0.882917030453159));
#8580=CARTESIAN_POINT('Ctrl Pts',(0.0319298126987267,1.7578316480721,0.887135948944263));
#8581=CARTESIAN_POINT('Ctrl Pts',(0.0319298126987267,1.74822715495846,0.891114260251653));
#8582=CARTESIAN_POINT('Ctrl Pts',(0.0319298126987267,1.7413561018532,0.892018861608239));
#8583=CARTESIAN_POINT('Ctrl Pts',(0.0319298126987267,1.73792041434928,0.892018861608239));
#8584=CARTESIAN_POINT('',(0.0319298126987267,1.76575926400229,0.880487632521096));
#8585=CARTESIAN_POINT('Ctrl Pts',(0.0776698375597364,1.76129297614059,0.876559613992784));
#8586=CARTESIAN_POINT('Ctrl Pts',(0.0760225351385701,1.76177978371945,0.877013568788814));
#8587=CARTESIAN_POINT('Ctrl Pts',(0.0725518896481127,1.76265105460713,0.877838168119345));
#8588=CARTESIAN_POINT('Ctrl Pts',(0.0663726443841177,1.76376514431151,0.878879595562541));
#8589=CARTESIAN_POINT('Ctrl Pts',(0.0589813357770596,1.7647146824489,0.879703619027229));
#8590=CARTESIAN_POINT('Ctrl Pts',(0.0502215139410553,1.76541796253045,0.880266123099416));
#8591=CARTESIAN_POINT('Ctrl Pts',(0.0400461466898851,1.76580540694584,0.880540527529545));
#8592=CARTESIAN_POINT('Ctrl Pts',(0.034655477915443,1.76575926400229,0.880487632521096));
#8593=CARTESIAN_POINT('Ctrl Pts',(0.0319298126987267,1.76575926400229,0.880487632521096));
#8594=CARTESIAN_POINT('',(0.0319298126987267,1.73792041434928,0.892018861608239));
#8595=CARTESIAN_POINT('Origin',(0.0319298126987267,1.73792041434928,0.852648782868082));
#8596=CARTESIAN_POINT('Ctrl Pts',(0.0319298126987267,1.73792041434928,0.892018861608239));
#8597=CARTESIAN_POINT('Ctrl Pts',(0.0325751569794101,1.73792041434928,0.892018861608239));
#8598=CARTESIAN_POINT('Ctrl Pts',(0.0332253704654896,1.73791991345043,0.892018861608239));
#8599=CARTESIAN_POINT('Ctrl Pts',(0.0339297479665597,1.73790832578894,0.892018861608239));
#8600=CARTESIAN_POINT('Ctrl Pts',(0.0347290934776957,1.73789517581583,0.892018861608239));
#8601=CARTESIAN_POINT('Ctrl Pts',(0.0355973096064467,1.73786785146118,0.892018861608239));
#8602=CARTESIAN_POINT('Ctrl Pts',(0.0365369133515509,1.73781793268636,0.892018861608239));
#8603=CARTESIAN_POINT('Ctrl Pts',(0.0381235851218295,1.73773363682099,0.892018861608239));
#8604=CARTESIAN_POINT('Ctrl Pts',(0.0399065426846772,1.73758589427028,0.892018861608239));
#8605=CARTESIAN_POINT('Ctrl Pts',(0.0417282121970135,1.73734947153949,0.892018861608239));
#8606=CARTESIAN_POINT('Ctrl Pts',(0.0427854737225248,1.73721225638859,0.892018861608239));
#8607=CARTESIAN_POINT('Ctrl Pts',(0.0438534373845714,1.73704535275413,0.892018861608239));
#8608=CARTESIAN_POINT('Ctrl Pts',(0.0449333324353078,1.73683981155966,0.892018861608239));
#8609=CARTESIAN_POINT('Ctrl Pts',(0.0460668439749241,1.73662406530206,0.892018861608239));
#8610=CARTESIAN_POINT('Ctrl Pts',(0.0472221190143374,1.73636384517412,0.892018861608239));
#8611=CARTESIAN_POINT('Ctrl Pts',(0.0484251335290823,1.73605038563539,0.892018861608239));
#8612=CARTESIAN_POINT('Ctrl Pts',(0.0498475077126914,1.73567976936267,0.892018861608239));
#8613=CARTESIAN_POINT('Ctrl Pts',(0.051335346607818,1.73523526387346,0.892018861608239));
#8614=CARTESIAN_POINT('Ctrl Pts',(0.0528526891602124,1.73472644385672,0.892018861608239));
#8615=CARTESIAN_POINT('Ctrl Pts',(0.054674308551354,1.73411558877483,0.892018861608239));
#8616=CARTESIAN_POINT('Ctrl Pts',(0.0565305997471702,1.73341485193846,0.892018861608239));
#8617=CARTESIAN_POINT('Ctrl Pts',(0.0583267019330337,1.73264616430093,0.892018861608239));
#8618=CARTESIAN_POINT('Ctrl Pts',(0.0595970079740076,1.73210250450404,0.892018861608239));
#8619=CARTESIAN_POINT('Ctrl Pts',(0.060835989731119,1.73152513746892,0.892018861608239));
#8620=CARTESIAN_POINT('Ctrl Pts',(0.0620437709904182,1.73090855953132,0.892018861608239));
#8621=CARTESIAN_POINT('Ctrl Pts',(0.0627840603968673,1.73053063835401,0.892018861608239));
#8622=CARTESIAN_POINT('Ctrl Pts',(0.0635145284121235,1.73013714388302,0.892018861608239));
#8623=CARTESIAN_POINT('Ctrl Pts',(0.0642409334224615,1.72972533807157,0.892018861608239));
#8624=CARTESIAN_POINT('Ctrl Pts',(0.0776698375597364,1.76129297614059,0.876559613992784));
#8625=CARTESIAN_POINT('Ctrl Pts',(0.0760225351385701,1.76177978371945,0.877013568788814));
#8626=CARTESIAN_POINT('Ctrl Pts',(0.0725518896481127,1.76265105460713,0.877838168119345));
#8627=CARTESIAN_POINT('Ctrl Pts',(0.0663726443841177,1.76376514431151,0.878879595562541));
#8628=CARTESIAN_POINT('Ctrl Pts',(0.0589813357770596,1.7647146824489,0.879703619027229));
#8629=CARTESIAN_POINT('Ctrl Pts',(0.0502215139410553,1.76541796253045,0.880266123099416));
#8630=CARTESIAN_POINT('Ctrl Pts',(0.0400461466898851,1.76580540694584,0.880540527529545));
#8631=CARTESIAN_POINT('Ctrl Pts',(0.034655477915443,1.76575926400229,0.880487632521096));
#8632=CARTESIAN_POINT('Ctrl Pts',(0.0319298126987267,1.76575926400229,0.880487632521096));
#8633=CARTESIAN_POINT('Ctrl Pts',(0.0756938108725196,1.76431677298873,0.874479721260063));
#8634=CARTESIAN_POINT('Ctrl Pts',(0.0740962770088879,1.76466088261224,0.874960843429789));
#8635=CARTESIAN_POINT('Ctrl Pts',(0.0706852957311146,1.76529961706801,0.875830263814872));
#8636=CARTESIAN_POINT('Ctrl Pts',(0.0645865323990693,1.76618789432747,0.876899497357189));
#8637=CARTESIAN_POINT('Ctrl Pts',(0.0574529890311589,1.76697676493874,0.8776928085683));
#8638=CARTESIAN_POINT('Ctrl Pts',(0.0490042181304567,1.7676302137563,0.878152050052538));
#8639=CARTESIAN_POINT('Ctrl Pts',(0.0395035199896689,1.76805221536434,0.878290405501867));
#8640=CARTESIAN_POINT('Ctrl Pts',(0.0344964378881518,1.76812117865847,0.878125717864922));
#8641=CARTESIAN_POINT('Ctrl Pts',(0.0319298126987267,1.76818866193436,0.878058234589032));
#8642=CARTESIAN_POINT('Ctrl Pts',(0.0719440162298793,1.7693000490547,0.869863291092677));
#8643=CARTESIAN_POINT('Ctrl Pts',(0.0703654563769131,1.76949375906395,0.87038962139438));
#8644=CARTESIAN_POINT('Ctrl Pts',(0.0670023092501196,1.76988241939545,0.871316990686429));
#8645=CARTESIAN_POINT('Ctrl Pts',(0.0611417476635516,1.77047679094481,0.872363344836876));
#8646=CARTESIAN_POINT('Ctrl Pts',(0.054308988262741,1.77110253660648,0.873001763939005));
#8647=CARTESIAN_POINT('Ctrl Pts',(0.046359941485855,1.77172567780785,0.873208788590589));
#8648=CARTESIAN_POINT('Ctrl Pts',(0.0383636476424489,1.77211643028949,0.873101052636668));
#8649=CARTESIAN_POINT('Ctrl Pts',(0.0341448618614198,1.77228727316094,0.872751478942135));
#8650=CARTESIAN_POINT('Ctrl Pts',(0.0319298126987267,1.77240758042546,0.872560016590901));
#8651=CARTESIAN_POINT('Ctrl Pts',(0.0652180232904187,1.77544283970208,0.858244545606441));
#8652=CARTESIAN_POINT('Ctrl Pts',(0.0636388939580361,1.77551054066605,0.858927387427172));
#8653=CARTESIAN_POINT('Ctrl Pts',(0.0602619297907009,1.77566011528004,0.860151477039687));
#8654=CARTESIAN_POINT('Ctrl Pts',(0.0544721017819914,1.77591194575589,0.861669251034584));
#8655=CARTESIAN_POINT('Ctrl Pts',(0.0484352455732103,1.77612754872364,0.862775135114915));
#8656=CARTESIAN_POINT('Ctrl Pts',(0.0425075858052745,1.77622037288577,0.863421870251707));
#8657=CARTESIAN_POINT('Ctrl Pts',(0.0368891206228336,1.7762402581533,0.863576239914096));
#8658=CARTESIAN_POINT('Ctrl Pts',(0.0335769283547037,1.77633557748852,0.863175977886727));
#8659=CARTESIAN_POINT('Ctrl Pts',(0.0319298126987267,1.77638589173285,0.86295552347726));
#8660=CARTESIAN_POINT('Ctrl Pts',(0.0601861149208246,1.77729049308944,0.848984485210756));
#8661=CARTESIAN_POINT('Ctrl Pts',(0.0587256249688313,1.77729049308944,0.849939146406551));
#8662=CARTESIAN_POINT('Ctrl Pts',(0.055616139741764,1.77729049308944,0.851712447073475));
#8663=CARTESIAN_POINT('Ctrl Pts',(0.05056216248393,1.77729049308944,0.853908295381935));
#8664=CARTESIAN_POINT('Ctrl Pts',(0.0456419615170123,1.77729049308944,0.855387909920966));
#8665=CARTESIAN_POINT('Ctrl Pts',(0.0407214939168638,1.77729049308944,0.856153342099253));
#8666=CARTESIAN_POINT('Ctrl Pts',(0.0359145307011382,1.77729049308944,0.856351771853969));
#8667=CARTESIAN_POINT('Ctrl Pts',(0.0332403723115187,1.77729049308944,0.856179906136006));
#8668=CARTESIAN_POINT('Ctrl Pts',(0.0319298126987267,1.77729049308944,0.856084470372008));
#8669=CARTESIAN_POINT('Ctrl Pts',(0.0577760848481649,1.77729049308944,0.844860035818452));
#8670=CARTESIAN_POINT('Ctrl Pts',(0.0563985602003805,1.77729049308944,0.845856920107091));
#8671=CARTESIAN_POINT('Ctrl Pts',(0.0534412726221297,1.77729049308944,0.847703364480386));
#8672=CARTESIAN_POINT('Ctrl Pts',(0.0486953887938539,1.77729049308944,0.849951360124655));
#8673=CARTESIAN_POINT('Ctrl Pts',(0.0441966545915825,1.77729049308944,0.851442528604022));
#8674=CARTESIAN_POINT('Ctrl Pts',(0.0397227394682094,1.77729049308944,0.852275788504257));
#8675=CARTESIAN_POINT('Ctrl Pts',(0.0354344178732434,1.77729049308944,0.85263979116797));
#8676=CARTESIAN_POINT('Ctrl Pts',(0.0330794898681043,1.77729049308944,0.852648782868082));
#8677=CARTESIAN_POINT('Ctrl Pts',(0.0319298126987267,1.77729049308944,0.852648782868082));
#8678=CARTESIAN_POINT('',(0.0577760848481649,1.77729049308944,0.844860035818452));
#8679=CARTESIAN_POINT('Ctrl Pts',(0.0776698375597364,1.76129297614059,0.876559613992784));
#8680=CARTESIAN_POINT('Ctrl Pts',(0.0756938108725196,1.76431677298873,0.874479721260063));
#8681=CARTESIAN_POINT('Ctrl Pts',(0.0719440162298793,1.7693000490547,0.869863291092677));
#8682=CARTESIAN_POINT('Ctrl Pts',(0.0652180232904187,1.77544283970208,0.858244545606441));
#8683=CARTESIAN_POINT('Ctrl Pts',(0.0601861149208246,1.77729049308944,0.848984485210756));
#8684=CARTESIAN_POINT('Ctrl Pts',(0.0577760848481649,1.77729049308944,0.844860035818452));
#8685=CARTESIAN_POINT('',(0.0319298126987267,1.77729049308944,0.852648782868082));
#8686=CARTESIAN_POINT('Ctrl Pts',(0.0577760848481649,1.77729049308944,0.844860035818452));
#8687=CARTESIAN_POINT('Ctrl Pts',(0.0566550459441613,1.77729049308944,0.845671307015778));
#8688=CARTESIAN_POINT('Ctrl Pts',(0.0554695683277546,1.77729049308944,0.846432353438196));
#8689=CARTESIAN_POINT('Ctrl Pts',(0.0542396887455927,1.77729049308944,0.84713977831695));
#8690=CARTESIAN_POINT('Ctrl Pts',(0.0525270051324621,1.77729049308944,0.848124911345367));
#8691=CARTESIAN_POINT('Ctrl Pts',(0.0507358430238182,1.77729049308944,0.849002579774721));
#8692=CARTESIAN_POINT('Ctrl Pts',(0.0489820344652306,1.77729049308944,0.849725028696765));
#8693=CARTESIAN_POINT('Ctrl Pts',(0.0478019393816188,1.77729049308944,0.850211146988805));
#8694=CARTESIAN_POINT('Ctrl Pts',(0.0466404365071544,1.77729049308944,0.85062596175307));
#8695=CARTESIAN_POINT('Ctrl Pts',(0.0454992485495268,1.77729049308944,0.850969561651818));
#8696=CARTESIAN_POINT('Ctrl Pts',(0.0443984800985415,1.77729049308944,0.851300991654891));
#8697=CARTESIAN_POINT('Ctrl Pts',(0.0433088762760748,1.77729049308944,0.851568268398723));
#8698=CARTESIAN_POINT('Ctrl Pts',(0.0422157937896485,1.77729049308944,0.851786067459987));
#8699=CARTESIAN_POINT('Ctrl Pts',(0.0403174567535408,1.77729049308944,0.852164315240515));
#8700=CARTESIAN_POINT('Ctrl Pts',(0.0384134287389729,1.77729049308944,0.852392320446491));
#8701=CARTESIAN_POINT('Ctrl Pts',(0.0366715563946058,1.77729049308944,0.852515334820225));
#8702=CARTESIAN_POINT('Ctrl Pts',(0.0357579004224025,1.77729049308944,0.852579858961498));
#8703=CARTESIAN_POINT('Ctrl Pts',(0.034891236658942,1.77729049308944,0.852615248121913));
#8704=CARTESIAN_POINT('Ctrl Pts',(0.0340724525954231,1.77729049308944,0.852632504864555));
#8705=CARTESIAN_POINT('Ctrl Pts',(0.0333302362828236,1.77729049308944,0.852648147860629));
#8706=CARTESIAN_POINT('Ctrl Pts',(0.0326280985554865,1.77729049308944,0.852648782868082));
#8707=CARTESIAN_POINT('Ctrl Pts',(0.0319298126987267,1.77729049308944,0.852648782868082));
#8708=CARTESIAN_POINT('Origin',(0.0319298126987267,1.73792041434928,0.852648782868082));
#8709=CARTESIAN_POINT('Origin',(0.325137007189548,1.61981017812881,1.03109309699122));
#8710=CARTESIAN_POINT('',(-0.109212818744617,1.7236025518385,1.00028657814367));
#8711=CARTESIAN_POINT('',(-0.109212818744617,1.51601780441911,1.00028657814367));
#8712=CARTESIAN_POINT('Ctrl Pts',(-0.109212818744617,1.7236025518385,1.00028657814367));
#8713=CARTESIAN_POINT('Ctrl Pts',(-0.109212818744617,1.72257605688551,0.996828142989133));
#8714=CARTESIAN_POINT('Ctrl Pts',(-0.109045922697929,1.721388606102,0.993466762977399));
#8715=CARTESIAN_POINT('Ctrl Pts',(-0.107828312730915,1.71605909946891,0.98038080702281));
#8716=CARTESIAN_POINT('Ctrl Pts',(-0.105461316313256,1.71028207227972,0.970608213276876));
#8717=CARTESIAN_POINT('Ctrl Pts',(-0.0990533998456922,1.69622429819175,
0.953604606335732));
#8718=CARTESIAN_POINT('Ctrl Pts',(-0.0950586692401992,1.68794577725057,
0.946354382907744));
#8719=CARTESIAN_POINT('Ctrl Pts',(-0.0878597777501538,1.67140054977889,
0.935406300665868));
#8720=CARTESIAN_POINT('Ctrl Pts',(-0.084004311359377,1.6617691191988,0.930708503495416));
#8721=CARTESIAN_POINT('Ctrl Pts',(-0.0782976088867271,1.64119577951625,
0.924414746636378));
#8722=CARTESIAN_POINT('Ctrl Pts',(-0.0765867659703401,1.63021317077872,
0.92282538045579));
#8723=CARTESIAN_POINT('Ctrl Pts',(-0.0765867659703401,1.60940718547889,
0.922825380455791));
#8724=CARTESIAN_POINT('Ctrl Pts',(-0.0782976088867271,1.59842457674137,
0.924414746636378));
#8725=CARTESIAN_POINT('Ctrl Pts',(-0.0840043113593769,1.57785123705881,
0.930708503495416));
#8726=CARTESIAN_POINT('Ctrl Pts',(-0.0878597777501537,1.56821980647872,
0.935406300665868));
#8727=CARTESIAN_POINT('Ctrl Pts',(-0.0950586692401991,1.55167457900704,
0.946354382907744));
#8728=CARTESIAN_POINT('Ctrl Pts',(-0.0990533998456922,1.54339605806586,
0.953604606335732));
#8729=CARTESIAN_POINT('Ctrl Pts',(-0.105461316313256,1.52933828397789,0.970608213276876));
#8730=CARTESIAN_POINT('Ctrl Pts',(-0.107828312730915,1.5235612567887,0.98038080702281));
#8731=CARTESIAN_POINT('Ctrl Pts',(-0.109045922697929,1.51823175015561,0.993466762977399));
#8732=CARTESIAN_POINT('Ctrl Pts',(-0.109212818744617,1.5170442993721,0.996828142989134));
#8733=CARTESIAN_POINT('Ctrl Pts',(-0.109212818744617,1.51601780441911,1.00028657814367));
#8734=CARTESIAN_POINT('Origin',(-0.109212818744617,1.61981017812881,1.03109309699122));
#8735=CARTESIAN_POINT('Origin',(-0.265414173912814,1.1178416741918,0.735817506440042));
#8736=CARTESIAN_POINT('',(-0.265414173912814,1.10799915450676,0.871250577306184));
#8737=CARTESIAN_POINT('Origin',(-0.265414173912814,1.10799915450676,0.735817506440042));
#8738=CARTESIAN_POINT('',(-0.265414173912814,1.1178416741918,0.881093096991223));
#8739=CARTESIAN_POINT('Origin',(-0.265414173912814,1.1178416741918,0.871250577306184));
#8740=CARTESIAN_POINT('',(-0.120138583361633,1.1178416741918,0.735817506440042));
#8741=CARTESIAN_POINT('Origin',(-0.265414173912814,1.1178416741918,0.735817506440042));
#8742=CARTESIAN_POINT('Origin',(-0.265414173912814,1.1178416741918,0.735817506440042));
#8743=CARTESIAN_POINT('Origin',(-0.265414173912814,1.18673931198707,0.735817506440042));
#8744=CARTESIAN_POINT('',(-0.120138583361633,1.18673931198707,0.735817506440042));
#8745=CARTESIAN_POINT('',(-0.120138583361633,1.18673931198707,0.735817506440042));
#8746=CARTESIAN_POINT('Origin',(-0.265414173912814,1.18673931198707,0.735817506440042));
#8747=CARTESIAN_POINT('Origin',(-0.265414173912814,1.10799915450676,0.735817506440042));
#8748=CARTESIAN_POINT('Origin',(-0.529883245616444,1.4426448237981,1.00028657814367));
#8749=CARTESIAN_POINT('',(-0.649953937797775,1.46232986316818,1.04450124339075));
#8750=CARTESIAN_POINT('',(-0.574097910863525,1.46232986316818,1.120357270325));
#8751=CARTESIAN_POINT('Ctrl Pts',(-0.649953937797775,1.46232986316818,1.04450124339075));
#8752=CARTESIAN_POINT('Ctrl Pts',(-0.649826912727129,1.46232986316818,1.04474134041944));
#8753=CARTESIAN_POINT('Ctrl Pts',(-0.649699361767283,1.46232976313234,1.04498115942504));
#8754=CARTESIAN_POINT('Ctrl Pts',(-0.646744163499715,1.46232524544482,1.05050821960086));
#8755=CARTESIAN_POINT('Ctrl Pts',(-0.643660857729662,1.46227538035503,1.05565934854943));
#8756=CARTESIAN_POINT('Ctrl Pts',(-0.636439325269494,1.46215298791288,1.06647909861822));
#8757=CARTESIAN_POINT('Ctrl Pts',(-0.632216464753997,1.46207896416265,1.07208048383585));
#8758=CARTESIAN_POINT('Ctrl Pts',(-0.624519061432591,1.46200312267385,1.08114022515708));
#8759=CARTESIAN_POINT('Ctrl Pts',(-0.621215175886875,1.46198567546268,1.08472407658238));
#8760=CARTESIAN_POINT('Ctrl Pts',(-0.61432074405515,1.46198567546268,1.0916185084141));
#8761=CARTESIAN_POINT('Ctrl Pts',(-0.61073689262985,1.46200312267385,1.09492239395982));
#8762=CARTESIAN_POINT('Ctrl Pts',(-0.601677151308618,1.46207896416265,1.10261979728123));
#8763=CARTESIAN_POINT('Ctrl Pts',(-0.596075766090992,1.46215298791288,1.10684265779672));
#8764=CARTESIAN_POINT('Ctrl Pts',(-0.585256016022157,1.46227538035503,1.11406419025692));
#8765=CARTESIAN_POINT('Ctrl Pts',(-0.580104887073381,1.46232524544482,1.11714749602708));
#8766=CARTESIAN_POINT('Ctrl Pts',(-0.574577826897868,1.46232976313234,1.12010269429448));
#8767=CARTESIAN_POINT('Ctrl Pts',(-0.574338007892153,1.46232986316818,1.12023024525439));
#8768=CARTESIAN_POINT('Ctrl Pts',(-0.574097910863526,1.46232986316818,1.120357270325));
#8769=CARTESIAN_POINT('',(-0.421615529081011,1.46232986316818,1.06847755481961));
#8770=CARTESIAN_POINT('Origin',(-0.529883245616444,1.46232986316818,1.00028657814367));
#8771=CARTESIAN_POINT('',(-0.421615529081011,1.4426448237981,1.00028657814367));
#8772=CARTESIAN_POINT('Ctrl Pts',(-0.421615529081011,1.4426448237981,1.00028657814367));
#8773=CARTESIAN_POINT('Ctrl Pts',(-0.421615529081011,1.4515016772561,1.02105774066461));
#8774=CARTESIAN_POINT('Ctrl Pts',(-0.421615529081011,1.46232986316818,1.04589692051391));
#8775=CARTESIAN_POINT('Ctrl Pts',(-0.421615529081011,1.46232986316818,1.06847755481961));
#8776=CARTESIAN_POINT('',(-0.529883245616444,1.4426448237981,0.892018861608239));
#8777=CARTESIAN_POINT('Origin',(-0.529883245616444,1.4426448237981,1.00028657814367));
#8778=CARTESIAN_POINT('',(-0.598074222292384,1.46232986316818,0.892018861608239));
#8779=CARTESIAN_POINT('Ctrl Pts',(-0.598074222292384,1.46232986316818,0.89201886160824));
#8780=CARTESIAN_POINT('Ctrl Pts',(-0.575493587986686,1.46232986316818,0.89201886160824));
#8781=CARTESIAN_POINT('Ctrl Pts',(-0.550654408137379,1.4515016772561,0.892018861608239));
#8782=CARTESIAN_POINT('Ctrl Pts',(-0.529883245616444,1.4426448237981,0.892018861608239));
#8783=CARTESIAN_POINT('Origin',(-0.529883245616444,1.46232986316818,1.00028657814367));
#8784=CARTESIAN_POINT('Origin',(-0.628274326380986,1.46232986316818,1.09867765890821));
#8785=CARTESIAN_POINT('',(-0.733129489152947,1.46232986316818,0.89201886160824));
#8786=CARTESIAN_POINT('',(-0.421615529081011,1.46232986316818,0.892018861608239));
#8787=CARTESIAN_POINT('Origin',(-0.265414173912814,1.46232986316818,0.735817506440042));
#8788=CARTESIAN_POINT('Origin',(-0.628274326380986,1.46232986316818,1.09867765890821));
#8789=CARTESIAN_POINT('',(-0.421615529081011,1.46232986316818,1.20353282168017));
#8790=CARTESIAN_POINT('Origin',(-0.265414173912814,1.46232986316818,0.735817506440042));
#8791=CARTESIAN_POINT('',(-0.421615529081011,1.46232986316818,1.30533645620819));
#8792=CARTESIAN_POINT('Origin',(-0.265414173912814,1.42295978442802,0.735817506440042));
#8793=CARTESIAN_POINT('',(-0.734513318900252,1.46230797064967,0.892018861608238));
#8794=CARTESIAN_POINT('Ctrl Pts',(-0.733129489152947,1.46232986316818,0.892018861608239));
#8795=CARTESIAN_POINT('Ctrl Pts',(-0.733584100780812,1.46232986316818,0.892018861608239));
#8796=CARTESIAN_POINT('Ctrl Pts',(-0.73404589500552,1.46232276646417,0.89201886160824));
#8797=CARTESIAN_POINT('Ctrl Pts',(-0.734513318900191,1.4623079706495,0.89201886160824));
#8798=CARTESIAN_POINT('',(-0.77720138628942,1.43936351318759,0.869263920957327));
#8799=CARTESIAN_POINT('Ctrl Pts',(-0.777201386289572,1.43936351318725,0.869263920957366));
#8800=CARTESIAN_POINT('Ctrl Pts',(-0.777162860431347,1.43941676209183,0.869314944188109));
#8801=CARTESIAN_POINT('Ctrl Pts',(-0.77712421134386,1.43946995440741,0.869365933629123));
#8802=CARTESIAN_POINT('Ctrl Pts',(-0.774031978699343,1.4437077300115,0.873429824162603));
#8803=CARTESIAN_POINT('Ctrl Pts',(-0.770187560133448,1.44757846428547,0.877267942756374));
#8804=CARTESIAN_POINT('Ctrl Pts',(-0.761536162334592,1.45402406231294,0.883757187692931));
#8805=CARTESIAN_POINT('Ctrl Pts',(-0.756730508715716,1.45674095701109,0.886545680440556));
#8806=CARTESIAN_POINT('Ctrl Pts',(-0.747449727276121,1.4602937022665,0.890166522396573));
#8807=CARTESIAN_POINT('Ctrl Pts',(-0.743103820315869,1.46145052539078,0.891335872881608));
#8808=CARTESIAN_POINT('Ctrl Pts',(-0.737261925454366,1.46215669060634,0.891942782428371));
#8809=CARTESIAN_POINT('Ctrl Pts',(-0.73588913443739,1.46226442064715,0.89201886160824));
#8810=CARTESIAN_POINT('Ctrl Pts',(-0.734513318900422,1.46230797064949,0.89201886160824));
#8811=CARTESIAN_POINT('',(-0.398860588430141,1.43936351318774,1.24760471881657));
#8812=CARTESIAN_POINT('Origin',(-0.265414173912814,1.43936351318759,0.735817506440042));
#8813=CARTESIAN_POINT('',(-0.421615529081009,1.46230797064967,1.20491665142748));
#8814=CARTESIAN_POINT('Ctrl Pts',(-0.398860588430141,1.43936351318774,1.24760471881657));
#8815=CARTESIAN_POINT('Ctrl Pts',(-0.398911611661229,1.43941676209268,1.24756619295808));
#8816=CARTESIAN_POINT('Ctrl Pts',(-0.398962598936095,1.43946995221649,1.24752753924812));
#8817=CARTESIAN_POINT('Ctrl Pts',(-0.39901354981325,1.43952308330913,1.24748875823755));
#8818=CARTESIAN_POINT('Ctrl Pts',(-0.40211265599867,1.44275480191825,1.24512988874469));
#8819=CARTESIAN_POINT('Ctrl Pts',(-0.405043826397992,1.44573463245806,1.24233029779114));
#8820=CARTESIAN_POINT('Ctrl Pts',(-0.40771450167618,1.44841154677905,1.23921504830566));
#8821=CARTESIAN_POINT('Ctrl Pts',(-0.409817064110243,1.45051902107084,1.23676248262146));
#8822=CARTESIAN_POINT('Ctrl Pts',(-0.411758746969005,1.45243807088936,1.23411283854134));
#8823=CARTESIAN_POINT('Ctrl Pts',(-0.413483295397165,1.45413540689224,1.23130929476615));
#8824=CARTESIAN_POINT('Ctrl Pts',(-0.414115704832133,1.4547578372543,1.23028120677174));
#8825=CARTESIAN_POINT('Ctrl Pts',(-0.414714611751663,1.45534627916884,1.22923906603299));
#8826=CARTESIAN_POINT('Ctrl Pts',(-0.415278069169285,1.4559000090371,1.22818509910484));
#8827=CARTESIAN_POINT('Ctrl Pts',(-0.41711498627525,1.45770521353929,1.22474908101565));
#8828=CARTESIAN_POINT('Ctrl Pts',(-0.418578609186496,1.45914237788911,1.2211892673115));
#8829=CARTESIAN_POINT('Ctrl Pts',(-0.419642900700475,1.46019958238211,1.21761028435053));
#8830=CARTESIAN_POINT('Ctrl Pts',(-0.419751611869121,1.46030756965291,1.2172447121223));
#8831=CARTESIAN_POINT('Ctrl Pts',(-0.419856116066723,1.46041158474625,1.21687892291699));
#8832=CARTESIAN_POINT('Ctrl Pts',(-0.419956356666754,1.46051161084573,1.21651301933886));
#8833=CARTESIAN_POINT('Ctrl Pts',(-0.420692435205199,1.46124611428136,1.21382614624634));
#8834=CARTESIAN_POINT('Ctrl Pts',(-0.421229885408838,1.46179512406988,1.21102657813113));
#8835=CARTESIAN_POINT('Ctrl Pts',(-0.421473320068049,1.46208830397037,1.2081789134745));
#8836=CARTESIAN_POINT('Ctrl Pts',(-0.421565799224353,1.46219968100242,1.20709710521542));
#8837=CARTESIAN_POINT('Ctrl Pts',(-0.421615463028697,1.46227427108651,1.20600863594761));
#8838=CARTESIAN_POINT('Ctrl Pts',(-0.421615529081011,1.46230880895305,1.20491828289055));
#8839=CARTESIAN_POINT('Ctrl Pts',(-0.421615529081011,1.4623079706495,1.20491665142747));
#8840=CARTESIAN_POINT('Ctrl Pts',(-0.421615529081011,1.46232276646417,1.20444922753278));
#8841=CARTESIAN_POINT('Ctrl Pts',(-0.421615529081011,1.46232986316818,1.20398743330806));
#8842=CARTESIAN_POINT('Ctrl Pts',(-0.421615529081011,1.46232986316818,1.20353282168018));
#8843=CARTESIAN_POINT('Origin',(-0.000945102209184213,1.4426448237981,1.00028657814367));
#8844=CARTESIAN_POINT('',(0.0432695630378967,1.46232986316818,1.120357270325));
#8845=CARTESIAN_POINT('',(0.119125589972147,1.46232986316818,1.04450124339075));
#8846=CARTESIAN_POINT('Ctrl Pts',(0.0432695630378968,1.46232986316818,1.120357270325));
#8847=CARTESIAN_POINT('Ctrl Pts',(0.0435096600665478,1.46232986316818,1.12023024525438));
#8848=CARTESIAN_POINT('Ctrl Pts',(0.0437494790722156,1.46232976313234,1.12010269429449));
#8849=CARTESIAN_POINT('Ctrl Pts',(0.0492765392475941,1.46232524544482,1.11714749602716));
#8850=CARTESIAN_POINT('Ctrl Pts',(0.0544276681964161,1.46227538035503,1.11406419025699));
#8851=CARTESIAN_POINT('Ctrl Pts',(0.0652474182652579,1.46215298791288,1.1068426577968));
#8852=CARTESIAN_POINT('Ctrl Pts',(0.0708488034829141,1.46207896416265,1.10261979728129));
#8853=CARTESIAN_POINT('Ctrl Pts',(0.0799085448042029,1.46200312267385,1.09492239395984));
#8854=CARTESIAN_POINT('Ctrl Pts',(0.0834923962295119,1.46198567546268,1.09161850841411));
#8855=CARTESIAN_POINT('Ctrl Pts',(0.0903868280612563,1.46198567546268,1.08472407658237));
#8856=CARTESIAN_POINT('Ctrl Pts',(0.0936907136069818,1.46200312267385,1.08114022515706));
#8857=CARTESIAN_POINT('Ctrl Pts',(0.10138811692843,1.46207896416265,1.07208048383577));
#8858=CARTESIAN_POINT('Ctrl Pts',(0.105610977443944,1.46215298791288,1.06647909861812));
#8859=CARTESIAN_POINT('Ctrl Pts',(0.112832509904104,1.46227538035503,1.05565934854931));
#8860=CARTESIAN_POINT('Ctrl Pts',(0.115915815674186,1.46232524544482,1.05050821960067));
#8861=CARTESIAN_POINT('Ctrl Pts',(0.118871013941643,1.46232976313234,1.04498115942506));
#8862=CARTESIAN_POINT('Ctrl Pts',(0.118998564901514,1.46232986316818,1.04474134041941));
#8863=CARTESIAN_POINT('Ctrl Pts',(0.119125589972147,1.46232986316818,1.04450124339075));
#8864=CARTESIAN_POINT('',(0.0672458744667559,1.46232986316818,0.892018861608239));
#8865=CARTESIAN_POINT('Origin',(-0.000945102209184213,1.46232986316818,
1.00028657814367));
#8866=CARTESIAN_POINT('',(-0.000945102209184191,1.4426448237981,0.892018861608239));
#8867=CARTESIAN_POINT('Ctrl Pts',(-0.000945102209184213,1.4426448237981,
0.892018861608239));
#8868=CARTESIAN_POINT('Ctrl Pts',(0.019826060311751,1.4515016772561,0.892018861608239));
#8869=CARTESIAN_POINT('Ctrl Pts',(0.0446652401610578,1.46232986316818,0.892018861608239));
#8870=CARTESIAN_POINT('Ctrl Pts',(0.0672458744667559,1.46232986316818,0.892018861608239));
#8871=CARTESIAN_POINT('',(0.107322614326249,1.4426448237981,1.00028657814367));
#8872=CARTESIAN_POINT('Origin',(-0.000945102209184213,1.4426448237981,1.00028657814367));
#8873=CARTESIAN_POINT('',(-0.109212818744617,1.4426448237981,1.00028657814367));
#8874=CARTESIAN_POINT('Origin',(-0.000945102209184213,1.4426448237981,1.00028657814367));
#8875=CARTESIAN_POINT('',(-0.109212818744617,1.46232986316818,1.06847755481961));
#8876=CARTESIAN_POINT('Ctrl Pts',(-0.109212818744617,1.46232986316818,1.06847755481961));
#8877=CARTESIAN_POINT('Ctrl Pts',(-0.109212818744617,1.46232986316818,1.04589692051391));
#8878=CARTESIAN_POINT('Ctrl Pts',(-0.109212818744617,1.4515016772561,1.02105774066461));
#8879=CARTESIAN_POINT('Ctrl Pts',(-0.109212818744617,1.4426448237981,1.00028657814367));
#8880=CARTESIAN_POINT('Origin',(-0.000945102209184213,1.46232986316818,
1.00028657814367));
#8881=CARTESIAN_POINT('Origin',(0.097445978555358,1.46232986316818,1.09867765890821));
#8882=CARTESIAN_POINT('',(-0.109212818744617,1.46232986316818,1.20353282168018));
#8883=CARTESIAN_POINT('',(-0.109212818744617,1.46232986316818,1.30533645620819));
#8884=CARTESIAN_POINT('Origin',(-0.265414173912814,1.46232986316818,0.735817506440042));
#8885=CARTESIAN_POINT('Origin',(0.097445978555358,1.46232986316818,1.09867765890821));
#8886=CARTESIAN_POINT('',(0.202301141327318,1.46232986316818,0.892018861608239));
#8887=CARTESIAN_POINT('Origin',(-0.265414173912814,1.46232986316818,0.735817506440042));
#8888=CARTESIAN_POINT('',(-0.109212818744617,1.46232986316818,0.892018861608239));
#8889=CARTESIAN_POINT('Origin',(-0.265414173912814,1.42295978442802,0.735817506440042));
#8890=CARTESIAN_POINT('',(-0.109212818744619,1.46230797064967,1.20491665142748));
#8891=CARTESIAN_POINT('Ctrl Pts',(-0.109212818744617,1.46232986316818,1.20353282168018));
#8892=CARTESIAN_POINT('Ctrl Pts',(-0.109212818744617,1.46232986316818,1.20398743330804));
#8893=CARTESIAN_POINT('Ctrl Pts',(-0.109212818744617,1.46232276646417,1.20444922753275));
#8894=CARTESIAN_POINT('Ctrl Pts',(-0.109212818744617,1.4623079706495,1.20491665142742));
#8895=CARTESIAN_POINT('',(-0.13196775939553,1.43936351318759,1.24760471881665));
#8896=CARTESIAN_POINT('Ctrl Pts',(-0.13196775939549,1.43936351318725,1.2476047188168));
#8897=CARTESIAN_POINT('Ctrl Pts',(-0.131916736164873,1.4394167620917,1.24756619295867));
#8898=CARTESIAN_POINT('Ctrl Pts',(-0.131865746723658,1.43946995440757,1.24752754387099));
#8899=CARTESIAN_POINT('Ctrl Pts',(-0.127801856193787,1.44370773000627,1.24443531123));
#8900=CARTESIAN_POINT('Ctrl Pts',(-0.123963737596966,1.44757846428499,1.24059089266134));
#8901=CARTESIAN_POINT('Ctrl Pts',(-0.117474492659838,1.45402406231303,1.23193949486169));
#8902=CARTESIAN_POINT('Ctrl Pts',(-0.114685999912199,1.45674095701119,1.22713384124276));
#8903=CARTESIAN_POINT('Ctrl Pts',(-0.111065157956214,1.46029370226657,1.21785305980312));
#8904=CARTESIAN_POINT('Ctrl Pts',(-0.109895807471206,1.46145052539083,1.21350715284288));
#8905=CARTESIAN_POINT('Ctrl Pts',(-0.109288897924478,1.46215669060635,1.20766525798146));
#8906=CARTESIAN_POINT('Ctrl Pts',(-0.109212818744617,1.46226442064715,1.20629246696455));
#8907=CARTESIAN_POINT('Ctrl Pts',(-0.109212818744617,1.46230797064949,1.20491665142765));
#8908=CARTESIAN_POINT('',(0.24637303846378,1.43936351318759,0.869263920957368));
#8909=CARTESIAN_POINT('Origin',(-0.265414173912814,1.43936351318759,0.735817506440042));
#8910=CARTESIAN_POINT('',(0.203684971074623,1.46230797064967,0.892018861608238));
#8911=CARTESIAN_POINT('Ctrl Pts',(0.203686602537535,1.46230880895337,0.892018861608239));
#8912=CARTESIAN_POINT('Ctrl Pts',(0.206556815655836,1.46221789249565,0.892018687734083));
#8913=CARTESIAN_POINT('Ctrl Pts',(0.209411519954569,1.46184826495851,0.891677905721605));
#8914=CARTESIAN_POINT('Ctrl Pts',(0.212174507640817,1.46126471470147,0.891106890992006));
#8915=CARTESIAN_POINT('Ctrl Pts',(0.213224073544438,1.46104304362567,0.890889981740606));
#8916=CARTESIAN_POINT('Ctrl Pts',(0.21426074937839,1.46079066860913,0.890639422010248));
#8917=CARTESIAN_POINT('Ctrl Pts',(0.21528143399049,1.46051165587463,0.890359822253163));
#8918=CARTESIAN_POINT('Ctrl Pts',(0.21886366088421,1.45953242398521,0.889378530130763));
#8919=CARTESIAN_POINT('Ctrl Pts',(0.222436264569439,1.45817149304011,0.887992612717745));
#8920=CARTESIAN_POINT('Ctrl Pts',(0.225896757460095,1.45644177594451,0.886232813182662));
#8921=CARTESIAN_POINT('Ctrl Pts',(0.226250272313761,1.45626507259465,0.886053036689896));
#8922=CARTESIAN_POINT('Ctrl Pts',(0.22660259760261,1.4560845114281,0.88586931881647));
#8923=CARTESIAN_POINT('Ctrl Pts',(0.226953607990557,1.4559000987019,0.885681666465264));
#8924=CARTESIAN_POINT('Ctrl Pts',(0.228007574981956,1.45534636886118,0.885118209112374));
#8925=CARTESIAN_POINT('Ctrl Pts',(0.22904971215848,1.45475792525644,0.884519297185922));
#8926=CARTESIAN_POINT('Ctrl Pts',(0.230077793918819,1.45413549193865,0.883886879010048));
#8927=CARTESIAN_POINT('Ctrl Pts',(0.233638848121664,1.45197951673531,0.881696318404819));
#8928=CARTESIAN_POINT('Ctrl Pts',(0.236952653561004,1.44946631938852,0.879156552630141));
#8929=CARTESIAN_POINT('Ctrl Pts',(0.239927117036683,1.44666243101556,0.876378996748885));
#8930=CARTESIAN_POINT('Ctrl Pts',(0.242268824355051,1.44445501244191,0.874192308968889));
#8931=CARTESIAN_POINT('Ctrl Pts',(0.244400003459482,1.44206733047817,0.87185672832676));
#8932=CARTESIAN_POINT('Ctrl Pts',(0.246257077920072,1.43952308332584,0.869416882389898));
#8933=CARTESIAN_POINT('Ctrl Pts',(0.246295858907087,1.43946995222213,0.869365931479957));
#8934=CARTESIAN_POINT('Ctrl Pts',(0.246334512605346,1.43941676209246,0.869314944188389));
#8935=CARTESIAN_POINT('Ctrl Pts',(0.24637303846378,1.43936351318759,0.869263920957368));
#8936=CARTESIAN_POINT('Ctrl Pts',(0.203684971074617,1.4623079706495,0.892018861608239));
#8937=CARTESIAN_POINT('Ctrl Pts',(0.203217547179927,1.46232276646417,0.892018861608239));
#8938=CARTESIAN_POINT('Ctrl Pts',(0.202755752955201,1.46232986316818,0.892018861608239));
#8939=CARTESIAN_POINT('Ctrl Pts',(0.202301141327318,1.46232986316818,0.892018861608239));
#8940=CARTESIAN_POINT('Origin',(-0.265414173912814,1.22610939072723,0.735817506440042));
#8941=CARTESIAN_POINT('',(0.325137007189548,1.22610939072723,0.735817506440043));
#8942=CARTESIAN_POINT('',(-0.265414173912814,1.22610939072723,0.14526632533768));
#8943=CARTESIAN_POINT('Origin',(-0.265414173912814,1.22610939072723,0.735817506440042));
#8944=CARTESIAN_POINT('',(-0.265414173912814,1.18673931198707,0.184636404077838));
#8945=CARTESIAN_POINT('Origin',(-0.265414173912814,1.22610939072723,0.184636404077838));
#8946=CARTESIAN_POINT('Origin',(-0.265414173912814,1.18673931198707,0.735817506440042));
#8947=CARTESIAN_POINT('Origin',(-0.265414173912814,1.22610939072723,0.735817506440042));
#8948=CARTESIAN_POINT('Origin',(-0.265414173912814,1.18673931198707,0.735817506440042));
#8949=CARTESIAN_POINT('',(0.325137007189548,1.29625700144703,0.735817506440042));
#8950=CARTESIAN_POINT('Origin',(-0.265414173912814,1.29625700144703,0.735817506440042));
#8951=CARTESIAN_POINT('',(0.325137007189548,1.18673931198707,0.735817506440042));
#8952=CARTESIAN_POINT('Origin',(-0.265414173912814,1.29625700144703,0.735817506440042));
#8953=CARTESIAN_POINT('Origin',(-0.265414173912814,1.18673931198707,0.735817506440042));
#8954=CARTESIAN_POINT('',(-0.472796631443216,1.18673931198707,0.471348434736413));
#8955=CARTESIAN_POINT('Origin',(-0.529883245616444,1.18673931198707,0.471348434736413));
#8956=CARTESIAN_POINT('',(0.0561415119640439,1.18673931198707,0.471348434736412));
#8957=CARTESIAN_POINT('Origin',(-0.000945102209184432,1.18673931198707,
0.471348434736412));
#8958=CARTESIAN_POINT('',(-0.472796631443216,1.18673931198707,1.00028657814367));
#8959=CARTESIAN_POINT('Origin',(-0.529883245616444,1.18673931198707,1.00028657814367));
#8960=CARTESIAN_POINT('',(0.0561415119640441,1.18673931198707,1.00028657814367));
#8961=CARTESIAN_POINT('Origin',(-0.000945102209184213,1.18673931198707,
1.00028657814367));
#8962=CARTESIAN_POINT('Origin',(-0.257540158164783,1.31666057182959,0.735817506440042));
#8963=CARTESIAN_POINT('',(-0.257540158164783,1.30484954820755,0.585550418117992));
#8964=CARTESIAN_POINT('',(-0.257540158164783,1.30484954820755,0.686242072347668));
#8965=CARTESIAN_POINT('',(-0.257540158164783,1.30484954820755,0.735817506440042));
#8966=CARTESIAN_POINT('',(-0.245729134542736,1.31666057182959,0.689641506023744));
#8967=CARTESIAN_POINT('Ctrl Pts',(-0.257540158164783,1.30484954820755,0.686242072347668));
#8968=CARTESIAN_POINT('Ctrl Pts',(-0.256026904747664,1.30484954820755,0.686482420847995));
#8969=CARTESIAN_POINT('Ctrl Pts',(-0.254429171298705,1.30515700852715,0.686814168322789));
#8970=CARTESIAN_POINT('Ctrl Pts',(-0.251507616961529,1.30638347833644,0.687561883940843));
#8971=CARTESIAN_POINT('Ctrl Pts',(-0.250182663724049,1.30730180505818,0.68797454333997));
#8972=CARTESIAN_POINT('Ctrl Pts',(-0.248117008794883,1.30939367594678,0.688682675843898));
#8973=CARTESIAN_POINT('Ctrl Pts',(-0.247223330058639,1.31070208074839,0.689028280425493));
#8974=CARTESIAN_POINT('Ctrl Pts',(-0.246029016089338,1.31358906657891,0.689510334802955));
#8975=CARTESIAN_POINT('Ctrl Pts',(-0.245729134542736,1.31516883820468,0.689641506023744));
#8976=CARTESIAN_POINT('Ctrl Pts',(-0.245729134542736,1.31666057182959,0.689641506023744));
#8977=CARTESIAN_POINT('',(-0.245729134542736,1.31666057182959,0.594644812045282));
#8978=CARTESIAN_POINT('',(-0.245729134542736,1.31666057182959,0.735817506440042));
#8979=CARTESIAN_POINT('Ctrl Pts',(-0.245729134542736,1.31666057182959,0.594644812045282));
#8980=CARTESIAN_POINT('Ctrl Pts',(-0.245729134542736,1.31539198855704,0.594644812045282));
#8981=CARTESIAN_POINT('Ctrl Pts',(-0.245933555266765,1.31414609783656,0.594500762236745));
#8982=CARTESIAN_POINT('Ctrl Pts',(-0.246741682672438,1.31169005549342,0.593924986591034));
#8983=CARTESIAN_POINT('Ctrl Pts',(-0.247364451986159,1.31053237730614,0.593479055703252));
#8984=CARTESIAN_POINT('Ctrl Pts',(-0.249044972549246,1.30831594841406,0.592252793268523));
#8985=CARTESIAN_POINT('Ctrl Pts',(-0.250145537814893,1.30734583615762,0.591436896836425));
#8986=CARTESIAN_POINT('Ctrl Pts',(-0.252274488370358,1.3060303800706,0.589811405214114));
#8987=CARTESIAN_POINT('Ctrl Pts',(-0.253268296483331,1.30559929185259,0.589037268890003));
#8988=CARTESIAN_POINT('Ctrl Pts',(-0.255325990312792,1.30500766267717,0.587392846991246));
#8989=CARTESIAN_POINT('Ctrl Pts',(-0.256392730812051,1.30485834557218,0.586518582059269));
#8990=CARTESIAN_POINT('Ctrl Pts',(-0.25747720955489,1.30484967397265,0.585603596626554));
#8991=CARTESIAN_POINT('Ctrl Pts',(-0.2575086895031,1.30484954820755,0.585577013991304));
#8992=CARTESIAN_POINT('Ctrl Pts',(-0.257540158164783,1.30484954820755,0.585550418117992));
#8993=CARTESIAN_POINT('Origin',(-0.273288189660846,1.31666057182959,0.735817506440042));
#8994=CARTESIAN_POINT('',(-0.285099213282893,1.31666057182959,0.594644812045282));
#8995=CARTESIAN_POINT('',(-0.285099213282893,1.31666057182959,0.689641506023744));
#8996=CARTESIAN_POINT('',(-0.285099213282893,1.31666057182959,0.735817506440042));
#8997=CARTESIAN_POINT('',(-0.273288189660846,1.30484954820755,0.686242072347668));
#8998=CARTESIAN_POINT('Ctrl Pts',(-0.285099213282893,1.31666057182959,0.689641506023744));
#8999=CARTESIAN_POINT('Ctrl Pts',(-0.285099213282893,1.31516883820468,0.689641506023744));
#9000=CARTESIAN_POINT('Ctrl Pts',(-0.28479933173629,1.31358906657891,0.689510334802955));
#9001=CARTESIAN_POINT('Ctrl Pts',(-0.283605017766989,1.31070208074839,0.689028280425493));
#9002=CARTESIAN_POINT('Ctrl Pts',(-0.282711339030746,1.30939367594678,0.688682675843899));
#9003=CARTESIAN_POINT('Ctrl Pts',(-0.28064568410158,1.30730180505818,0.68797454333997));
#9004=CARTESIAN_POINT('Ctrl Pts',(-0.2793207308641,1.30638347833644,0.687561883940843));
#9005=CARTESIAN_POINT('Ctrl Pts',(-0.276399176526924,1.30515700852715,0.686814168322789));
#9006=CARTESIAN_POINT('Ctrl Pts',(-0.274801443077965,1.30484954820755,0.686482420847995));
#9007=CARTESIAN_POINT('Ctrl Pts',(-0.273288189660846,1.30484954820755,0.686242072347668));
#9008=CARTESIAN_POINT('',(-0.273288189660846,1.30484954820755,0.585550418117992));
#9009=CARTESIAN_POINT('',(-0.273288189660846,1.30484954820755,0.735817506440042));
#9010=CARTESIAN_POINT('Ctrl Pts',(-0.273288189660846,1.30484954820755,0.585550418117992));
#9011=CARTESIAN_POINT('Ctrl Pts',(-0.273319658322528,1.30484954820755,0.585577013991303));
#9012=CARTESIAN_POINT('Ctrl Pts',(-0.273351138270739,1.30484967397265,0.585603596626554));
#9013=CARTESIAN_POINT('Ctrl Pts',(-0.274435617013571,1.30485834557218,0.586518582059265));
#9014=CARTESIAN_POINT('Ctrl Pts',(-0.275502357512835,1.30500766267717,0.587392846991245));
#9015=CARTESIAN_POINT('Ctrl Pts',(-0.277560051342298,1.30559929185259,0.589037268890002));
#9016=CARTESIAN_POINT('Ctrl Pts',(-0.278553859455271,1.3060303800706,0.589811405214114));
#9017=CARTESIAN_POINT('Ctrl Pts',(-0.280682810010736,1.30734583615762,0.591436896836425));
#9018=CARTESIAN_POINT('Ctrl Pts',(-0.281783375276383,1.30831594841406,0.592252793268523));
#9019=CARTESIAN_POINT('Ctrl Pts',(-0.28346389583947,1.31053237730614,0.593479055703252));
#9020=CARTESIAN_POINT('Ctrl Pts',(-0.28408666515319,1.31169005549342,0.593924986591034));
#9021=CARTESIAN_POINT('Ctrl Pts',(-0.284894792558863,1.31414609783656,0.594500762236745));
#9022=CARTESIAN_POINT('Ctrl Pts',(-0.285099213282893,1.31539198855704,0.594644812045282));
#9023=CARTESIAN_POINT('Ctrl Pts',(-0.285099213282893,1.31666057182959,0.594644812045282));
#9024=CARTESIAN_POINT('Origin',(-0.265414173912814,1.31666057182959,0.538967112739255));
#9025=CARTESIAN_POINT('Origin',(-0.265414173912814,1.31666057182959,0.538967112739255));
#9026=CARTESIAN_POINT('Origin',(-0.265414173912814,1.30484954820755,0.538967112739255));
#9027=CARTESIAN_POINT('Origin',(-0.265414173912814,1.30484954820755,0.735817506440042));
#9028=CARTESIAN_POINT('',(-0.257540158164783,1.30484954820755,0.785392940532416));
#9029=CARTESIAN_POINT('Origin',(-0.265414173912814,1.30484954820755,0.735817506440042));
#9030=CARTESIAN_POINT('',(-0.273288189660846,1.30484954820755,0.785392940532416));
#9031=CARTESIAN_POINT('Origin',(-0.265414173912814,1.30484954820755,0.735817506440042));
#9032=CARTESIAN_POINT('',(-0.273288189660846,1.30484954820755,0.735817506440042));
#9033=CARTESIAN_POINT('',(-0.257540158164783,1.30484954820755,1.26815374501004));
#9034=CARTESIAN_POINT('Ctrl Pts',(-0.257540158164783,1.30484954820755,1.26815374501004));
#9035=CARTESIAN_POINT('Ctrl Pts',(-0.257540158164783,1.30484954820755,1.26868418435025));
#9036=CARTESIAN_POINT('Ctrl Pts',(-0.25754057777654,1.30484954820755,1.26921000611191));
#9037=CARTESIAN_POINT('Ctrl Pts',(-0.257567319551922,1.30484954820755,1.26969160227461));
#9038=CARTESIAN_POINT('Ctrl Pts',(-0.257599607099426,1.30484954820755,1.27027307297948));
#9039=CARTESIAN_POINT('Ctrl Pts',(-0.257671007380543,1.30484954820755,1.27079133171524));
#9040=CARTESIAN_POINT('Ctrl Pts',(-0.257813788740376,1.30484954820755,1.27125096900634));
#9041=CARTESIAN_POINT('Ctrl Pts',(-0.257970674601967,1.30484954820755,1.27175601106867));
#9042=CARTESIAN_POINT('Ctrl Pts',(-0.258214845683978,1.30484954820755,1.27219612362419));
#9043=CARTESIAN_POINT('Ctrl Pts',(-0.258559203835225,1.30484954820755,1.27260001686667));
#9044=CARTESIAN_POINT('Ctrl Pts',(-0.259032360964825,1.30484954820755,1.27315497677275));
#9045=CARTESIAN_POINT('Ctrl Pts',(-0.25969101186405,1.30484954820755,1.27363878647643));
#9046=CARTESIAN_POINT('Ctrl Pts',(-0.260484587421918,1.30484954820755,1.27399796697364));
#9047=CARTESIAN_POINT('Ctrl Pts',(-0.26122838359135,1.30484954820755,1.2743346168053));
#9048=CARTESIAN_POINT('Ctrl Pts',(-0.26209394822083,1.30484954820755,1.2745649645437));
#9049=CARTESIAN_POINT('Ctrl Pts',(-0.263035565722149,1.30484954820755,1.27470426788639));
#9050=CARTESIAN_POINT('Ctrl Pts',(-0.26379669313093,1.30484954820755,1.27481686943863));
#9051=CARTESIAN_POINT('Ctrl Pts',(-0.264608131706609,1.30484954820755,1.27487230591438));
#9052=CARTESIAN_POINT('Ctrl Pts',(-0.265418046730871,1.30484954820755,1.27487530353346));
#9053=CARTESIAN_POINT('',(-0.257540158164783,1.30484954820755,0.735817506440042));
#9054=CARTESIAN_POINT('Origin',(-0.000945102209184257,1.73792041434928,
1.00028657814367));
#9055=CARTESIAN_POINT('',(-0.000945102209184257,1.77729049308944,0.852648782868082));
#9056=CARTESIAN_POINT('',(-0.148582897484775,1.77729049308944,1.00028657814367));
#9057=CARTESIAN_POINT('Origin',(-0.000945102209184257,1.77729049308944,
1.00028657814367));
#9058=CARTESIAN_POINT('',(-0.109212818744617,1.73792041434928,1.00028657814367));
#9059=CARTESIAN_POINT('Origin',(-0.148582897484775,1.73792041434928,1.00028657814367));
#9060=CARTESIAN_POINT('',(-0.000945102209184257,1.73792041434928,0.892018861608239));
#9061=CARTESIAN_POINT('Origin',(-0.000945102209184246,1.73792041434928,
1.00028657814367));
#9062=CARTESIAN_POINT('Origin',(-0.000945102209184257,1.73792041434928,
0.852648782868082));
#9063=CARTESIAN_POINT('Ctrl Pts',(0.0776698375597364,1.76129297614059,0.876559613992784));
#9064=CARTESIAN_POINT('Ctrl Pts',(0.0756938108725196,1.76431677298873,0.874479721260063));
#9065=CARTESIAN_POINT('Ctrl Pts',(0.0719440162298793,1.7693000490547,0.869863291092677));
#9066=CARTESIAN_POINT('Ctrl Pts',(0.0652180232904187,1.77544283970208,0.858244545606441));
#9067=CARTESIAN_POINT('Ctrl Pts',(0.0601861149208245,1.77729049308944,0.848984485210756));
#9068=CARTESIAN_POINT('Ctrl Pts',(0.0577760848481648,1.77729049308944,0.844860035818452));
#9069=CARTESIAN_POINT('Ctrl Pts',(0.0783291266372944,1.7623180669858,0.875065712830394));
#9070=CARTESIAN_POINT('Ctrl Pts',(0.0764498726665313,1.76513668574225,0.87296270815834));
#9071=CARTESIAN_POINT('Ctrl Pts',(0.0728440099969666,1.76982278522221,0.868313347120136));
#9072=CARTESIAN_POINT('Ctrl Pts',(0.066352149890832,1.77561343080813,0.856684422548284));
#9073=CARTESIAN_POINT('Ctrl Pts',(0.0615127143132256,1.77729049308944,0.847800687937611));
#9074=CARTESIAN_POINT('Ctrl Pts',(0.0591536094959492,1.77729049308944,0.843863151529814));
#9075=CARTESIAN_POINT('Ctrl Pts',(0.0796639901552825,1.76420595164322,0.871813664125909));
#9076=CARTESIAN_POINT('Ctrl Pts',(0.0779538294991525,1.76666107466282,0.869672167095354));
#9077=CARTESIAN_POINT('Ctrl Pts',(0.0745996824085454,1.77080466357329,0.864958655574276));
#9078=CARTESIAN_POINT('Ctrl Pts',(0.0685302671762455,1.77593655153144,0.853345409245169));
#9079=CARTESIAN_POINT('Ctrl Pts',(0.0640206900570983,1.77729049308944,0.845282757891647));
#9080=CARTESIAN_POINT('Ctrl Pts',(0.0617367697423447,1.77729049308944,0.841695932971336));
#9081=CARTESIAN_POINT('Ctrl Pts',(0.0818841377109787,1.76664797333902,0.865758335710178));
#9082=CARTESIAN_POINT('Ctrl Pts',(0.0803662440547243,1.76865853210825,0.863581127266879));
#9083=CARTESIAN_POINT('Ctrl Pts',(0.0772941089583782,1.77212937732981,0.858742707184993));
#9084=CARTESIAN_POINT('Ctrl Pts',(0.0717507875454728,1.77634787522828,0.847517087618681));
#9085=CARTESIAN_POINT('Ctrl Pts',(0.0675017187070645,1.77729049308944,0.84093751570905));
#9086=CARTESIAN_POINT('Ctrl Pts',(0.065239415951099,1.77729049308944,0.83788324917822));
#9087=CARTESIAN_POINT('Ctrl Pts',(0.084437629195834,1.76871987118616,0.858090256211898));
#9088=CARTESIAN_POINT('Ctrl Pts',(0.083028424404379,1.77037383077001,0.855941652060826));
#9089=CARTESIAN_POINT('Ctrl Pts',(0.0800867244879051,1.7733014151896,0.851079482647792));
#9090=CARTESIAN_POINT('Ctrl Pts',(0.0747012444589678,1.77663107295985,0.841325260140215));
#9091=CARTESIAN_POINT('Ctrl Pts',(0.070347297792951,1.77729049308944,0.836458153192447));
#9092=CARTESIAN_POINT('Ctrl Pts',(0.0679922890401807,1.77729049308944,0.834016789781089));
#9093=CARTESIAN_POINT('Ctrl Pts',(0.0873629861486786,1.77033687008131,0.848374811598));
#9094=CARTESIAN_POINT('Ctrl Pts',(0.085909808004535,1.77171900298799,0.846489526551118));
#9095=CARTESIAN_POINT('Ctrl Pts',(0.0827851572148714,1.77418341396984,0.84228639363857));
#9096=CARTESIAN_POINT('Ctrl Pts',(0.0770193869620493,1.77673913277917,0.835401204248143));
#9097=CARTESIAN_POINT('Ctrl Pts',(0.0724066234789319,1.77729049308944,0.83197055392698));
#9098=CARTESIAN_POINT('Ctrl Pts',(0.0699699366733406,1.77729049308944,0.830127292754708));
#9099=CARTESIAN_POINT('Ctrl Pts',(0.0905004381894987,1.77112020916503,0.837336628367911));
#9100=CARTESIAN_POINT('Ctrl Pts',(0.0888085795735452,1.772359406837,0.836161728341689));
#9101=CARTESIAN_POINT('Ctrl Pts',(0.0851441615298743,1.77456475044607,0.833581543133667));
#9102=CARTESIAN_POINT('Ctrl Pts',(0.0787096705095158,1.77673738983016,0.829811529986873));
#9103=CARTESIAN_POINT('Ctrl Pts',(0.0739090876083602,1.77729049308944,0.827377007323947));
#9104=CARTESIAN_POINT('Ctrl Pts',(0.0714372647684899,1.77729049308944,0.826162126024048));
#9105=CARTESIAN_POINT('Ctrl Pts',(0.0921055382661598,1.77105513324731,0.831216483920776));
#9106=CARTESIAN_POINT('Ctrl Pts',(0.0901883579501937,1.77236553895285,0.83047265226093));
#9107=CARTESIAN_POINT('Ctrl Pts',(0.086087538214585,1.77463335476507,0.828887472070553));
#9108=CARTESIAN_POINT('Ctrl Pts',(0.0792992574274253,1.77678798615954,0.826352580386069));
#9109=CARTESIAN_POINT('Ctrl Pts',(0.0744756334568123,1.77729049308944,0.824701597849432));
#9110=CARTESIAN_POINT('Ctrl Pts',(0.0720379809658584,1.77729049308944,0.823881965871406));
#9111=CARTESIAN_POINT('Ctrl Pts',(0.0929156613116119,1.77105513324731,0.828069772520368));
#9112=CARTESIAN_POINT('Ctrl Pts',(0.0908815553063077,1.77240297911586,0.827546090510135));
#9113=CARTESIAN_POINT('Ctrl Pts',(0.0865644195223934,1.77469798669139,0.82643464089056));
#9114=CARTESIAN_POINT('Ctrl Pts',(0.0795752209362998,1.77681444918177,0.824635266838302));
#9115=CARTESIAN_POINT('Ctrl Pts',(0.0747415075100735,1.77729049308944,0.823390823944305));
#9116=CARTESIAN_POINT('Ctrl Pts',(0.0723246192352369,1.77729049308944,0.822768594371719));
#9117=CARTESIAN_POINT('',(0.0723246192352369,1.77729049308944,0.822768594371719));
#9118=CARTESIAN_POINT('Origin',(0.0723246192352369,1.73792041434928,0.822768594371719));
#9119=CARTESIAN_POINT('Ctrl Pts',(0.0723246192352369,1.77729049308944,0.822768594371719));
#9120=CARTESIAN_POINT('Ctrl Pts',(0.0721443672244919,1.77729049308944,0.823468736233306));
#9121=CARTESIAN_POINT('Ctrl Pts',(0.0719619323283596,1.77729049308944,0.824173107549406));
#9122=CARTESIAN_POINT('Ctrl Pts',(0.0717499028992519,1.77729049308944,0.824911981834687));
#9123=CARTESIAN_POINT('Ctrl Pts',(0.0714937601179915,1.77729049308944,0.825804581108429));
#9124=CARTESIAN_POINT('Ctrl Pts',(0.0711948688869298,1.77729049308944,0.826746552955604));
#9125=CARTESIAN_POINT('Ctrl Pts',(0.0708412612137675,1.77729049308944,0.827721783426265));
#9126=CARTESIAN_POINT('Ctrl Pts',(0.0704197414618477,1.77729049308944,0.828884311666622));
#9127=CARTESIAN_POINT('Ctrl Pts',(0.0699235908215635,1.77729049308944,0.830087665424226));
#9128=CARTESIAN_POINT('Ctrl Pts',(0.0693518892156786,1.77729049308944,0.831272588354346));
#9129=CARTESIAN_POINT('Ctrl Pts',(0.0688901669799579,1.77729049308944,0.83222956531369));
#9130=CARTESIAN_POINT('Ctrl Pts',(0.0683803662164144,1.77729049308944,0.833172135645204));
#9131=CARTESIAN_POINT('Ctrl Pts',(0.0678029704044936,1.77729049308944,0.834111118281638));
#9132=CARTESIAN_POINT('Ctrl Pts',(0.0672123444271088,1.77729049308944,0.835071616307327));
#9133=CARTESIAN_POINT('Ctrl Pts',(0.0665464654005882,1.77729049308944,0.836035688467632));
#9134=CARTESIAN_POINT('Ctrl Pts',(0.065805952633031,1.77729049308944,0.837000152182953));
#9135=CARTESIAN_POINT('Ctrl Pts',(0.0647041002308045,1.77729049308944,0.838435234342431));
#9136=CARTESIAN_POINT('Ctrl Pts',(0.0634414155793719,1.77729049308944,0.839866882440771));
#9137=CARTESIAN_POINT('Ctrl Pts',(0.0620898154575116,1.77729049308944,0.84119905212341));
#9138=CARTESIAN_POINT('Ctrl Pts',(0.061186952347896,1.77729049308944,0.8420889357826));
#9139=CARTESIAN_POINT('Ctrl Pts',(0.0602462911719612,1.77729049308944,0.842932152154001));
#9140=CARTESIAN_POINT('Ctrl Pts',(0.0592679375158649,1.77729049308944,0.843720577635311));
#9141=CARTESIAN_POINT('Ctrl Pts',(0.0587816805275355,1.77729049308944,0.844112437365865));
#9142=CARTESIAN_POINT('Ctrl Pts',(0.058285195735314,1.77729049308944,0.84449160346743));
#9143=CARTESIAN_POINT('Ctrl Pts',(0.0577760848481649,1.77729049308944,0.844860035818452));
#9144=CARTESIAN_POINT('Ctrl Pts',(0.24637303846378,1.43936351318759,0.869263920957368));
#9145=CARTESIAN_POINT('Ctrl Pts',(0.202041918584564,1.53263917366356,0.869840626073664));
#9146=CARTESIAN_POINT('Ctrl Pts',(0.157396041484771,1.62578854448618,0.870547466628683));
#9147=CARTESIAN_POINT('Ctrl Pts',(0.111826522572616,1.71857570050121,0.87158079818593));
#9148=CARTESIAN_POINT('Ctrl Pts',(0.245006717163952,1.43871634441362,0.875679584206719));
#9149=CARTESIAN_POINT('Ctrl Pts',(0.200579260435862,1.53194270248475,0.876129518889305));
#9150=CARTESIAN_POINT('Ctrl Pts',(0.155825539510382,1.62503567690691,0.876680284282988));
#9151=CARTESIAN_POINT('Ctrl Pts',(0.110113371666156,1.71774120596142,0.877470573953416));
#9152=CARTESIAN_POINT('Ctrl Pts',(0.238243428353288,1.43551285975142,0.887429884112244));
#9153=CARTESIAN_POINT('Ctrl Pts',(0.193778871023639,1.52870299363559,0.887573491743562));
#9154=CARTESIAN_POINT('Ctrl Pts',(0.148975499240058,1.62174840157225,0.887744847454004));
#9155=CARTESIAN_POINT('Ctrl Pts',(0.103246606465329,1.71439632954422,0.887989795465828));
#9156=CARTESIAN_POINT('Ctrl Pts',(0.226355968644785,1.42988227145115,0.892018861608239));
#9157=CARTESIAN_POINT('Ctrl Pts',(0.182079215006797,1.5231288075952,0.892016885735162));
#9158=CARTESIAN_POINT('Ctrl Pts',(0.137511796535039,1.61624391475343,0.892021849825728));
#9159=CARTESIAN_POINT('Ctrl Pts',(0.0921350932843508,1.70898378996969,0.892018861608239));
#9160=CARTESIAN_POINT('Ctrl Pts',(0.220399021056591,1.42706071661791,0.892018861608239));
#9161=CARTESIAN_POINT('Ctrl Pts',(0.176218274668822,1.52033637709388,0.892018861608239));
#9162=CARTESIAN_POINT('Ctrl Pts',(0.131767498217774,1.61348574791649,0.892018861608239));
#9163=CARTESIAN_POINT('Ctrl Pts',(0.0865698598979941,1.70627290393153,0.892018861608239));
#9164=CARTESIAN_POINT('Ctrl Pts',(0.24637303846378,1.43936351318759,0.869263920957368));
#9165=CARTESIAN_POINT('Ctrl Pts',(0.202041918584564,1.53263917366356,0.869840626073664));
#9166=CARTESIAN_POINT('Ctrl Pts',(0.157396041484771,1.62578854448618,0.870547466628683));
#9167=CARTESIAN_POINT('Ctrl Pts',(0.111826522572616,1.71857570050121,0.87158079818593));
#9168=CARTESIAN_POINT('',(0.203674577592289,1.46232986316818,0.892018861608239));
#9169=CARTESIAN_POINT('Ctrl Pts',(0.0865698598979941,1.70627290393153,0.892018861608239));
#9170=CARTESIAN_POINT('Ctrl Pts',(0.126069651654263,1.62518297364979,0.892018861608239));
#9171=CARTESIAN_POINT('Ctrl Pts',(0.164999018590617,1.5438163974111,0.892018861608239));
#9172=CARTESIAN_POINT('Ctrl Pts',(0.203676235618769,1.46233065015059,0.892018861608239));
#9173=CARTESIAN_POINT('Ctrl Pts',(0.203676235558591,1.46233065027737,0.892018861608239));
#9174=CARTESIAN_POINT('Ctrl Pts',(0.203679699455327,1.46232335248721,0.892018861608239));
#9175=CARTESIAN_POINT('Ctrl Pts',(0.203683163350041,1.46231605469609,0.892018861608239));
#9176=CARTESIAN_POINT('Ctrl Pts',(0.203686627242732,1.46230875690402,0.892018861608239));
#9177=CARTESIAN_POINT('Origin',(-0.226044095172657,1.75760545371936,0.735817506440042));
#9178=CARTESIAN_POINT('',(-0.226044095172657,1.77729049308944,0.67808124905397));
#9179=CARTESIAN_POINT('',(-0.226044095172657,1.77729049308944,0.607158089415195));
#9180=CARTESIAN_POINT('',(-0.226044095172657,1.77729049308944,0.735817506440042));
#9181=CARTESIAN_POINT('',(-0.245729134542736,1.75760545371936,0.594644812045282));
#9182=CARTESIAN_POINT('Ctrl Pts',(-0.226044095172657,1.77729049308944,0.607158089415195));
#9183=CARTESIAN_POINT('Ctrl Pts',(-0.226085567147844,1.77729049308944,0.607134145559157));
#9184=CARTESIAN_POINT('Ctrl Pts',(-0.226127033652848,1.77729036203118,0.607110192250108));
#9185=CARTESIAN_POINT('Ctrl Pts',(-0.227901578286231,1.77727914763647,0.606084577636674));
#9186=CARTESIAN_POINT('Ctrl Pts',(-0.229623697631959,1.77703937407267,0.605066787467248));
#9187=CARTESIAN_POINT('Ctrl Pts',(-0.232944445213889,1.77612115608208,0.603058263482373));
#9188=CARTESIAN_POINT('Ctrl Pts',(-0.234544775532652,1.77544577596963,0.60206678601839));
#9189=CARTESIAN_POINT('Ctrl Pts',(-0.238168065750275,1.7733083351041,0.599771496576707));
#9190=CARTESIAN_POINT('Ctrl Pts',(-0.240093290495683,1.77163515286732,0.598506166344106));
#9191=CARTESIAN_POINT('Ctrl Pts',(-0.242978183239546,1.76787043348212,0.596563929808582));
#9192=CARTESIAN_POINT('Ctrl Pts',(-0.244034771409633,1.7659111534121,0.595832442789283));
#9193=CARTESIAN_POINT('Ctrl Pts',(-0.245389325399438,1.7617927198931,0.5948863953063));
#9194=CARTESIAN_POINT('Ctrl Pts',(-0.245729134542736,1.75971967487528,0.594644812045282));
#9195=CARTESIAN_POINT('Ctrl Pts',(-0.245729134542736,1.75760545371936,0.594644812045282));
#9196=CARTESIAN_POINT('',(-0.245729134542736,1.75760545371936,0.689641506023744));
#9197=CARTESIAN_POINT('',(-0.245729134542736,1.75760545371936,0.735817506440042));
#9198=CARTESIAN_POINT('Ctrl Pts',(-0.226044095172657,1.77729049308944,0.67808124905397));
#9199=CARTESIAN_POINT('Ctrl Pts',(-0.226085821500656,1.77729049308944,0.67810330011672));
#9200=CARTESIAN_POINT('Ctrl Pts',(-0.226127542587356,1.77729036041865,0.678125361042637));
#9201=CARTESIAN_POINT('Ctrl Pts',(-0.227852696208641,1.77727939121907,0.679038097177087));
#9202=CARTESIAN_POINT('Ctrl Pts',(-0.229525305033752,1.77705279944505,0.679943997933081));
#9203=CARTESIAN_POINT('Ctrl Pts',(-0.232758262760013,1.77618517034341,0.681738370715213));
#9204=CARTESIAN_POINT('Ctrl Pts',(-0.234318165698184,1.77554678813724,0.682626403986919));
#9205=CARTESIAN_POINT('Ctrl Pts',(-0.237948819478766,1.77347922201216,0.684743081991244));
#9206=CARTESIAN_POINT('Ctrl Pts',(-0.239907806509186,1.7718197388215,0.685932971196024));
#9207=CARTESIAN_POINT('Ctrl Pts',(-0.242872798883039,1.76805164592117,0.687783703810584));
#9208=CARTESIAN_POINT('Ctrl Pts',(-0.243966382854393,1.76606686178954,0.688488642710575));
#9209=CARTESIAN_POINT('Ctrl Pts',(-0.245375106505968,1.76188102274179,0.689406086764054));
#9210=CARTESIAN_POINT('Ctrl Pts',(-0.245729134542736,1.75976350232153,0.689641506023744));
#9211=CARTESIAN_POINT('Ctrl Pts',(-0.245729134542736,1.75760545371936,0.689641506023744));
#9212=CARTESIAN_POINT('Ctrl Pts',(-0.124685207305202,1.76127526660843,1.07893220730605));
#9213=CARTESIAN_POINT('Ctrl Pts',(-0.126763059123568,1.76430160229971,1.07693349465481));
#9214=CARTESIAN_POINT('Ctrl Pts',(-0.131383171686417,1.76932008722187,1.07314961416848));
#9215=CARTESIAN_POINT('Ctrl Pts',(-0.14301678891591,1.77543586366727,1.06648203760723));
#9216=CARTESIAN_POINT('Ctrl Pts',(-0.15227777977735,1.77729049308944,1.06142855665193));
#9217=CARTESIAN_POINT('Ctrl Pts',(-0.156402229169654,1.77729049308944,1.05901852657927));
#9218=CARTESIAN_POINT('Ctrl Pts',(-0.124137248416258,1.76185993625993,1.07693652006335));
#9219=CARTESIAN_POINT('Ctrl Pts',(-0.126182456011691,1.76472841764488,1.07497879515892));
#9220=CARTESIAN_POINT('Ctrl Pts',(-0.130746181107272,1.76954877278015,1.07126552483318));
#9221=CARTESIAN_POINT('Ctrl Pts',(-0.142187618903528,1.77551697917034,1.06455735654301));
#9222=CARTESIAN_POINT('Ctrl Pts',(-0.15111935167785,1.77729049308944,1.05964611255074));
#9223=CARTESIAN_POINT('Ctrl Pts',(-0.155192378378473,1.77729049308944,1.0573338845985));
#9224=CARTESIAN_POINT('Ctrl Pts',(-0.123152411869579,1.76291364494491,1.07263808840297));
#9225=CARTESIAN_POINT('Ctrl Pts',(-0.125144766672,1.76552106830994,1.0707589484448));
#9226=CARTESIAN_POINT('Ctrl Pts',(-0.129640452518341,1.76999065682974,1.06721905085203));
#9227=CARTESIAN_POINT('Ctrl Pts',(-0.140706346281243,1.77570686885828,1.0603570707434));
#9228=CARTESIAN_POINT('Ctrl Pts',(-0.148967451118303,1.77729049308944,1.05579432608661));
#9229=CARTESIAN_POINT('Ctrl Pts',(-0.1529528932675,1.77729049308944,1.05366176529929));
#9230=CARTESIAN_POINT('Ctrl Pts',(-0.121969547218737,1.76419940657759,1.06489917031957));
#9231=CARTESIAN_POINT('Ctrl Pts',(-0.123946130428213,1.7665218871458,1.06324126414676));
#9232=CARTESIAN_POINT('Ctrl Pts',(-0.128514278370161,1.77069790431796,1.0598886068364));
#9233=CARTESIAN_POINT('Ctrl Pts',(-0.139023954235195,1.77601938691107,1.05329987327972));
#9234=CARTESIAN_POINT('Ctrl Pts',(-0.146580017380825,1.77729049308944,1.04982943758033));
#9235=CARTESIAN_POINT('Ctrl Pts',(-0.150536742878684,1.77729049308944,1.04812727563586));
#9236=CARTESIAN_POINT('Ctrl Pts',(-0.121152488910529,1.76516701265124,1.05537532126278));
#9237=CARTESIAN_POINT('Ctrl Pts',(-0.123214947285101,1.76738779913961,1.05395372261709));
#9238=CARTESIAN_POINT('Ctrl Pts',(-0.128054184944692,1.77151097561121,1.05092159946191));
#9239=CARTESIAN_POINT('Ctrl Pts',(-0.138007527785408,1.77620946243815,1.0461081333133));
#9240=CARTESIAN_POINT('Ctrl Pts',(-0.14528193304549,1.77729049308944,1.04394608570616));
#9241=CARTESIAN_POINT('Ctrl Pts',(-0.149201807057966,1.77729049308944,1.04274856946806));
#9242=CARTESIAN_POINT('Ctrl Pts',(-0.120685182559867,1.76581906161665,1.04312289535432));
#9243=CARTESIAN_POINT('Ctrl Pts',(-0.12290580027267,1.76803905734704,1.04243207755537));
#9244=CARTESIAN_POINT('Ctrl Pts',(-0.128047267078051,1.77207903862403,1.0409633491416));
#9245=CARTESIAN_POINT('Ctrl Pts',(-0.137571682970004,1.77622457626251,1.03910790913798));
#9246=CARTESIAN_POINT('Ctrl Pts',(-0.144837741626495,1.77729049308944,1.03797771614288));
#9247=CARTESIAN_POINT('Ctrl Pts',(-0.14860056887231,1.77729049308944,1.03739713272061));
#9248=CARTESIAN_POINT('Ctrl Pts',(-0.120744047831761,1.76575926400229,1.03643229131163));
#9249=CARTESIAN_POINT('Ctrl Pts',(-0.123092465832756,1.76810768200329,1.03624144327889));
#9250=CARTESIAN_POINT('Ctrl Pts',(-0.128441908940474,1.77226321170804,1.03581955204681));
#9251=CARTESIAN_POINT('Ctrl Pts',(-0.138011611584236,1.77632551463965,1.03513803183875));
#9252=CARTESIAN_POINT('Ctrl Pts',(-0.145032687064051,1.77729049308944,1.03473416458693));
#9253=CARTESIAN_POINT('Ctrl Pts',(-0.148582897484775,1.77729049308944,1.03454110565484));
#9254=CARTESIAN_POINT('Ctrl Pts',(-0.120744047831761,1.76575926400229,1.03316149305158));
#9255=CARTESIAN_POINT('Ctrl Pts',(-0.123173445763825,1.76818866193436,1.03316149305158));
#9256=CARTESIAN_POINT('Ctrl Pts',(-0.128671663761955,1.77240758042546,1.03316149305158));
#9257=CARTESIAN_POINT('Ctrl Pts',(-0.138276156875597,1.77638589173285,1.03316149305158));
#9258=CARTESIAN_POINT('Ctrl Pts',(-0.145147209980849,1.77729049308944,1.03316149305158));
#9259=CARTESIAN_POINT('Ctrl Pts',(-0.148582897484775,1.77729049308944,1.03316149305158));
#9260=CARTESIAN_POINT('',(-0.148582897484775,1.77729049308944,1.03316149305158));
#9261=CARTESIAN_POINT('Origin',(-0.148582897484775,1.73792041434928,1.03316149305158));
#9262=CARTESIAN_POINT('Ctrl Pts',(-0.148582897484775,1.77729049308944,1.03316149305158));
#9263=CARTESIAN_POINT('Ctrl Pts',(-0.148582897484775,1.77729049308944,1.03391984603037));
#9264=CARTESIAN_POINT('Ctrl Pts',(-0.148583739111374,1.77729049308944,1.03468276360378));
#9265=CARTESIAN_POINT('Ctrl Pts',(-0.148603689151707,1.77729049308944,1.03549269473173));
#9266=CARTESIAN_POINT('Ctrl Pts',(-0.14862722412354,1.77729049308944,1.03644816679919));
#9267=CARTESIAN_POINT('Ctrl Pts',(-0.148677269197109,1.77729049308944,1.03746842742566));
#9268=CARTESIAN_POINT('Ctrl Pts',(-0.148769972493877,1.77729049308944,1.03854958668421));
#9269=CARTESIAN_POINT('Ctrl Pts',(-0.148905849626427,1.77729049308944,1.04013426409057));
#9270=CARTESIAN_POINT('Ctrl Pts',(-0.149132377200628,1.77729049308944,1.0418426163158));
#9271=CARTESIAN_POINT('Ctrl Pts',(-0.149477314812323,1.77729049308944,1.04355578281752));
#9272=CARTESIAN_POINT('Ctrl Pts',(-0.14970271899571,1.77729049308944,1.04467527481617));
#9273=CARTESIAN_POINT('Ctrl Pts',(-0.149978139749365,1.77729049308944,1.04579431577932));
#9274=CARTESIAN_POINT('Ctrl Pts',(-0.150315310691934,1.77729049308944,1.04691010431304));
#9275=CARTESIAN_POINT('Ctrl Pts',(-0.150655027323078,1.77729049308944,1.0480343172089));
#9276=CARTESIAN_POINT('Ctrl Pts',(-0.151060146708535,1.77729049308944,1.04916335003164));
#9277=CARTESIAN_POINT('Ctrl Pts',(-0.151537453549098,1.77729049308944,1.05030994660654));
#9278=CARTESIAN_POINT('Ctrl Pts',(-0.15215427198418,1.77729049308944,1.0517916808808));
#9279=CARTESIAN_POINT('Ctrl Pts',(-0.152890925017104,1.77729049308944,1.05330171734851));
#9280=CARTESIAN_POINT('Ctrl Pts',(-0.15372032483081,1.77729049308944,1.05478628890113));
#9281=CARTESIAN_POINT('Ctrl Pts',(-0.154536525329871,1.77729049308944,1.05624723454172));
#9282=CARTESIAN_POINT('Ctrl Pts',(-0.155439403071717,1.77729049308944,1.05767785112029));
#9283=CARTESIAN_POINT('Ctrl Pts',(-0.156402229169653,1.77729049308944,1.05901852657927));
#9284=CARTESIAN_POINT('Origin',(-0.148582897484775,1.73792041434928,1.02057698132412));
#9285=CARTESIAN_POINT('',(-0.148582897484775,1.77729049308944,1.02057698132412));
#9286=CARTESIAN_POINT('',(-0.109212818744617,1.73792041434928,1.02057698132412));
#9287=CARTESIAN_POINT('Ctrl Pts',(0.0701954405775786,1.75794779361357,0.579756595356476));
#9288=CARTESIAN_POINT('Ctrl Pts',(0.0687746135878002,1.76136065133963,0.583213335605869));
#9289=CARTESIAN_POINT('Ctrl Pts',(0.065935622166704,1.76697612555046,0.589971690266101));
#9290=CARTESIAN_POINT('Ctrl Pts',(0.0600034591866323,1.77472743131952,0.603159889337766));
#9291=CARTESIAN_POINT('Ctrl Pts',(0.0558703245196647,1.77729049308944,0.612879826693757));
#9292=CARTESIAN_POINT('Ctrl Pts',(0.0540739545404658,1.77729049308944,0.617235792270617));
#9293=CARTESIAN_POINT('Ctrl Pts',(0.0682180088299824,1.75869917700436,0.579907045358127));
#9294=CARTESIAN_POINT('Ctrl Pts',(0.0668117659909335,1.76189955776517,0.583208366652121));
#9295=CARTESIAN_POINT('Ctrl Pts',(0.0639770959632696,1.76726657821063,0.589729890148163));
#9296=CARTESIAN_POINT('Ctrl Pts',(0.0580341871413451,1.77483155684134,0.602665356515848));
#9297=CARTESIAN_POINT('Ctrl Pts',(0.0541246816826735,1.77729049308944,0.612168083649328));
#9298=CARTESIAN_POINT('Ctrl Pts',(0.0524706374382733,1.77729049308944,0.61649241951355));
#9299=CARTESIAN_POINT('Ctrl Pts',(0.0639800108559497,1.76010244545718,0.58039267630175));
#9300=CARTESIAN_POINT('Ctrl Pts',(0.0625743334300796,1.76296171094819,0.583431596810512));
#9301=CARTESIAN_POINT('Ctrl Pts',(0.059784184991597,1.76789038678237,0.589502511705075));
#9302=CARTESIAN_POINT('Ctrl Pts',(0.0538069090498211,1.77512782040782,0.602009545072303));
#9303=CARTESIAN_POINT('Ctrl Pts',(0.0504147876051414,1.77729049308944,0.610992157656388));
#9304=CARTESIAN_POINT('Ctrl Pts',(0.0490274029591856,1.77729049308944,0.615258112426115));
#9305=CARTESIAN_POINT('Ctrl Pts',(0.0561800002300196,1.76209596368386,0.581705641068752));
#9306=CARTESIAN_POINT('Ctrl Pts',(0.0549008120825535,1.76457936977003,0.584383822844456));
#9307=CARTESIAN_POINT('Ctrl Pts',(0.0522894161942436,1.76907625951652,0.589985307284372));
#9308=CARTESIAN_POINT('Ctrl Pts',(0.0467620428558026,1.77575866655723,0.601927568421441));
#9309=CARTESIAN_POINT('Ctrl Pts',(0.0447034095010816,1.77729049308944,0.610082358438477));
#9310=CARTESIAN_POINT('Ctrl Pts',(0.0438258944176869,1.77729049308944,0.614280250566283));
#9311=CARTESIAN_POINT('Ctrl Pts',(0.0464688801994079,1.764001648718,0.583560303775393));
#9312=CARTESIAN_POINT('Ctrl Pts',(0.0454071584333435,1.76629005304265,0.58602814751095));
#9313=CARTESIAN_POINT('Ctrl Pts',(0.0430337099051421,1.7706889396642,0.591571672025668));
#9314=CARTESIAN_POINT('Ctrl Pts',(0.0396616304763907,1.77626679610653,0.6025983999481));
#9315=CARTESIAN_POINT('Ctrl Pts',(0.039115726157306,1.77729049308944,0.610160004132354));
#9316=CARTESIAN_POINT('Ctrl Pts',(0.0387874826042885,1.77729049308944,0.614240615674212));
#9317=CARTESIAN_POINT('Ctrl Pts',(0.0339612852781717,1.76569569135335,0.586200959468173));
#9318=CARTESIAN_POINT('Ctrl Pts',(0.0336426677569186,1.76792932610684,0.588561056941682));
#9319=CARTESIAN_POINT('Ctrl Pts',(0.0330807990813854,1.77208198590462,0.593965658289572));
#9320=CARTESIAN_POINT('Ctrl Pts',(0.033189047167731,1.77626461053255,0.60375808383025));
#9321=CARTESIAN_POINT('Ctrl Pts',(0.0336552104805776,1.77729049308944,0.611078585212817));
#9322=CARTESIAN_POINT('Ctrl Pts',(0.0338933977272354,1.77729049308944,0.614878598796082));
#9323=CARTESIAN_POINT('Ctrl Pts',(0.0273413363002309,1.76575926400229,0.587808622405766));
#9324=CARTESIAN_POINT('Ctrl Pts',(0.0276028862481163,1.76810768200329,0.590154093541757));
#9325=CARTESIAN_POINT('Ctrl Pts',(0.028244707460607,1.77226321170804,0.595487001334098));
#9326=CARTESIAN_POINT('Ctrl Pts',(0.0295437293823466,1.77632551463965,0.604994937063842));
#9327=CARTESIAN_POINT('Ctrl Pts',(0.030625722071085,1.77729049308944,0.611943187493862));
#9328=CARTESIAN_POINT('Ctrl Pts',(0.0311826492506457,1.77729049308944,0.615454479357893));
#9329=CARTESIAN_POINT('Ctrl Pts',(0.0240522498841093,1.76575926400229,0.588510372927128));
#9330=CARTESIAN_POINT('Ctrl Pts',(0.0245591701676471,1.76818866193436,0.590886295093036));
#9331=CARTESIAN_POINT('Ctrl Pts',(0.0257064331128315,1.77240758042546,0.596263486635985));
#9332=CARTESIAN_POINT('Ctrl Pts',(0.0277105149917798,1.77638589173285,0.60565656620514));
#9333=CARTESIAN_POINT('Ctrl Pts',(0.0291442349033459,1.77729049308944,0.612376374088582));
#9334=CARTESIAN_POINT('Ctrl Pts',(0.029861128443367,1.77729049308944,0.615736435438753));
#9335=CARTESIAN_POINT('',(0.029861128443367,1.77729049308944,0.615736435438753));
#9336=CARTESIAN_POINT('Origin',(0.029861128443367,1.73792041434928,0.615736435438753));
#9337=CARTESIAN_POINT('Ctrl Pts',(0.029861128443367,1.77729049308944,0.615736435438753));
#9338=CARTESIAN_POINT('Ctrl Pts',(0.030656865641509,1.77729049308944,0.615566659116998));
#9339=CARTESIAN_POINT('Ctrl Pts',(0.0314571279048269,1.77729049308944,0.61539609179858));
#9340=CARTESIAN_POINT('Ctrl Pts',(0.0323017322242476,1.77729049308944,0.615231241433762));
#9341=CARTESIAN_POINT('Ctrl Pts',(0.033309064215848,1.77729049308944,0.615034629786756));
#9342=CARTESIAN_POINT('Ctrl Pts',(0.0343786782380339,1.77729049308944,0.614846387109361));
#9343=CARTESIAN_POINT('Ctrl Pts',(0.0355043382600009,1.77729049308944,0.614689690546239));
#9344=CARTESIAN_POINT('Ctrl Pts',(0.0369462749551556,1.77729049308944,0.614488966953003));
#9345=CARTESIAN_POINT('Ctrl Pts',(0.0384736296379763,1.77729049308944,0.614341604159296));
#9346=CARTESIAN_POINT('Ctrl Pts',(0.0400141407790618,1.77729049308944,0.614300941473586));
#9347=CARTESIAN_POINT('Ctrl Pts',(0.0412182419032208,1.77729049308944,0.614269158525532));
#9348=CARTESIAN_POINT('Ctrl Pts',(0.0424271615735579,1.77729049308944,0.614303092103595));
#9349=CARTESIAN_POINT('Ctrl Pts',(0.0436457728783721,1.77729049308944,0.614416575464081));
#9350=CARTESIAN_POINT('Ctrl Pts',(0.0449608044944491,1.77729049308944,0.614539037980511));
#9351=CARTESIAN_POINT('Ctrl Pts',(0.046297226867804,1.77729049308944,0.614753733476204));
#9352=CARTESIAN_POINT('Ctrl Pts',(0.0476431042486183,1.77729049308944,0.615059493993317));
#9353=CARTESIAN_POINT('Ctrl Pts',(0.049836967659015,1.77729049308944,0.61555790255594));
#9354=CARTESIAN_POINT('Ctrl Pts',(0.0520460544193743,1.77729049308944,0.616295562978476));
#9355=CARTESIAN_POINT('Ctrl Pts',(0.054073954540466,1.77729049308944,0.617235792270617));
#9356=CARTESIAN_POINT('Origin',(-0.265414173912814,1.75760545371936,0.538967112739255));
#9357=CARTESIAN_POINT('',(-0.304784252652972,1.77729049308944,0.607158089415195));
#9358=CARTESIAN_POINT('Origin',(-0.265414173912814,1.77729049308944,0.538967112739255));
#9359=CARTESIAN_POINT('',(-0.285099213282893,1.75760545371936,0.594644812045282));
#9360=CARTESIAN_POINT('Ctrl Pts',(-0.304784252652972,1.77729049308944,0.607158089415195));
#9361=CARTESIAN_POINT('Ctrl Pts',(-0.304742780678516,1.77729049308944,0.607134145559579));
#9362=CARTESIAN_POINT('Ctrl Pts',(-0.304701314172057,1.77729036203117,0.607110192249605));
#9363=CARTESIAN_POINT('Ctrl Pts',(-0.302926769546096,1.77727914763651,0.606084577641372));
#9364=CARTESIAN_POINT('Ctrl Pts',(-0.301204650200173,1.77703937407447,0.60506678747118));
#9365=CARTESIAN_POINT('Ctrl Pts',(-0.297883902611723,1.77612115608207,0.603058263482362));
#9366=CARTESIAN_POINT('Ctrl Pts',(-0.296283572292969,1.77544577596962,0.602066786018384));
#9367=CARTESIAN_POINT('Ctrl Pts',(-0.292660282075353,1.7733083351041,0.599771496576706));
#9368=CARTESIAN_POINT('Ctrl Pts',(-0.290735057329946,1.77163515286732,0.598506166344105));
#9369=CARTESIAN_POINT('Ctrl Pts',(-0.287850164586084,1.76787043348212,0.596563929808582));
#9370=CARTESIAN_POINT('Ctrl Pts',(-0.286793576415995,1.7659111534121,0.595832442789284));
#9371=CARTESIAN_POINT('Ctrl Pts',(-0.28543902242619,1.7617927198931,0.5948863953063));
#9372=CARTESIAN_POINT('Ctrl Pts',(-0.285099213282893,1.75971967487528,0.594644812045282));
#9373=CARTESIAN_POINT('Ctrl Pts',(-0.285099213282893,1.75760545371936,0.594644812045282));
#9374=CARTESIAN_POINT('Origin',(-0.265414173912814,1.75760545371936,0.538967112739255));
#9375=CARTESIAN_POINT('Ctrl Pts',(-0.228761309572567,1.76403760879564,1.09876259613302));
#9376=CARTESIAN_POINT('Ctrl Pts',(-0.226830836969358,1.76272704862824,1.10215512930538));
#9377=CARTESIAN_POINT('Ctrl Pts',(-0.222698736785765,1.75980022162039,1.10796190141954));
#9378=CARTESIAN_POINT('Ctrl Pts',(-0.212787437509905,1.75291367722396,1.11562449137934));
#9379=CARTESIAN_POINT('Ctrl Pts',(-0.207452514361725,1.74947258029789,1.11821996623953));
#9380=CARTESIAN_POINT('Ctrl Pts',(-0.205476948914415,1.74785119444559,1.11866286434114));
#9381=CARTESIAN_POINT('Ctrl Pts',(-0.229218762508951,1.76279375516031,1.09994864389753));
#9382=CARTESIAN_POINT('Ctrl Pts',(-0.227342656712531,1.76144984658949,1.10321553210998));
#9383=CARTESIAN_POINT('Ctrl Pts',(-0.223291417593328,1.75848726197751,1.10886763959573));
#9384=CARTESIAN_POINT('Ctrl Pts',(-0.213659690313717,1.75166921751412,1.11639160491072));
#9385=CARTESIAN_POINT('Ctrl Pts',(-0.208437812873518,1.74848185889465,1.11882902590325));
#9386=CARTESIAN_POINT('Ctrl Pts',(-0.206383129208189,1.74701325589227,1.11919346676516));
#9387=CARTESIAN_POINT('Ctrl Pts',(-0.230148161648222,1.76006017476327,1.10233039667829));
#9388=CARTESIAN_POINT('Ctrl Pts',(-0.228363062685191,1.75865614042827,1.10538993560222));
#9389=CARTESIAN_POINT('Ctrl Pts',(-0.224436474674492,1.75567928058197,1.11072678790819));
#9390=CARTESIAN_POINT('Ctrl Pts',(-0.215336408761762,1.74904287821925,1.11798530901692));
#9391=CARTESIAN_POINT('Ctrl Pts',(-0.210303916372235,1.74638387684313,1.12007650783889));
#9392=CARTESIAN_POINT('Ctrl Pts',(-0.208066221801567,1.74517363948125,1.12030285351945));
#9393=CARTESIAN_POINT('Ctrl Pts',(-0.231642611733943,1.75497090046339,1.1061295850254));
#9394=CARTESIAN_POINT('Ctrl Pts',(-0.229938186465849,1.7536010594924,1.10889207756408));
#9395=CARTESIAN_POINT('Ctrl Pts',(-0.226094569141272,1.75076612963446,1.11376663447571));
#9396=CARTESIAN_POINT('Ctrl Pts',(-0.217668755798359,1.74472618583096,1.1205390393342));
#9397=CARTESIAN_POINT('Ctrl Pts',(-0.212655147794053,1.74301206903212,1.12196703356508));
#9398=CARTESIAN_POINT('Ctrl Pts',(-0.210090180469199,1.74212002399656,1.12201204237475));
#9399=CARTESIAN_POINT('Ctrl Pts',(-0.233253321717458,1.7487691684393,1.11016674018933));
#9400=CARTESIAN_POINT('Ctrl Pts',(-0.231561262287091,1.74760441670077,1.11261784050036));
#9401=CARTESIAN_POINT('Ctrl Pts',(-0.227671763180147,1.74496205928248,1.11721189551984));
#9402=CARTESIAN_POINT('Ctrl Pts',(-0.219655657988595,1.74040776555938,1.12300229286661));
#9403=CARTESIAN_POINT('Ctrl Pts',(-0.214338142497316,1.73964553400268,1.12375064682786));
#9404=CARTESIAN_POINT('Ctrl Pts',(-0.211465115721264,1.73901671323595,1.12364170154295));
#9405=CARTESIAN_POINT('Ctrl Pts',(-0.234887955657052,1.74118246117289,1.11450409949686));
#9406=CARTESIAN_POINT('Ctrl Pts',(-0.233104616461324,1.74034233487442,1.11674401253737));
#9407=CARTESIAN_POINT('Ctrl Pts',(-0.22898081008083,1.73852504617232,1.1209074756539));
#9408=CARTESIAN_POINT('Ctrl Pts',(-0.221029040936457,1.73643659399821,1.12510602147462));
#9409=CARTESIAN_POINT('Ctrl Pts',(-0.215294891353476,1.73624318559178,1.12544830176998));
#9410=CARTESIAN_POINT('Ctrl Pts',(-0.212261218126886,1.73580009680037,1.12523917571736));
#9411=CARTESIAN_POINT('Ctrl Pts',(-0.235855259957932,1.73281717597596,1.11880586196279));
#9412=CARTESIAN_POINT('Ctrl Pts',(-0.233922578530218,1.73285476391462,1.12065966252614));
#9413=CARTESIAN_POINT('Ctrl Pts',(-0.229490868371972,1.73285656824756,1.12394174100077));
#9414=CARTESIAN_POINT('Ctrl Pts',(-0.221493438188609,1.73303046674505,1.12675351882671));
#9415=CARTESIAN_POINT('Ctrl Pts',(-0.21558193536653,1.73292475217915,1.12701775182207));
#9416=CARTESIAN_POINT('Ctrl Pts',(-0.212602332964671,1.73263593489026,1.12674885866867));
#9417=CARTESIAN_POINT('Ctrl Pts',(-0.235771861285807,1.72880967825071,1.12058930526467));
#9418=CARTESIAN_POINT('Ctrl Pts',(-0.233750337952097,1.72934507442741,1.12231303191465));
#9419=CARTESIAN_POINT('Ctrl Pts',(-0.229173956353699,1.73023851806021,1.12526683755818));
#9420=CARTESIAN_POINT('Ctrl Pts',(-0.221160253087946,1.73095981647097,1.12775379528955));
#9421=CARTESIAN_POINT('Ctrl Pts',(-0.215448847578516,1.73093883380932,1.12791727510181));
#9422=CARTESIAN_POINT('Ctrl Pts',(-0.212616891276825,1.7307414890927,1.12762694130248));
#9423=CARTESIAN_POINT('Ctrl Pts',(-0.235773910388055,1.72678382309009,1.1215241960406));
#9424=CARTESIAN_POINT('Ctrl Pts',(-0.233695243018621,1.72755624537556,1.12319442061721));
#9425=CARTESIAN_POINT('Ctrl Pts',(-0.229015685183215,1.72885325580219,1.12599897290868));
#9426=CARTESIAN_POINT('Ctrl Pts',(-0.220983350190902,1.72990186339739,1.12826639865452));
#9427=CARTESIAN_POINT('Ctrl Pts',(-0.215376738968081,1.72994769474844,1.12836550072645));
#9428=CARTESIAN_POINT('Ctrl Pts',(-0.212621050709176,1.72980638932184,1.12805995309953));
#9429=CARTESIAN_POINT('',(-0.212621050709176,1.72980638932184,1.12805995309953));
#9430=CARTESIAN_POINT('Origin',(-0.216201575487617,1.71750359275216,1.10145736332655));
#9431=CARTESIAN_POINT('Ctrl Pts',(-0.212621050709176,1.72980638932184,1.12805995309953));
#9432=CARTESIAN_POINT('Ctrl Pts',(-0.212617874385376,1.73052047225603,1.1277292864218));
#9433=CARTESIAN_POINT('Ctrl Pts',(-0.212613695613975,1.73123857491467,1.12739662153191));
#9434=CARTESIAN_POINT('Ctrl Pts',(-0.212584114647669,1.73198699444362,1.12704648804748));
#9435=CARTESIAN_POINT('Ctrl Pts',(-0.212547733851777,1.7329074545071,1.1266158687533));
#9436=CARTESIAN_POINT('Ctrl Pts',(-0.212473003419818,1.73387272729332,1.12615932988048));
#9437=CARTESIAN_POINT('Ctrl Pts',(-0.212335249618223,1.73486323489963,1.12568240427334));
#9438=CARTESIAN_POINT('Ctrl Pts',(-0.212175040708563,1.73601520415042,1.12512773550469));
#9439=CARTESIAN_POINT('Ctrl Pts',(-0.211930868366069,1.7371944857798,1.12454884443093));
#9440=CARTESIAN_POINT('Ctrl Pts',(-0.211578527813872,1.73834980649514,1.12396538418402));
#9441=CARTESIAN_POINT('Ctrl Pts',(-0.211249004388192,1.73943031010877,1.12341970808141));
#9442=CARTESIAN_POINT('Ctrl Pts',(-0.210823304962815,1.7404916543195,1.12286900223917));
#9443=CARTESIAN_POINT('Ctrl Pts',(-0.210283393301794,1.74154544385645,1.12230410997537));
#9444=CARTESIAN_POINT('Ctrl Pts',(-0.209688100745285,1.74270732479506,1.12168127445589));
#9445=CARTESIAN_POINT('Ctrl Pts',(-0.208955121274298,1.74386049436211,1.12104105515544));
#9446=CARTESIAN_POINT('Ctrl Pts',(-0.208111700375692,1.74495832687854,1.12040666051817));
#9447=CARTESIAN_POINT('Ctrl Pts',(-0.207320178583316,1.74598860531077,1.1198113027541));
#9448=CARTESIAN_POINT('Ctrl Pts',(-0.206434800349592,1.74696547595071,1.11922372214929));
#9449=CARTESIAN_POINT('Ctrl Pts',(-0.205476948914415,1.74785119444559,1.11866286434114));
#9450=CARTESIAN_POINT('Ctrl Pts',(-0.109339757658595,1.7579546173536,0.400245509875634));
#9451=CARTESIAN_POINT('Ctrl Pts',(-0.112791863458678,1.76136835323777,0.401660957045411));
#9452=CARTESIAN_POINT('Ctrl Pts',(-0.119560690254697,1.76697603673199,0.404455844209286));
#9453=CARTESIAN_POINT('Ctrl Pts',(-0.132723068937902,1.77472600409392,0.410454180787036));
#9454=CARTESIAN_POINT('Ctrl Pts',(-0.142448145461593,1.77729049308944,0.41457767940659));
#9455=CARTESIAN_POINT('Ctrl Pts',(-0.146804110879434,1.77729049308944,0.416374049321176));
#9456=CARTESIAN_POINT('Ctrl Pts',(-0.110943266703943,1.75903076829648,0.399309076080098));
#9457=CARTESIAN_POINT('Ctrl Pts',(-0.114342565024016,1.76224673594912,0.400670687512207));
#9458=CARTESIAN_POINT('Ctrl Pts',(-0.121030184577032,1.76757876986065,0.40338865720221));
#9459=CARTESIAN_POINT('Ctrl Pts',(-0.134045407641555,1.7749866325254,0.409225273930613));
#9460=CARTESIAN_POINT('Ctrl Pts',(-0.143293414019606,1.77729049308944,0.413234533844158));
#9461=CARTESIAN_POINT('Ctrl Pts',(-0.147434336575244,1.77729049308944,0.415050401890515));
#9462=CARTESIAN_POINT('Ctrl Pts',(-0.114476719244551,1.76110774589506,0.39741406285375));
#9463=CARTESIAN_POINT('Ctrl Pts',(-0.117767466294724,1.76396584588359,0.398684349875757));
#9464=CARTESIAN_POINT('Ctrl Pts',(-0.124280092538253,1.7687882331293,0.401282343027833));
#9465=CARTESIAN_POINT('Ctrl Pts',(-0.136930952463689,1.7755137450231,0.406817333812551));
#9466=CARTESIAN_POINT('Ctrl Pts',(-0.145167529575513,1.77729049308944,0.410627441811222));
#9467=CARTESIAN_POINT('Ctrl Pts',(-0.148904580491977,1.77729049308944,0.412490105981654));
#9468=CARTESIAN_POINT('Ctrl Pts',(-0.121074906655674,1.76409100305385,0.394391442551393));
#9469=CARTESIAN_POINT('Ctrl Pts',(-0.124149372354068,1.76648369137868,0.395586231882055));
#9470=CARTESIAN_POINT('Ctrl Pts',(-0.130387239654611,1.77067722630215,0.398116981988379));
#9471=CARTESIAN_POINT('Ctrl Pts',(-0.141899797318505,1.77621141054162,0.403358018834968));
#9472=CARTESIAN_POINT('Ctrl Pts',(-0.14844178774906,1.77729049308944,0.407129932784492));
#9473=CARTESIAN_POINT('Ctrl Pts',(-0.151578907664829,1.77729049308944,0.409135397353969));
#9474=CARTESIAN_POINT('Ctrl Pts',(-0.129386600753049,1.76698249571755,0.39110591917437));
#9475=CARTESIAN_POINT('Ctrl Pts',(-0.132164349491273,1.76897929732254,0.39231279313103));
#9476=CARTESIAN_POINT('Ctrl Pts',(-0.137869384950818,1.77256882895444,0.394957667066056));
#9477=CARTESIAN_POINT('Ctrl Pts',(-0.147189401176261,1.77666295029933,0.40024651648753));
#9478=CARTESIAN_POINT('Ctrl Pts',(-0.152029409591874,1.77729049308944,0.404294781471541));
#9479=CARTESIAN_POINT('Ctrl Pts',(-0.154553920468167,1.77729049308944,0.406490831191154));
#9480=CARTESIAN_POINT('Ctrl Pts',(-0.13980307173292,1.76967934543646,0.387497545799478));
#9481=CARTESIAN_POINT('Ctrl Pts',(-0.141957880465552,1.77126373303813,0.388863401877356));
#9482=CARTESIAN_POINT('Ctrl Pts',(-0.14630272754758,1.77405895220484,0.391888467514034));
#9483=CARTESIAN_POINT('Ctrl Pts',(-0.152449946657006,1.77677632761769,0.3976477672385));
#9484=CARTESIAN_POINT('Ctrl Pts',(-0.155938854564117,1.77729049308944,0.402101426766996));
#9485=CARTESIAN_POINT('Ctrl Pts',(-0.15785289900771,1.77729049308944,0.404452969020752));
#9486=CARTESIAN_POINT('Ctrl Pts',(-0.150537475912382,1.77117204129303,0.384019735215183));
#9487=CARTESIAN_POINT('Ctrl Pts',(-0.151689514186729,1.77240868820694,0.385690906503284));
#9488=CARTESIAN_POINT('Ctrl Pts',(-0.154042640487904,1.7745974091418,0.38935336233883));
#9489=CARTESIAN_POINT('Ctrl Pts',(-0.157361907867087,1.77673160146226,0.395836839347134));
#9490=CARTESIAN_POINT('Ctrl Pts',(-0.159961245312867,1.77729049308944,0.400547934722976));
#9491=CARTESIAN_POINT('Ctrl Pts',(-0.161266820293332,1.77729049308944,0.402971853773661));
#9492=CARTESIAN_POINT('Ctrl Pts',(-0.155732355051288,1.77105513324731,0.38242222754576));
#9493=CARTESIAN_POINT('Ctrl Pts',(-0.156503080522686,1.77236553895285,0.38432260885617));
#9494=CARTESIAN_POINT('Ctrl Pts',(-0.158089024258811,1.77463335476507,0.388404895944056));
#9495=CARTESIAN_POINT('Ctrl Pts',(-0.160676477242659,1.77678798615954,0.395150718345744));
#9496=CARTESIAN_POINT('Ctrl Pts',(-0.16252153922019,1.77729049308944,0.399903080256816));
#9497=CARTESIAN_POINT('Ctrl Pts',(-0.163440078543227,1.77729049308944,0.402305083941703));
#9498=CARTESIAN_POINT('Ctrl Pts',(-0.158366604050585,1.77105513324731,0.381626076284666));
#9499=CARTESIAN_POINT('Ctrl Pts',(-0.158974273530782,1.77240297911586,0.383636690094301));
#9500=CARTESIAN_POINT('Ctrl Pts',(-0.160263976059024,1.77469798669139,0.387903966628843));
#9501=CARTESIAN_POINT('Ctrl Pts',(-0.162351931485502,1.77681444918177,0.394812445911061));
#9502=CARTESIAN_POINT('Ctrl Pts',(-0.163795956584232,1.77729049308944,0.399590334055161));
#9503=CARTESIAN_POINT('Ctrl Pts',(-0.164517978562357,1.77729049308944,0.401979309324424));
#9504=CARTESIAN_POINT('',(-0.164517978562357,1.77729049308944,0.401979309324424));
#9505=CARTESIAN_POINT('Origin',(-0.164517978562357,1.73792041434928,0.401979309324424));
#9506=CARTESIAN_POINT('Ctrl Pts',(-0.164517978562357,1.77729049308944,0.401979309324424));
#9507=CARTESIAN_POINT('Ctrl Pts',(-0.163653754151069,1.77729049308944,0.402240504585426));
#9508=CARTESIAN_POINT('Ctrl Pts',(-0.162786062494988,1.77729049308944,0.40250475373089));
#9509=CARTESIAN_POINT('Ctrl Pts',(-0.161900567268534,1.77729049308944,0.402814272097023));
#9510=CARTESIAN_POINT('Ctrl Pts',(-0.160814843185821,1.77729049308944,0.403193778992275));
#9511=CARTESIAN_POINT('Ctrl Pts',(-0.159703457467408,1.77729049308944,0.403640859298921));
#9512=CARTESIAN_POINT('Ctrl Pts',(-0.158597024742644,1.77729049308944,0.404179372100137));
#9513=CARTESIAN_POINT('Ctrl Pts',(-0.157310077897425,1.77729049308944,0.404805743080608));
#9514=CARTESIAN_POINT('Ctrl Pts',(-0.156036133943132,1.77729049308944,0.405551581849109));
#9515=CARTESIAN_POINT('Ctrl Pts',(-0.154833436768432,1.77729049308944,0.40642588771447));
#9516=CARTESIAN_POINT('Ctrl Pts',(-0.153763545623963,1.77729049308944,0.40720364966701));
#9517=CARTESIAN_POINT('Ctrl Pts',(-0.152747618323028,1.77729049308944,0.408085885898747));
#9518=CARTESIAN_POINT('Ctrl Pts',(-0.151783608000485,1.77729049308944,0.409091062022423));
#9519=CARTESIAN_POINT('Ctrl Pts',(-0.150636028830644,1.77729049308944,0.410287645870726));
#9520=CARTESIAN_POINT('Ctrl Pts',(-0.149561800028292,1.77729049308944,0.411657274037645));
#9521=CARTESIAN_POINT('Ctrl Pts',(-0.148606924779551,1.77729049308944,0.413139617212998));
#9522=CARTESIAN_POINT('Ctrl Pts',(-0.147941635487198,1.77729049308944,0.414172408714776));
#9523=CARTESIAN_POINT('Ctrl Pts',(-0.147335804160415,1.77729049308944,0.415257347082677));
#9524=CARTESIAN_POINT('Ctrl Pts',(-0.146804110879434,1.77729049308944,0.416374049321176));
#9525=CARTESIAN_POINT('Origin',(-0.304784252652972,1.75760545371936,0.735817506440042));
#9526=CARTESIAN_POINT('',(-0.304784252652972,1.77729049308944,0.67808124905397));
#9527=CARTESIAN_POINT('',(-0.304784252652972,1.77729049308944,0.735817506440042));
#9528=CARTESIAN_POINT('',(-0.285099213282893,1.75760545371936,0.689641506023744));
#9529=CARTESIAN_POINT('Ctrl Pts',(-0.304784252652972,1.77729049308944,0.67808124905397));
#9530=CARTESIAN_POINT('Ctrl Pts',(-0.304742526325754,1.77729049308944,0.678103300116308));
#9531=CARTESIAN_POINT('Ctrl Pts',(-0.304700805237498,1.77729036041865,0.678125361043135));
#9532=CARTESIAN_POINT('Ctrl Pts',(-0.302975651623921,1.77727939121911,0.679038097172588));
#9533=CARTESIAN_POINT('Ctrl Pts',(-0.301303042798594,1.77705279944686,0.679943997929355));
#9534=CARTESIAN_POINT('Ctrl Pts',(-0.298070085065599,1.7761851703434,0.681738370715224));
#9535=CARTESIAN_POINT('Ctrl Pts',(-0.296510182127436,1.77554678813724,0.682626403986924));
#9536=CARTESIAN_POINT('Ctrl Pts',(-0.292879528346863,1.77347922201216,0.684743081991244));
#9537=CARTESIAN_POINT('Ctrl Pts',(-0.290920541316443,1.7718197388215,0.685932971196024));
#9538=CARTESIAN_POINT('Ctrl Pts',(-0.28795554894259,1.76805164592117,0.687783703810584));
#9539=CARTESIAN_POINT('Ctrl Pts',(-0.286861964971236,1.76606686178954,0.688488642710575));
#9540=CARTESIAN_POINT('Ctrl Pts',(-0.28545324131966,1.76188102274179,0.689406086764054));
#9541=CARTESIAN_POINT('Ctrl Pts',(-0.285099213282893,1.75976350232153,0.689641506023744));
#9542=CARTESIAN_POINT('Ctrl Pts',(-0.285099213282893,1.75760545371936,0.689641506023744));
#9543=CARTESIAN_POINT('',(-0.285099213282893,1.75760545371936,0.735817506440042));
#9544=CARTESIAN_POINT('Ctrl Pts',(-0.265415313340167,1.31065362183373,1.31054026996686));
#9545=CARTESIAN_POINT('Ctrl Pts',(-0.265415329102232,1.31083098098368,1.30907829444932));
#9546=CARTESIAN_POINT('Ctrl Pts',(-0.265415296079169,1.3108290028037,1.3059645330943));
#9547=CARTESIAN_POINT('Ctrl Pts',(-0.265415495066975,1.30966086148014,1.30037990002622));
#9548=CARTESIAN_POINT('Ctrl Pts',(-0.265416987515649,1.30687960515925,1.29103366228473));
#9549=CARTESIAN_POINT('Ctrl Pts',(-0.265418046730871,1.30484954820755,1.28186752265501));
#9550=CARTESIAN_POINT('Ctrl Pts',(-0.265418046730871,1.30484954820755,1.27487530353346));
#9551=CARTESIAN_POINT('Ctrl Pts',(-0.264649387661369,1.31074136940462,1.30981670578652));
#9552=CARTESIAN_POINT('Ctrl Pts',(-0.264732784478389,1.3108510444719,1.30839004638273));
#9553=CARTESIAN_POINT('Ctrl Pts',(-0.264848972830775,1.31074720770451,1.30532381063937));
#9554=CARTESIAN_POINT('Ctrl Pts',(-0.264872034457779,1.30948017411623,1.29979269066376));
#9555=CARTESIAN_POINT('Ctrl Pts',(-0.264934550359011,1.30672411398678,1.29044796638621));
#9556=CARTESIAN_POINT('Ctrl Pts',(-0.264530817747735,1.30484954820755,1.28157777113));
#9557=CARTESIAN_POINT('Ctrl Pts',(-0.264710404724895,1.30484954820755,1.27487268444243));
#9558=CARTESIAN_POINT('Ctrl Pts',(-0.263274507868098,1.31087077036665,1.30831938206054));
#9559=CARTESIAN_POINT('Ctrl Pts',(-0.263459518997627,1.31085908430826,1.30694913639675));
#9560=CARTESIAN_POINT('Ctrl Pts',(-0.263728556117475,1.31056182593364,1.30396585980438));
#9561=CARTESIAN_POINT('Ctrl Pts',(-0.263747600256253,1.30910472512138,1.29849605892475));
#9562=CARTESIAN_POINT('Ctrl Pts',(-0.263867896055068,1.30643677878877,1.28924660532198));
#9563=CARTESIAN_POINT('Ctrl Pts',(-0.26278677552016,1.30484954820755,1.28082358536372));
#9564=CARTESIAN_POINT('Ctrl Pts',(-0.26329200298238,1.30484954820755,1.27478724004734));
#9565=CARTESIAN_POINT('Ctrl Pts',(-0.261398478959962,1.31092259042737,1.30576168085389));
#9566=CARTESIAN_POINT('Ctrl Pts',(-0.261624824129637,1.3107510719522,1.30444628161683));
#9567=CARTESIAN_POINT('Ctrl Pts',(-0.261943133271187,1.3101829666176,1.3015597600932));
#9568=CARTESIAN_POINT('Ctrl Pts',(-0.261889327052029,1.30848910205829,1.29608342713625));
#9569=CARTESIAN_POINT('Ctrl Pts',(-0.261802036683959,1.30609116990401,1.28721031852802));
#9570=CARTESIAN_POINT('Ctrl Pts',(-0.26049676653898,1.30484954820755,1.27934517361941));
#9571=CARTESIAN_POINT('Ctrl Pts',(-0.261369015490503,1.30484954820755,1.27440053985901));
#9572=CARTESIAN_POINT('Ctrl Pts',(-0.259456873621619,1.3107927661171,1.30266925132172));
#9573=CARTESIAN_POINT('Ctrl Pts',(-0.259648863971069,1.31047334724888,1.30138444467496));
#9574=CARTESIAN_POINT('Ctrl Pts',(-0.259875824302473,1.30965316007492,1.29855084524726));
#9575=CARTESIAN_POINT('Ctrl Pts',(-0.259728817340819,1.30783296487819,1.29305980418488));
#9576=CARTESIAN_POINT('Ctrl Pts',(-0.259267005370309,1.30583790589536,1.2846945568896));
#9577=CARTESIAN_POINT('Ctrl Pts',(-0.258642852938211,1.30484954820755,1.27766855716824));
#9578=CARTESIAN_POINT('Ctrl Pts',(-0.259762623544667,1.30484954820755,1.27370531445443));
#9579=CARTESIAN_POINT('Ctrl Pts',(-0.257120767158546,1.31039212066841,1.29860254279911));
#9580=CARTESIAN_POINT('Ctrl Pts',(-0.257239868110573,1.30994373559814,1.29734467104789));
#9581=CARTESIAN_POINT('Ctrl Pts',(-0.257299841792139,1.30892499993155,1.29454868367085));
#9582=CARTESIAN_POINT('Ctrl Pts',(-0.257069442326524,1.30719131281708,1.28915554713164));
#9583=CARTESIAN_POINT('Ctrl Pts',(-0.256621047413332,1.30566104423608,1.28152833529753));
#9584=CARTESIAN_POINT('Ctrl Pts',(-0.25720143846689,1.30484954820755,1.27569067974484));
#9585=CARTESIAN_POINT('Ctrl Pts',(-0.258545865076976,1.30484954820755,1.27270760990985));
#9586=CARTESIAN_POINT('Ctrl Pts',(-0.25400539859341,1.30958980442053,1.29286918889177));
#9587=CARTESIAN_POINT('Ctrl Pts',(-0.254008886246874,1.30905948056706,1.29159436582176));
#9588=CARTESIAN_POINT('Ctrl Pts',(-0.253918415083597,1.30802428800188,1.28879930990679));
#9589=CARTESIAN_POINT('Ctrl Pts',(-0.254000969776317,1.30666787788586,1.28378476117635));
#9590=CARTESIAN_POINT('Ctrl Pts',(-0.254619170686299,1.30549849182615,1.27756527362691));
#9591=CARTESIAN_POINT('Ctrl Pts',(-0.256320866182814,1.30484954820755,1.27355037284918));
#9592=CARTESIAN_POINT('Ctrl Pts',(-0.257817606717169,1.30484954820755,1.2715319062702));
#9593=CARTESIAN_POINT('Ctrl Pts',(-0.249787745146678,1.30837962101703,1.28318473994075));
#9594=CARTESIAN_POINT('Ctrl Pts',(-0.249996703223162,1.30799999403122,1.28222061428197));
#9595=CARTESIAN_POINT('Ctrl Pts',(-0.25054818402352,1.30731236505167,1.28029270354668));
#9596=CARTESIAN_POINT('Ctrl Pts',(-0.25187154360568,1.30629059744358,1.27693852310511));
#9597=CARTESIAN_POINT('Ctrl Pts',(-0.254022865609435,1.30527109960734,1.2735363034935));
#9598=CARTESIAN_POINT('Ctrl Pts',(-0.256207751169345,1.30484954820755,1.27119959749526));
#9599=CARTESIAN_POINT('Ctrl Pts',(-0.257541887235999,1.30484954820755,1.27005335887791));
#9600=CARTESIAN_POINT('Ctrl Pts',(-0.249188503268879,1.30830891693369,1.27480619486274));
#9601=CARTESIAN_POINT('Ctrl Pts',(-0.249589404002471,1.3079080162001,1.27431446230514));
#9602=CARTESIAN_POINT('Ctrl Pts',(-0.250515666966909,1.30708213197671,1.2731881487902));
#9603=CARTESIAN_POINT('Ctrl Pts',(-0.252367782125788,1.30593647045266,1.27151943681135));
#9604=CARTESIAN_POINT('Ctrl Pts',(-0.254707938553738,1.30508311463197,1.27003786821748));
#9605=CARTESIAN_POINT('Ctrl Pts',(-0.256561058042628,1.30484954820755,1.26917561576301));
#9606=CARTESIAN_POINT('Ctrl Pts',(-0.257540158164783,1.30484954820755,1.26879379000442));
#9607=CARTESIAN_POINT('Ctrl Pts',(-0.249188503268879,1.30830891693369,1.26815374501004));
#9608=CARTESIAN_POINT('Ctrl Pts',(-0.249735117803593,1.30776230239897,1.26815374501004));
#9609=CARTESIAN_POINT('Ctrl Pts',(-0.250936004165567,1.3067767618101,1.26815374501004));
#9610=CARTESIAN_POINT('Ctrl Pts',(-0.252991138828416,1.30567826765224,1.26815374501004));
#9611=CARTESIAN_POINT('Ctrl Pts',(-0.255221091152883,1.305001820664,1.26815374501004));
#9612=CARTESIAN_POINT('Ctrl Pts',(-0.256767128476399,1.30484954820755,1.26815374501004));
#9613=CARTESIAN_POINT('Ctrl Pts',(-0.257540158164783,1.30484954820755,1.26815374501004));
#9614=CARTESIAN_POINT('Origin',(-0.257540158164783,1.31666057182959,1.26815374501004));
#9615=CARTESIAN_POINT('Origin',(-0.265414173912814,1.29625700144703,0.735817506440042));
#9616=CARTESIAN_POINT('Origin',(-0.265414173912814,1.31266073020661,0.735817506440042));
#9617=CARTESIAN_POINT('Ctrl Pts',(-0.213778234671223,1.34542842929111,1.30543441562719));
#9618=CARTESIAN_POINT('Ctrl Pts',(-0.213517079453702,1.47359860061468,1.24642520739358));
#9619=CARTESIAN_POINT('Ctrl Pts',(-0.213190678034105,1.60174603489569,1.18736019669837));
#9620=CARTESIAN_POINT('Ctrl Pts',(-0.212621050709176,1.72980638932184,1.12805995309953));
#9621=CARTESIAN_POINT('Ctrl Pts',(-0.218410920283128,1.34558791845782,1.30578097099907));
#9622=CARTESIAN_POINT('Ctrl Pts',(-0.218171240134668,1.47377630229818,1.24681102528846));
#9623=CARTESIAN_POINT('Ctrl Pts',(-0.217871721432434,1.60194625592913,1.18779466506682));
#9624=CARTESIAN_POINT('Ctrl Pts',(-0.217345087724442,1.730048627196,1.1285837490314));
#9625=CARTESIAN_POINT('Ctrl Pts',(-0.227839564731097,1.34497227083845,1.3044432250313));
#9626=CARTESIAN_POINT('Ctrl Pts',(-0.227664461917278,1.47318670506575,1.24553106946775));
#9627=CARTESIAN_POINT('Ctrl Pts',(-0.227444487698423,1.60138916612147,1.18658696404167));
#9628=CARTESIAN_POINT('Ctrl Pts',(-0.227055434191993,1.72955224318933,1.12751040769597));
#9629=CARTESIAN_POINT('Ctrl Pts',(-0.241421847534719,1.34087683773032,1.29554422346889));
#9630=CARTESIAN_POINT('Ctrl Pts',(-0.24137359743756,1.46909384125719,1.23664553387044));
#9631=CARTESIAN_POINT('Ctrl Pts',(-0.241313456512294,1.59729969356046,1.17771876098093));
#9632=CARTESIAN_POINT('Ctrl Pts',(-0.241204855350932,1.72546935864225,1.11868190256049));
#9633=CARTESIAN_POINT('Ctrl Pts',(-0.245729134542736,1.33604061217274,1.28503554766908));
#9634=CARTESIAN_POINT('Ctrl Pts',(-0.245729991911111,1.4642286898815,1.22608330428228));
#9635=CARTESIAN_POINT('Ctrl Pts',(-0.245727122225146,1.59239790216383,1.16708857465114));
#9636=CARTESIAN_POINT('Ctrl Pts',(-0.245729134542735,1.7205000919711,1.10793675514815));
#9637=CARTESIAN_POINT('Ctrl Pts',(-0.245729134542736,1.33312563272143,1.27870156393482));
#9638=CARTESIAN_POINT('Ctrl Pts',(-0.245729134542736,1.461295804045,1.21971602949798));
#9639=CARTESIAN_POINT('Ctrl Pts',(-0.245729134542735,1.58944323832601,1.16068093902317));
#9640=CARTESIAN_POINT('Ctrl Pts',(-0.245729134542735,1.71750359275216,1.10145736332655));
#9641=CARTESIAN_POINT('Ctrl Pts',(-0.245729134542735,1.71750359275216,1.10145736332655));
#9642=CARTESIAN_POINT('Ctrl Pts',(-0.245729134542735,1.58944323832601,1.16068093902317));
#9643=CARTESIAN_POINT('Ctrl Pts',(-0.245729134542736,1.461295804045,1.21971602949798));
#9644=CARTESIAN_POINT('Ctrl Pts',(-0.245729134542736,1.33312563272143,1.27870156393482));
#9645=CARTESIAN_POINT('Ctrl Pts',(-0.213778234671223,1.34542842929111,1.30543441562719));
#9646=CARTESIAN_POINT('Ctrl Pts',(-0.213517079453702,1.47359860061468,1.24642520739358));
#9647=CARTESIAN_POINT('Ctrl Pts',(-0.213190678034105,1.60174603489569,1.18736019669837));
#9648=CARTESIAN_POINT('Ctrl Pts',(-0.212621050709176,1.72980638932184,1.12805995309953));
#9649=CARTESIAN_POINT('Origin',(-0.257540158164783,1.31666057182959,0.735817506440042));
#9650=CARTESIAN_POINT('',(-0.245729134542736,1.31666057182959,0.781993506856341));
#9651=CARTESIAN_POINT('Ctrl Pts',(-0.245729134542736,1.31666057182959,0.781993506856341));
#9652=CARTESIAN_POINT('Ctrl Pts',(-0.245729134542736,1.31516883820468,0.781993506856341));
#9653=CARTESIAN_POINT('Ctrl Pts',(-0.246029016089338,1.31358906657891,0.78212467807713));
#9654=CARTESIAN_POINT('Ctrl Pts',(-0.247223330058639,1.31070208074839,0.782606732454592));
#9655=CARTESIAN_POINT('Ctrl Pts',(-0.248117008794883,1.30939367594678,0.782952337036186));
#9656=CARTESIAN_POINT('Ctrl Pts',(-0.250182663724049,1.30730180505818,0.783660469540115));
#9657=CARTESIAN_POINT('Ctrl Pts',(-0.251507616961529,1.30638347833644,0.784073128939242));
#9658=CARTESIAN_POINT('Ctrl Pts',(-0.254429171298705,1.30515700852715,0.784820844557296));
#9659=CARTESIAN_POINT('Ctrl Pts',(-0.256026904747664,1.30484954820755,0.78515259203209));
#9660=CARTESIAN_POINT('Ctrl Pts',(-0.257540158164783,1.30484954820755,0.785392940532416));
#9661=CARTESIAN_POINT('',(-0.245729134542736,1.31666057182959,0.735817506440042));
#9662=CARTESIAN_POINT('Origin',(-0.273288189660846,1.31666057182959,0.735817506440042));
#9663=CARTESIAN_POINT('',(-0.285099213282893,1.31666057182959,0.781993506856341));
#9664=CARTESIAN_POINT('Ctrl Pts',(-0.273288189660846,1.30484954820755,0.785392940532416));
#9665=CARTESIAN_POINT('Ctrl Pts',(-0.274801443077965,1.30484954820755,0.78515259203209));
#9666=CARTESIAN_POINT('Ctrl Pts',(-0.276399176526924,1.30515700852715,0.784820844557296));
#9667=CARTESIAN_POINT('Ctrl Pts',(-0.2793207308641,1.30638347833644,0.784073128939242));
#9668=CARTESIAN_POINT('Ctrl Pts',(-0.28064568410158,1.30730180505818,0.783660469540115));
#9669=CARTESIAN_POINT('Ctrl Pts',(-0.282711339030746,1.30939367594678,0.782952337036186));
#9670=CARTESIAN_POINT('Ctrl Pts',(-0.283605017766989,1.31070208074839,0.782606732454592));
#9671=CARTESIAN_POINT('Ctrl Pts',(-0.28479933173629,1.31358906657891,0.78212467807713));
#9672=CARTESIAN_POINT('Ctrl Pts',(-0.285099213282893,1.31516883820468,0.781993506856341));
#9673=CARTESIAN_POINT('Ctrl Pts',(-0.285099213282893,1.31666057182959,0.781993506856341));
#9674=CARTESIAN_POINT('',(-0.285099213282893,1.31666057182959,0.735817506440042));
#9675=CARTESIAN_POINT('Ctrl Pts',(-0.42147508499638,1.75794779361357,0.40020789194965));
#9676=CARTESIAN_POINT('Ctrl Pts',(-0.418018344746986,1.76136065133963,0.401628718939428));
#9677=CARTESIAN_POINT('Ctrl Pts',(-0.411259990086753,1.76697612555046,0.404467710360525));
#9678=CARTESIAN_POINT('Ctrl Pts',(-0.398071791015088,1.77472743131952,0.410399873340597));
#9679=CARTESIAN_POINT('Ctrl Pts',(-0.388351853659096,1.77729049308944,0.414533008007565));
#9680=CARTESIAN_POINT('Ctrl Pts',(-0.383995888082236,1.77729049308944,0.416329377986764));
#9681=CARTESIAN_POINT('Ctrl Pts',(-0.421324634994729,1.75869917700436,0.402185323697247));
#9682=CARTESIAN_POINT('Ctrl Pts',(-0.418023313700735,1.76189955776517,0.403591566536296));
#9683=CARTESIAN_POINT('Ctrl Pts',(-0.411501790204692,1.76726657821063,0.406426236563961));
#9684=CARTESIAN_POINT('Ctrl Pts',(-0.398566323837006,1.77483155684134,0.412369145385888));
#9685=CARTESIAN_POINT('Ctrl Pts',(-0.389063596703526,1.77729049308944,0.41627865084456));
#9686=CARTESIAN_POINT('Ctrl Pts',(-0.384739260839304,1.77729049308944,0.417932695088961));
#9687=CARTESIAN_POINT('Ctrl Pts',(-0.420839004051108,1.76010244545718,0.406423321671283));
#9688=CARTESIAN_POINT('Ctrl Pts',(-0.417800083542346,1.76296171094819,0.407828999097153));
#9689=CARTESIAN_POINT('Ctrl Pts',(-0.411729168647781,1.76789038678237,0.410619147535637));
#9690=CARTESIAN_POINT('Ctrl Pts',(-0.399222135280556,1.77512782040781,0.416596423477416));
#9691=CARTESIAN_POINT('Ctrl Pts',(-0.390239522696471,1.77729049308944,0.419988544922097));
#9692=CARTESIAN_POINT('Ctrl Pts',(-0.385973567926744,1.77729049308944,0.421375929568053));
#9693=CARTESIAN_POINT('Ctrl Pts',(-0.419526039284106,1.76209596368386,0.414223332297207));
#9694=CARTESIAN_POINT('Ctrl Pts',(-0.416847857508402,1.76457936977003,0.415502520444673));
#9695=CARTESIAN_POINT('Ctrl Pts',(-0.411246373068487,1.76907625951652,0.418113916332981));
#9696=CARTESIAN_POINT('Ctrl Pts',(-0.399304111931417,1.77575866655723,0.423641289671418));
#9697=CARTESIAN_POINT('Ctrl Pts',(-0.391149321914381,1.77729049308944,0.425699923026136));
#9698=CARTESIAN_POINT('Ctrl Pts',(-0.386951429786574,1.77729049308944,0.42657743810953));
#9699=CARTESIAN_POINT('Ctrl Pts',(-0.417671376577462,1.764001648718,0.423934452327819));
#9700=CARTESIAN_POINT('Ctrl Pts',(-0.415203532841905,1.76629005304265,0.424996174093883));
#9701=CARTESIAN_POINT('Ctrl Pts',(-0.409660008327187,1.7706889396642,0.427369622622085));
#9702=CARTESIAN_POINT('Ctrl Pts',(-0.398633280404753,1.77626679610653,0.430741702050839));
#9703=CARTESIAN_POINT('Ctrl Pts',(-0.391071676220499,1.77729049308944,0.431287606369926));
#9704=CARTESIAN_POINT('Ctrl Pts',(-0.38699106467864,1.77729049308944,0.431615849922944));
#9705=CARTESIAN_POINT('Ctrl Pts',(-0.415030720884682,1.76569569135335,0.436442047249059));
#9706=CARTESIAN_POINT('Ctrl Pts',(-0.412670623411174,1.76792932610684,0.436760664770313));
#9707=CARTESIAN_POINT('Ctrl Pts',(-0.407266022063284,1.77208198590462,0.437322533445847));
#9708=CARTESIAN_POINT('Ctrl Pts',(-0.397473596522605,1.77626461053255,0.437214285359501));
#9709=CARTESIAN_POINT('Ctrl Pts',(-0.390153095140039,1.77729049308944,0.436748122046654));
#9710=CARTESIAN_POINT('Ctrl Pts',(-0.386353081556775,1.77729049308944,0.436509934799996));
#9711=CARTESIAN_POINT('Ctrl Pts',(-0.41342305794709,1.76575926400229,0.443061996226997));
#9712=CARTESIAN_POINT('Ctrl Pts',(-0.4110775868111,1.76810768200329,0.442800446279112));
#9713=CARTESIAN_POINT('Ctrl Pts',(-0.405744679018759,1.77226321170804,0.442158625066621));
#9714=CARTESIAN_POINT('Ctrl Pts',(-0.396236743289015,1.77632551463965,0.440859603144882));
#9715=CARTESIAN_POINT('Ctrl Pts',(-0.389288492858994,1.77729049308944,0.439777610456143));
#9716=CARTESIAN_POINT('Ctrl Pts',(-0.385777200994964,1.77729049308944,0.439220683276583));
#9717=CARTESIAN_POINT('Ctrl Pts',(-0.412721307425729,1.76575926400229,0.446351082643119));
#9718=CARTESIAN_POINT('Ctrl Pts',(-0.410345385259821,1.76818866193436,0.445844162359581));
#9719=CARTESIAN_POINT('Ctrl Pts',(-0.404968193716871,1.77240758042546,0.444696899414397));
#9720=CARTESIAN_POINT('Ctrl Pts',(-0.395575114147717,1.77638589173285,0.442692817535448));
#9721=CARTESIAN_POINT('Ctrl Pts',(-0.388855306264274,1.77729049308944,0.441259097623882));
#9722=CARTESIAN_POINT('Ctrl Pts',(-0.385495244914104,1.77729049308944,0.440542204083861));
#9723=CARTESIAN_POINT('',(-0.385495244914104,1.77729049308944,0.440542204083861));
#9724=CARTESIAN_POINT('Origin',(-0.385495244914104,1.73792041434928,0.440542204083861));
#9725=CARTESIAN_POINT('Ctrl Pts',(-0.385495244914104,1.77729049308944,0.440542204083861));
#9726=CARTESIAN_POINT('Ctrl Pts',(-0.38566502123586,1.77729049308944,0.439746466885714));
#9727=CARTESIAN_POINT('Ctrl Pts',(-0.385835588554278,1.77729049308944,0.43894620462239));
#9728=CARTESIAN_POINT('Ctrl Pts',(-0.386000438919098,1.77729049308944,0.438101600302964));
#9729=CARTESIAN_POINT('Ctrl Pts',(-0.386197050566103,1.77729049308944,0.437094268311362));
#9730=CARTESIAN_POINT('Ctrl Pts',(-0.386385293243498,1.77729049308944,0.436024654289174));
#9731=CARTESIAN_POINT('Ctrl Pts',(-0.386541989806619,1.77729049308944,0.434898994267205));
#9732=CARTESIAN_POINT('Ctrl Pts',(-0.386742713399853,1.77729049308944,0.433457057572052));
#9733=CARTESIAN_POINT('Ctrl Pts',(-0.386890076193559,1.77729049308944,0.431929702889232));
#9734=CARTESIAN_POINT('Ctrl Pts',(-0.386930738879268,1.77729049308944,0.430389191748146));
#9735=CARTESIAN_POINT('Ctrl Pts',(-0.386962521827321,1.77729049308944,0.429185090624035));
#9736=CARTESIAN_POINT('Ctrl Pts',(-0.386928588249263,1.77729049308944,0.427976170953746));
#9737=CARTESIAN_POINT('Ctrl Pts',(-0.386815104888788,1.77729049308944,0.426757559648985));
#9738=CARTESIAN_POINT('Ctrl Pts',(-0.386692642372367,1.77729049308944,0.42544252803293));
#9739=CARTESIAN_POINT('Ctrl Pts',(-0.386477946876687,1.77729049308944,0.424106105659602));
#9740=CARTESIAN_POINT('Ctrl Pts',(-0.386172186359587,1.77729049308944,0.422760228278812));
#9741=CARTESIAN_POINT('Ctrl Pts',(-0.385673777796962,1.77729049308944,0.420566364868354));
#9742=CARTESIAN_POINT('Ctrl Pts',(-0.384936117374407,1.77729049308944,0.418357278107923));
#9743=CARTESIAN_POINT('Ctrl Pts',(-0.383995888082236,1.77729049308944,0.416329377986764));
#9744=CARTESIAN_POINT('Origin',(-0.265414173912814,1.75760545371936,0.735817506440042));
#9745=CARTESIAN_POINT('',(-0.304784252652972,1.77729049308944,0.793553763826115));
#9746=CARTESIAN_POINT('Origin',(-0.265414173912814,1.77729049308944,0.735817506440042));
#9747=CARTESIAN_POINT('',(-0.285099213282893,1.75760545371936,0.781993506856341));
#9748=CARTESIAN_POINT('Ctrl Pts',(-0.304784252652972,1.77729049308944,0.793553763826115));
#9749=CARTESIAN_POINT('Ctrl Pts',(-0.304742526325752,1.77729049308944,0.793531712763776));
#9750=CARTESIAN_POINT('Ctrl Pts',(-0.304700805237499,1.77729036041865,0.793509651836951));
#9751=CARTESIAN_POINT('Ctrl Pts',(-0.302975651623912,1.77727939121911,0.792596915707492));
#9752=CARTESIAN_POINT('Ctrl Pts',(-0.301303042798585,1.77705279944685,0.791691014950725));
#9753=CARTESIAN_POINT('Ctrl Pts',(-0.298070085065599,1.7761851703434,0.789896642164861));
#9754=CARTESIAN_POINT('Ctrl Pts',(-0.296510182127436,1.77554678813724,0.789008608893161));
#9755=CARTESIAN_POINT('Ctrl Pts',(-0.292879528346863,1.77347922201216,0.786891930888841));
#9756=CARTESIAN_POINT('Ctrl Pts',(-0.290920541316443,1.7718197388215,0.785702041684061));
#9757=CARTESIAN_POINT('Ctrl Pts',(-0.28795554894259,1.76805164592117,0.783851309069501));
#9758=CARTESIAN_POINT('Ctrl Pts',(-0.286861964971236,1.76606686178954,0.78314637016951));
#9759=CARTESIAN_POINT('Ctrl Pts',(-0.28545324131966,1.76188102274179,0.782228926116031));
#9760=CARTESIAN_POINT('Ctrl Pts',(-0.285099213282893,1.75976350232153,0.781993506856341));
#9761=CARTESIAN_POINT('Ctrl Pts',(-0.285099213282893,1.75760545371936,0.781993506856341));
#9762=CARTESIAN_POINT('Origin',(-0.265414173912814,1.75760545371936,0.735817506440042));
#9763=CARTESIAN_POINT('Ctrl Pts',(-0.600986171454443,1.75795461536467,0.579743088991927));
#9764=CARTESIAN_POINT('Ctrl Pts',(-0.599570724132425,1.76136835175672,0.583195194894246));
#9765=CARTESIAN_POINT('Ctrl Pts',(-0.596775836759488,1.7669760359705,0.58996402182854));
#9766=CARTESIAN_POINT('Ctrl Pts',(-0.590777499809607,1.77472600400264,0.603126400936875));
#9767=CARTESIAN_POINT('Ctrl Pts',(-0.586654001010879,1.77729049308944,0.612851477829803));
#9768=CARTESIAN_POINT('Ctrl Pts',(-0.584857631031681,1.77729049308944,0.617207443406662));
#9769=CARTESIAN_POINT('Ctrl Pts',(-0.601922605182252,1.75903076643102,0.581346598049116));
#9770=CARTESIAN_POINT('Ctrl Pts',(-0.600560993605248,1.76224673455861,0.584745896466199));
#9771=CARTESIAN_POINT('Ctrl Pts',(-0.597843023716619,1.76757876914199,0.591433516148839));
#9772=CARTESIAN_POINT('Ctrl Pts',(-0.59200640663764,1.774986632445,0.60444873964561));
#9773=CARTESIAN_POINT('Ctrl Pts',(-0.587997146563612,1.77729049308944,0.613696746386115));
#9774=CARTESIAN_POINT('Ctrl Pts',(-0.586181278462342,1.77729049308944,0.617837669102472));
#9775=CARTESIAN_POINT('Ctrl Pts',(-0.603817618263609,1.76110774429452,0.584880050621578));
#9776=CARTESIAN_POINT('Ctrl Pts',(-0.60254733111284,1.76396584468995,0.588170797755214));
#9777=CARTESIAN_POINT('Ctrl Pts',(-0.599949337787392,1.768788232506,0.594683424115548));
#9778=CARTESIAN_POINT('Ctrl Pts',(-0.594414346695061,1.77551374496976,0.607334284489497));
#9779=CARTESIAN_POINT('Ctrl Pts',(-0.590604238576909,1.77729049308944,0.615570861943512));
#9780=CARTESIAN_POINT('Ctrl Pts',(-0.588741574371203,1.77729049308944,0.619307913019205));
#9781=CARTESIAN_POINT('Ctrl Pts',(-0.60684023831595,1.76409100187357,0.591478238081203));
#9782=CARTESIAN_POINT('Ctrl Pts',(-0.60564544889052,1.76648369049359,0.594552703846657));
#9783=CARTESIAN_POINT('Ctrl Pts',(-0.60311469865573,1.77067722586779,0.600790571309747));
#9784=CARTESIAN_POINT('Ctrl Pts',(-0.597873661575621,1.77621141052652,0.612303129399044));
#9785=CARTESIAN_POINT('Ctrl Pts',(-0.594101747577293,1.77729049308944,0.618845120133067));
#9786=CARTESIAN_POINT('Ctrl Pts',(-0.592096282998888,1.77729049308944,0.621982240192058));
#9787=CARTESIAN_POINT('Ctrl Pts',(-0.610125761424272,1.76698249497831,0.599789932282446));
#9788=CARTESIAN_POINT('Ctrl Pts',(-0.608918887411496,1.76897929678517,0.602567681104618));
#9789=CARTESIAN_POINT('Ctrl Pts',(-0.606274013385456,1.77256882872506,0.608272716729802));
#9790=CARTESIAN_POINT('Ctrl Pts',(-0.600985163840483,1.77666295031016,0.617592733342174));
#9791=CARTESIAN_POINT('Ctrl Pts',(-0.596936898871413,1.77729049308944,0.622432742004345));
#9792=CARTESIAN_POINT('Ctrl Pts',(-0.594740849161704,1.77729049308944,0.624957252995395));
#9793=CARTESIAN_POINT('Ctrl Pts',(-0.613734134528133,1.76967934515534,0.610206403473212));
#9794=CARTESIAN_POINT('Ctrl Pts',(-0.612368278432225,1.77126373284827,0.612361212275126));
#9795=CARTESIAN_POINT('Ctrl Pts',(-0.609343212769832,1.7740589521473,0.616706059510753));
#9796=CARTESIAN_POINT('Ctrl Pts',(-0.603583913053476,1.77677632763148,0.622853278939228));
#9797=CARTESIAN_POINT('Ctrl Pts',(-0.599130253569084,1.77729049308944,0.626342187014394));
#9798=CARTESIAN_POINT('Ctrl Pts',(-0.596778711332104,1.77729049308944,0.628256231534938));
#9799=CARTESIAN_POINT('Ctrl Pts',(-0.617211944986727,1.77117204130135,0.620940807970556));
#9800=CARTESIAN_POINT('Ctrl Pts',(-0.615540773718341,1.77240868821596,0.622092846304797));
#9801=CARTESIAN_POINT('Ctrl Pts',(-0.611878317915057,1.77459740915421,0.624445972722006));
#9802=CARTESIAN_POINT('Ctrl Pts',(-0.605394840968135,1.77673160146172,0.627765240272742));
#9803=CARTESIAN_POINT('Ctrl Pts',(-0.600683745618767,1.77729049308944,0.630364577803974));
#9804=CARTESIAN_POINT('Ctrl Pts',(-0.598259826579195,1.77729049308944,0.63167015282056));
#9805=CARTESIAN_POINT('Ctrl Pts',(-0.618809452754282,1.77105513324731,0.626135687403765));
#9806=CARTESIAN_POINT('Ctrl Pts',(-0.616909071451628,1.77236553895285,0.626906412900827));
#9807=CARTESIAN_POINT('Ctrl Pts',(-0.612826784378198,1.77463335476507,0.628492356684784));
#9808=CARTESIAN_POINT('Ctrl Pts',(-0.606080961995487,1.77678798615954,0.631079809731424));
#9809=CARTESIAN_POINT('Ctrl Pts',(-0.601328600092605,1.77729049308944,0.632924871736048));
#9810=CARTESIAN_POINT('Ctrl Pts',(-0.598926596411154,1.77729049308944,0.633843411070455));
#9811=CARTESIAN_POINT('Ctrl Pts',(-0.619605604068191,1.77105513324731,0.628769936577813));
#9812=CARTESIAN_POINT('Ctrl Pts',(-0.617594990258556,1.77240297911586,0.62937760605801));
#9813=CARTESIAN_POINT('Ctrl Pts',(-0.613327713724014,1.77469798669139,0.630667308586252));
#9814=CARTESIAN_POINT('Ctrl Pts',(-0.606419234441796,1.77681444918177,0.63275526401273));
#9815=CARTESIAN_POINT('Ctrl Pts',(-0.601641346297695,1.77729049308944,0.63419928911146));
#9816=CARTESIAN_POINT('Ctrl Pts',(-0.599252371028433,1.77729049308944,0.634921311089585));
#9817=CARTESIAN_POINT('',(-0.599252371028433,1.77729049308944,0.634921311089585));
#9818=CARTESIAN_POINT('Origin',(-0.599252371028433,1.73792041434928,0.634921311089585));
#9819=CARTESIAN_POINT('Ctrl Pts',(-0.599252371028433,1.77729049308944,0.634921311089585));
#9820=CARTESIAN_POINT('Ctrl Pts',(-0.598991175767431,1.77729049308944,0.634057086678298));
#9821=CARTESIAN_POINT('Ctrl Pts',(-0.598726926621968,1.77729049308944,0.633189395022218));
#9822=CARTESIAN_POINT('Ctrl Pts',(-0.598417408255835,1.77729049308944,0.632303899795765));
#9823=CARTESIAN_POINT('Ctrl Pts',(-0.598037901360582,1.77729049308944,0.631218175713051));
#9824=CARTESIAN_POINT('Ctrl Pts',(-0.597590821053936,1.77729049308944,0.630106789994636));
#9825=CARTESIAN_POINT('Ctrl Pts',(-0.597052308252719,1.77729049308944,0.629000357269871));
#9826=CARTESIAN_POINT('Ctrl Pts',(-0.596425937272248,1.77729049308944,0.627713410424651));
#9827=CARTESIAN_POINT('Ctrl Pts',(-0.595680098503747,1.77729049308944,0.626439466470357));
#9828=CARTESIAN_POINT('Ctrl Pts',(-0.594805792638385,1.77729049308944,0.625236769295658));
#9829=CARTESIAN_POINT('Ctrl Pts',(-0.594028030685846,1.77729049308944,0.624166878151191));
#9830=CARTESIAN_POINT('Ctrl Pts',(-0.593145794454111,1.77729049308944,0.623150950850257));
#9831=CARTESIAN_POINT('Ctrl Pts',(-0.592140618330437,1.77729049308944,0.622186940527716));
#9832=CARTESIAN_POINT('Ctrl Pts',(-0.590944034482125,1.77729049308944,0.621039361357866));
#9833=CARTESIAN_POINT('Ctrl Pts',(-0.589574406315195,1.77729049308944,0.619965132555506));
#9834=CARTESIAN_POINT('Ctrl Pts',(-0.588092063139828,1.77729049308944,0.61901025730676));
#9835=CARTESIAN_POINT('Ctrl Pts',(-0.587059271638059,1.77729049308944,0.618344968014414));
#9836=CARTESIAN_POINT('Ctrl Pts',(-0.585974333270169,1.77729049308944,0.617739136687638));
#9837=CARTESIAN_POINT('Ctrl Pts',(-0.584857631031681,1.77729049308944,0.617207443406662));
#9838=CARTESIAN_POINT('Ctrl Pts',(-0.30206011752478,1.7640078570493,1.09880101835263));
#9839=CARTESIAN_POINT('Ctrl Pts',(-0.303987682340405,1.76270857349979,1.1021943131432));
#9840=CARTESIAN_POINT('Ctrl Pts',(-0.308113588356935,1.759826984372,1.1079319227514));
#9841=CARTESIAN_POINT('Ctrl Pts',(-0.31801792058625,1.75287521535079,1.11565082069472));
#9842=CARTESIAN_POINT('Ctrl Pts',(-0.323348749513233,1.74944710737798,1.11823587889364));
#9843=CARTESIAN_POINT('Ctrl Pts',(-0.325324335327242,1.74782577530753,1.11867889257834));
#9844=CARTESIAN_POINT('Ctrl Pts',(-0.303768111785669,1.76471307028471,1.09941191438711));
#9845=CARTESIAN_POINT('Ctrl Pts',(-0.305723296381249,1.76345301822134,1.10253618240326));
#9846=CARTESIAN_POINT('Ctrl Pts',(-0.309920386330353,1.76062056959025,1.10789492435104));
#9847=CARTESIAN_POINT('Ctrl Pts',(-0.3197942917646,1.75389207354444,1.11511270548196));
#9848=CARTESIAN_POINT('Ctrl Pts',(-0.324670090785062,1.75051820511109,1.11753802528981));
#9849=CARTESIAN_POINT('Ctrl Pts',(-0.326419450651947,1.74882103415956,1.11804581759593));
#9850=CARTESIAN_POINT('Ctrl Pts',(-0.307488434582952,1.76607554272206,1.1003727965656));
#9851=CARTESIAN_POINT('Ctrl Pts',(-0.309504746284847,1.76487298433068,1.10303523356763));
#9852=CARTESIAN_POINT('Ctrl Pts',(-0.313857582352874,1.76210371654969,1.10772687505384));
#9853=CARTESIAN_POINT('Ctrl Pts',(-0.323572942262351,1.75585082570898,1.11399286184988));
#9854=CARTESIAN_POINT('Ctrl Pts',(-0.327497055645756,1.75252697629597,1.11616110753936));
#9855=CARTESIAN_POINT('Ctrl Pts',(-0.32887800618805,1.75064727400179,1.11680255864866));
#9856=CARTESIAN_POINT('Ctrl Pts',(-0.314507621314415,1.7680523959775,1.10103345264258));
#9857=CARTESIAN_POINT('Ctrl Pts',(-0.316584546010797,1.76689016286742,1.10317738759417));
#9858=CARTESIAN_POINT('Ctrl Pts',(-0.32112138230079,1.76415893672866,1.10707514833632));
#9859=CARTESIAN_POINT('Ctrl Pts',(-0.329675616939811,1.75852602212238,1.11217508023251));
#9860=CARTESIAN_POINT('Ctrl Pts',(-0.331977281110235,1.75488992121903,1.11430175835725));
#9861=CARTESIAN_POINT('Ctrl Pts',(-0.332914407816015,1.75267150706106,1.11516619797674));
#9862=CARTESIAN_POINT('Ctrl Pts',(-0.323575429003798,1.76994966798999,1.10077900956513));
#9863=CARTESIAN_POINT('Ctrl Pts',(-0.325534622514626,1.76876400193728,1.10257608298473));
#9864=CARTESIAN_POINT('Ctrl Pts',(-0.32971684899987,1.76597812173469,1.10595463171958));
#9865=CARTESIAN_POINT('Ctrl Pts',(-0.335367210322503,1.76052960674022,1.11043714323886));
#9866=CARTESIAN_POINT('Ctrl Pts',(-0.336390980713376,1.75629568431972,1.1128427205348));
#9867=CARTESIAN_POINT('Ctrl Pts',(-0.337018117384349,1.75381939011528,1.11387802244972));
#9868=CARTESIAN_POINT('Ctrl Pts',(-0.334257988283594,1.77117703813096,1.09946534649053));
#9869=CARTESIAN_POINT('Ctrl Pts',(-0.335477343355813,1.76992186169351,1.10118528208658));
#9870=CARTESIAN_POINT('Ctrl Pts',(-0.337856451036511,1.76699608453173,1.10452371464157));
#9871=CARTESIAN_POINT('Ctrl Pts',(-0.34007962829678,1.7613878748558,1.10912043212433));
#9872=CARTESIAN_POINT('Ctrl Pts',(-0.340833670310351,1.7568007786203,1.11174158459515));
#9873=CARTESIAN_POINT('Ctrl Pts',(-0.3412431414912,1.754311696913,1.11282223268645));
#9874=CARTESIAN_POINT('Ctrl Pts',(-0.339331694371035,1.77105513324731,1.09838334564931));
#9875=CARTESIAN_POINT('Ctrl Pts',(-0.340034667793826,1.76975221557437,1.10031004591718));
#9876=CARTESIAN_POINT('Ctrl Pts',(-0.341331587253236,1.76674199265594,1.10398976750928));
#9877=CARTESIAN_POINT('Ctrl Pts',(-0.342794424688333,1.76109430236681,1.10875740596421));
#9878=CARTESIAN_POINT('Ctrl Pts',(-0.343431701845101,1.75666852130578,1.11126694547029));
#9879=CARTESIAN_POINT('Ctrl Pts',(-0.343721106825991,1.75432414310885,1.11230402262705));
#9880=CARTESIAN_POINT('Ctrl Pts',(-0.341926944112707,1.77105513324731,1.09783483669546));
#9881=CARTESIAN_POINT('Ctrl Pts',(-0.342361278823487,1.76970728737875,1.09988987524684));
#9882=CARTESIAN_POINT('Ctrl Pts',(-0.34317677383634,1.76661098188519,1.10374835960988));
#9883=CARTESIAN_POINT('Ctrl Pts',(-0.344196430555257,1.76093199719923,1.10857282750191));
#9884=CARTESIAN_POINT('Ctrl Pts',(-0.344715956255578,1.75659289620266,1.11103094405602));
#9885=CARTESIAN_POINT('Ctrl Pts',(-0.34493097871611,1.75432414310885,1.11204831484136));
#9886=CARTESIAN_POINT('',(-0.34493097871611,1.75432414310885,1.11204831484136));
#9887=CARTESIAN_POINT('Origin',(-0.33753021931981,1.73792041434928,1.07703189664723));
#9888=CARTESIAN_POINT('Ctrl Pts',(-0.34493097871611,1.75432414310885,1.11204831484136));
#9889=CARTESIAN_POINT('Ctrl Pts',(-0.344172099615852,1.75432414310885,1.11220870479332));
#9890=CARTESIAN_POINT('Ctrl Pts',(-0.343408436834655,1.75432318480712,1.11236822263197));
#9891=CARTESIAN_POINT('Ctrl Pts',(-0.342611291159059,1.75429996033076,1.11254243659555));
#9892=CARTESIAN_POINT('Ctrl Pts',(-0.341634753064804,1.75427150933796,1.11275585627177));
#9893=CARTESIAN_POINT('Ctrl Pts',(-0.340609022241288,1.75420970960536,1.1129909367172));
#9894=CARTESIAN_POINT('Ctrl Pts',(-0.339554294729346,1.75409292463583,1.11325266766681));
#9895=CARTESIAN_POINT('Ctrl Pts',(-0.338317423739055,1.75395597178376,1.11355959757542));
#9896=CARTESIAN_POINT('Ctrl Pts',(-0.33704788900013,1.75374451187088,1.11390111183606));
#9897=CARTESIAN_POINT('Ctrl Pts',(-0.335803360723119,1.75343637008315,1.11427623411657));
#9898=CARTESIAN_POINT('Ctrl Pts',(-0.334628993256509,1.75314559991962,1.11463020871913));
#9899=CARTESIAN_POINT('Ctrl Pts',(-0.333476291969584,1.75276760051907,1.11501497881553));
#9900=CARTESIAN_POINT('Ctrl Pts',(-0.332330454503394,1.75228364285692,1.11544218865131));
#9901=CARTESIAN_POINT('Ctrl Pts',(-0.33108460992189,1.75175744603681,1.11590668477293));
#9902=CARTESIAN_POINT('Ctrl Pts',(-0.329845120471363,1.75110664210006,1.11642112402384));
#9903=CARTESIAN_POINT('Ctrl Pts',(-0.328660052834108,1.75035554591089,1.11696672747447));
#9904=CARTESIAN_POINT('Ctrl Pts',(-0.327469891666547,1.74960122144082,1.1175146759792));
#9905=CARTESIAN_POINT('Ctrl Pts',(-0.326341125678336,1.74874985113293,1.11809109646307));
#9906=CARTESIAN_POINT('Ctrl Pts',(-0.325324335327242,1.74782577530753,1.11867889257834));
#9907=CARTESIAN_POINT('Origin',(-0.304784252652972,1.75760545371936,0.735817506440042));
#9908=CARTESIAN_POINT('',(-0.304784252652972,1.77729049308944,0.735817506440042));
#9909=CARTESIAN_POINT('',(-0.285099213282893,1.75760545371936,0.735817506440042));
#9910=CARTESIAN_POINT('Ctrl Pts',(-0.608528874778881,1.76127526660836,0.876546473047667));
#9911=CARTESIAN_POINT('Ctrl Pts',(-0.606530162127632,1.76430160229966,0.874468621229302));
#9912=CARTESIAN_POINT('Ctrl Pts',(-0.602746281641279,1.76932008722184,0.869848508666455));
#9913=CARTESIAN_POINT('Ctrl Pts',(-0.596078705080029,1.77543586366727,0.858214891436962));
#9914=CARTESIAN_POINT('Ctrl Pts',(-0.59102522412471,1.77729049308944,0.848953900575522));
#9915=CARTESIAN_POINT('Ctrl Pts',(-0.58861519405205,1.77729049308944,0.844829451183219));
#9916=CARTESIAN_POINT('Ctrl Pts',(-0.606533187536185,1.76185993625986,0.877094431936607));
#9917=CARTESIAN_POINT('Ctrl Pts',(-0.604575462631748,1.76472841764483,0.875049224341175));
#9918=CARTESIAN_POINT('Ctrl Pts',(-0.600862192305993,1.76954877278013,0.870485499245595));
#9919=CARTESIAN_POINT('Ctrl Pts',(-0.59415402401582,1.77551697917034,0.859044061449335));
#9920=CARTESIAN_POINT('Ctrl Pts',(-0.589242780023545,1.77729049308944,0.850112328675009));
#9921=CARTESIAN_POINT('Ctrl Pts',(-0.586930552071302,1.77729049308944,0.846039301974385));
#9922=CARTESIAN_POINT('Ctrl Pts',(-0.602234755875815,1.76291364494485,0.878079268483276));
#9923=CARTESIAN_POINT('Ctrl Pts',(-0.600355615917632,1.7655210683099,0.876086913680854));
#9924=CARTESIAN_POINT('Ctrl Pts',(-0.596815718324854,1.76999065682973,0.87159122783451));
#9925=CARTESIAN_POINT('Ctrl Pts',(-0.58995373821624,1.77570686885827,0.860525334071593));
#9926=CARTESIAN_POINT('Ctrl Pts',(-0.585390993559434,1.77729049308944,0.852264229234529));
#9927=CARTESIAN_POINT('Ctrl Pts',(-0.583258432772105,1.77729049308944,0.848278787085332));
#9928=CARTESIAN_POINT('Ctrl Pts',(-0.594495837792367,1.76419940657755,0.879262133134121));
#9929=CARTESIAN_POINT('Ctrl Pts',(-0.592837931619553,1.76652188714578,0.877285549924646));
#9930=CARTESIAN_POINT('Ctrl Pts',(-0.589485274309199,1.77069790431795,0.872717401982697));
#9931=CARTESIAN_POINT('Ctrl Pts',(-0.582896540752471,1.77601938691107,0.862207726117664));
#9932=CARTESIAN_POINT('Ctrl Pts',(-0.579426105053065,1.77729049308944,0.85465166297204));
#9933=CARTESIAN_POINT('Ctrl Pts',(-0.577723943108586,1.77729049308944,0.850694937474183));
#9934=CARTESIAN_POINT('Ctrl Pts',(-0.584971988735591,1.76516701265122,0.880079191442335));
#9935=CARTESIAN_POINT('Ctrl Pts',(-0.583550390089906,1.7673877991396,0.878016733067765));
#9936=CARTESIAN_POINT('Ctrl Pts',(-0.580518266934702,1.77151097561121,0.873177495408175));
#9937=CARTESIAN_POINT('Ctrl Pts',(-0.575704800786085,1.77620946243815,0.863224152567459));
#9938=CARTESIAN_POINT('Ctrl Pts',(-0.573542753178948,1.77729049308944,0.855949747307375));
#9939=CARTESIAN_POINT('Ctrl Pts',(-0.572345236940855,1.77729049308944,0.852029873294898));
#9940=CARTESIAN_POINT('Ctrl Pts',(-0.57271956282712,1.76581906161665,0.880546497792989));
#9941=CARTESIAN_POINT('Ctrl Pts',(-0.572028745028166,1.76803905734705,0.878325880080187));
#9942=CARTESIAN_POINT('Ctrl Pts',(-0.570560016614402,1.77207903862403,0.873184413274805));
#9943=CARTESIAN_POINT('Ctrl Pts',(-0.568704576610781,1.77622457626251,0.86365999738285));
#9944=CARTESIAN_POINT('Ctrl Pts',(-0.56757438361567,1.77729049308944,0.856393938726361));
#9945=CARTESIAN_POINT('Ctrl Pts',(-0.56699380019339,1.77729049308944,0.852631111480547));
#9946=CARTESIAN_POINT('Ctrl Pts',(-0.566028958784415,1.76575926400229,0.880487632521096));
#9947=CARTESIAN_POINT('Ctrl Pts',(-0.565838110751665,1.76810768200329,0.8781392145201));
#9948=CARTESIAN_POINT('Ctrl Pts',(-0.565416219519587,1.77226321170804,0.872789771412382));
#9949=CARTESIAN_POINT('Ctrl Pts',(-0.564734699311528,1.77632551463965,0.863220068768621));
#9950=CARTESIAN_POINT('Ctrl Pts',(-0.564330832059706,1.77729049308944,0.856198993288805));
#9951=CARTESIAN_POINT('Ctrl Pts',(-0.564137773127608,1.77729049308944,0.852648782868082));
#9952=CARTESIAN_POINT('Ctrl Pts',(-0.562758160524355,1.76575926400229,0.880487632521096));
#9953=CARTESIAN_POINT('Ctrl Pts',(-0.562758160524355,1.76818866193436,0.878058234589032));
#9954=CARTESIAN_POINT('Ctrl Pts',(-0.562758160524355,1.77240758042546,0.872560016590901));
#9955=CARTESIAN_POINT('Ctrl Pts',(-0.562758160524355,1.77638589173285,0.86295552347726));
#9956=CARTESIAN_POINT('Ctrl Pts',(-0.562758160524355,1.77729049308944,0.856084470372008));
#9957=CARTESIAN_POINT('Ctrl Pts',(-0.562758160524355,1.77729049308944,0.852648782868082));
#9958=CARTESIAN_POINT('',(-0.562758160524355,1.77729049308944,0.852648782868082));
#9959=CARTESIAN_POINT('Origin',(-0.562758160524355,1.73792041434928,0.852648782868082));
#9960=CARTESIAN_POINT('Ctrl Pts',(-0.562758160524355,1.77729049308944,0.852648782868082));
#9961=CARTESIAN_POINT('Ctrl Pts',(-0.563516513503126,1.77729049308944,0.852648782868082));
#9962=CARTESIAN_POINT('Ctrl Pts',(-0.564279431076516,1.77729049308944,0.852647941241483));
#9963=CARTESIAN_POINT('Ctrl Pts',(-0.565089362204446,1.77729049308944,0.852627991201151));
#9964=CARTESIAN_POINT('Ctrl Pts',(-0.566044834271931,1.77729049308944,0.852604456229319));
#9965=CARTESIAN_POINT('Ctrl Pts',(-0.56706509489843,1.77729049308944,0.85255441115575));
#9966=CARTESIAN_POINT('Ctrl Pts',(-0.568146254157013,1.77729049308944,0.85246170785898));
#9967=CARTESIAN_POINT('Ctrl Pts',(-0.569730931563375,1.77729049308944,0.85232583072643));
#9968=CARTESIAN_POINT('Ctrl Pts',(-0.571439283788597,1.77729049308944,0.852099303152232));
#9969=CARTESIAN_POINT('Ctrl Pts',(-0.573152450290307,1.77729049308944,0.851754365540538));
#9970=CARTESIAN_POINT('Ctrl Pts',(-0.574271942288889,1.77729049308944,0.851528961357165));
#9971=CARTESIAN_POINT('Ctrl Pts',(-0.575390983251964,1.77729049308944,0.851253540603529));
#9972=CARTESIAN_POINT('Ctrl Pts',(-0.576506771785618,1.77729049308944,0.850916369660983));
#9973=CARTESIAN_POINT('Ctrl Pts',(-0.577630984681349,1.77729049308944,0.85057665302988));
#9974=CARTESIAN_POINT('Ctrl Pts',(-0.578760017503969,1.77729049308944,0.850171533644478));
#9975=CARTESIAN_POINT('Ctrl Pts',(-0.579906614078745,1.77729049308944,0.849694226803986));
#9976=CARTESIAN_POINT('Ctrl Pts',(-0.581388348353214,1.77729049308944,0.849077408368843));
#9977=CARTESIAN_POINT('Ctrl Pts',(-0.58289838482115,1.77729049308944,0.848340755335827));
#9978=CARTESIAN_POINT('Ctrl Pts',(-0.584382956373976,1.77729049308944,0.84751135552201));
#9979=CARTESIAN_POINT('Ctrl Pts',(-0.585843902014554,1.77729049308944,0.846695155022959));
#9980=CARTESIAN_POINT('Ctrl Pts',(-0.5872745185931,1.77729049308944,0.845792277281134));
#9981=CARTESIAN_POINT('Ctrl Pts',(-0.58861519405205,1.77729049308944,0.844829451183218));
#9982=CARTESIAN_POINT('Ctrl Pts',(-0.40615628146555,1.76129297614065,1.07890151791255));
#9983=CARTESIAN_POINT('Ctrl Pts',(-0.404076388732829,1.76431677298878,1.07692549122535));
#9984=CARTESIAN_POINT('Ctrl Pts',(-0.399459958565441,1.76930004905473,1.07317569658268));
#9985=CARTESIAN_POINT('Ctrl Pts',(-0.387841213079215,1.77544283970208,1.06644970364326));
#9986=CARTESIAN_POINT('Ctrl Pts',(-0.378581152683533,1.77729049308944,1.06141779527367));
#9987=CARTESIAN_POINT('Ctrl Pts',(-0.374456703291229,1.77729049308944,1.05900776520102));
#9988=CARTESIAN_POINT('Ctrl Pts',(-0.40466238030316,1.76231806698586,1.07956080699011));
#9989=CARTESIAN_POINT('Ctrl Pts',(-0.402559375631105,1.76513668574229,1.07768155301936));
#9990=CARTESIAN_POINT('Ctrl Pts',(-0.3979100145929,1.76982278522223,1.07407569034977));
#9991=CARTESIAN_POINT('Ctrl Pts',(-0.386281090021059,1.77561343080813,1.06758383024367));
#9992=CARTESIAN_POINT('Ctrl Pts',(-0.377397355410388,1.77729049308944,1.06274439466607));
#9993=CARTESIAN_POINT('Ctrl Pts',(-0.373459819002591,1.77729049308944,1.0603852898488));
#9994=CARTESIAN_POINT('Ctrl Pts',(-0.401410331598671,1.76420595164328,1.0808956705081));
#9995=CARTESIAN_POINT('Ctrl Pts',(-0.399268834568116,1.76666107466285,1.07918550985198));
#9996=CARTESIAN_POINT('Ctrl Pts',(-0.394555323047039,1.77080466357331,1.07583136276136));
#9997=CARTESIAN_POINT('Ctrl Pts',(-0.382942076717939,1.77593655153145,1.06976194752909));
#9998=CARTESIAN_POINT('Ctrl Pts',(-0.374879425364416,1.77729049308944,1.06525237040995));
#9999=CARTESIAN_POINT('Ctrl Pts',(-0.371292600444105,1.77729049308944,1.0629684500952));
#10000=CARTESIAN_POINT('Ctrl Pts',(-0.395355003182934,1.76664797333906,
1.08311581806381));
#10001=CARTESIAN_POINT('Ctrl Pts',(-0.393177794739635,1.76865853210828,
1.08159792440757));
#10002=CARTESIAN_POINT('Ctrl Pts',(-0.38833937465775,1.77212937732983,1.07852578931121));
#10003=CARTESIAN_POINT('Ctrl Pts',(-0.377113755091445,1.77634787522828,
1.07298246789833));
#10004=CARTESIAN_POINT('Ctrl Pts',(-0.370534183181815,1.77729049308944,
1.06873339905992));
#10005=CARTESIAN_POINT('Ctrl Pts',(-0.367479916650986,1.77729049308944,
1.06647109630396));
#10006=CARTESIAN_POINT('Ctrl Pts',(-0.387686923684655,1.76871987118619,
1.08566930954868));
#10007=CARTESIAN_POINT('Ctrl Pts',(-0.385538319533586,1.77037383077003,
1.08426010475723));
#10008=CARTESIAN_POINT('Ctrl Pts',(-0.380676150120557,1.77330141518961,
1.08131840484075));
#10009=CARTESIAN_POINT('Ctrl Pts',(-0.370921927612991,1.77663107295985,
1.07593292481182));
#10010=CARTESIAN_POINT('Ctrl Pts',(-0.366054820665225,1.77729049308944,
1.0715789781458));
#10011=CARTESIAN_POINT('Ctrl Pts',(-0.363613457253867,1.77729049308944,
1.06922396939303));
#10012=CARTESIAN_POINT('Ctrl Pts',(-0.377971479070757,1.77033687008132,
1.08859466650153));
#10013=CARTESIAN_POINT('Ctrl Pts',(-0.376086194023878,1.771719002988,1.08714148835739));
#10014=CARTESIAN_POINT('Ctrl Pts',(-0.371883061111336,1.77418341396984,
1.08401683756772));
#10015=CARTESIAN_POINT('Ctrl Pts',(-0.364997871720914,1.77673913277917,
1.0782510673149));
#10016=CARTESIAN_POINT('Ctrl Pts',(-0.361567221399751,1.77729049308944,
1.07363830383179));
#10017=CARTESIAN_POINT('Ctrl Pts',(-0.359723960227478,1.77729049308944,
1.0712016170262));
#10018=CARTESIAN_POINT('Ctrl Pts',(-0.366933295840669,1.77112020916503,
1.09173211854236));
#10019=CARTESIAN_POINT('Ctrl Pts',(-0.365758395814449,1.772359406837,1.09004025992641));
#10020=CARTESIAN_POINT('Ctrl Pts',(-0.363178210606432,1.77456475044607,
1.08637584188273));
#10021=CARTESIAN_POINT('Ctrl Pts',(-0.359408197459643,1.77673738983016,
1.07994135086237));
#10022=CARTESIAN_POINT('Ctrl Pts',(-0.356973674796717,1.77729049308944,
1.07514076796122));
#10023=CARTESIAN_POINT('Ctrl Pts',(-0.355758793496819,1.77729049308944,
1.07266894512135));
#10024=CARTESIAN_POINT('Ctrl Pts',(-0.360813151393542,1.77105513324731,
1.09333721861902));
#10025=CARTESIAN_POINT('Ctrl Pts',(-0.360069319733698,1.77236553895285,
1.09142003830305));
#10026=CARTESIAN_POINT('Ctrl Pts',(-0.358484139543323,1.77463335476507,
1.08731921856744));
#10027=CARTESIAN_POINT('Ctrl Pts',(-0.35594924785884,1.77678798615954,1.08053093778028));
#10028=CARTESIAN_POINT('Ctrl Pts',(-0.354298265322204,1.77729049308944,
1.07570731380967));
#10029=CARTESIAN_POINT('Ctrl Pts',(-0.353478633344178,1.77729049308944,
1.07326966131872));
#10030=CARTESIAN_POINT('Ctrl Pts',(-0.35766643999314,1.77105513324731,1.09414734166447));
#10031=CARTESIAN_POINT('Ctrl Pts',(-0.357142757982906,1.77240297911586,
1.09211323565916));
#10032=CARTESIAN_POINT('Ctrl Pts',(-0.356031308363332,1.77469798669139,
1.08779609987525));
#10033=CARTESIAN_POINT('Ctrl Pts',(-0.354231934311074,1.77681444918177,
1.08080690128916));
#10034=CARTESIAN_POINT('Ctrl Pts',(-0.352987491417077,1.77729049308944,
1.07597318786293));
#10035=CARTESIAN_POINT('Ctrl Pts',(-0.35236526184449,1.77729049308944,1.07355629958809));
#10036=CARTESIAN_POINT('',(-0.35236526184449,1.77729049308944,1.07355629958809));
#10037=CARTESIAN_POINT('Origin',(-0.35236526184449,1.73792041434928,1.07355629958809));
#10038=CARTESIAN_POINT('Ctrl Pts',(-0.35236526184449,1.77729049308944,1.07355629958809));
#10039=CARTESIAN_POINT('Ctrl Pts',(-0.353065403706081,1.77729049308944,
1.07337604757735));
#10040=CARTESIAN_POINT('Ctrl Pts',(-0.353769775022185,1.77729049308944,
1.07319361268121));
#10041=CARTESIAN_POINT('Ctrl Pts',(-0.354508649307469,1.77729049308944,
1.07298158325211));
#10042=CARTESIAN_POINT('Ctrl Pts',(-0.355401248581212,1.77729049308944,
1.07272544047084));
#10043=CARTESIAN_POINT('Ctrl Pts',(-0.356343220428387,1.77729049308944,
1.07242654923978));
#10044=CARTESIAN_POINT('Ctrl Pts',(-0.35731845089905,1.77729049308944,1.07207294156662));
#10045=CARTESIAN_POINT('Ctrl Pts',(-0.358480979139432,1.77729049308944,
1.07165142181469));
#10046=CARTESIAN_POINT('Ctrl Pts',(-0.359684332897066,1.77729049308944,
1.07115527117439));
#10047=CARTESIAN_POINT('Ctrl Pts',(-0.360869255827213,1.77729049308944,
1.07058356956849));
#10048=CARTESIAN_POINT('Ctrl Pts',(-0.36182623278651,1.77729049308944,1.07012184733279));
#10049=CARTESIAN_POINT('Ctrl Pts',(-0.362768803117978,1.77729049308944,
1.06961204656927));
#10050=CARTESIAN_POINT('Ctrl Pts',(-0.363707785754365,1.77729049308944,
1.06903465075738));
#10051=CARTESIAN_POINT('Ctrl Pts',(-0.364668283780041,1.77729049308944,
1.06844402478));
#10052=CARTESIAN_POINT('Ctrl Pts',(-0.365632355940332,1.77729049308944,
1.0677781457535));
#10053=CARTESIAN_POINT('Ctrl Pts',(-0.366596819655639,1.77729049308944,
1.06703763298595));
#10054=CARTESIAN_POINT('Ctrl Pts',(-0.368031901815129,1.77729049308944,
1.06593578058372));
#10055=CARTESIAN_POINT('Ctrl Pts',(-0.369463549913484,1.77729049308944,
1.06467309593228));
#10056=CARTESIAN_POINT('Ctrl Pts',(-0.37079571959614,1.77729049308944,1.06332149581041));
#10057=CARTESIAN_POINT('Ctrl Pts',(-0.371685603255358,1.77729049308944,
1.06241863270077));
#10058=CARTESIAN_POINT('Ctrl Pts',(-0.372528819626785,1.77729049308944,
1.0614779715248));
#10059=CARTESIAN_POINT('Ctrl Pts',(-0.373317245108117,1.77729049308944,
1.06049961786868));
#10060=CARTESIAN_POINT('Ctrl Pts',(-0.37370910483866,1.77729049308944,1.06001336088036));
#10061=CARTESIAN_POINT('Ctrl Pts',(-0.374088270940216,1.77729049308944,
1.05951687608815));
#10062=CARTESIAN_POINT('Ctrl Pts',(-0.374456703291229,1.77729049308944,
1.05900776520102));
#10063=CARTESIAN_POINT('Ctrl Pts',(-0.398860588430141,1.43936351318774,
1.24760471881657));
#10064=CARTESIAN_POINT('Ctrl Pts',(-0.39943729354647,1.53263917366906,1.20327359893481));
#10065=CARTESIAN_POINT('Ctrl Pts',(-0.400144134101457,1.62578854448646,
1.15862772183749));
#10066=CARTESIAN_POINT('Ctrl Pts',(-0.401177465658707,1.7185757005016,1.11305820292528));
#10067=CARTESIAN_POINT('Ctrl Pts',(-0.405276251679492,1.43871634441377,
1.24623839751674));
#10068=CARTESIAN_POINT('Ctrl Pts',(-0.405726186362103,1.53194270249025,
1.2018109407861));
#10069=CARTESIAN_POINT('Ctrl Pts',(-0.406276951755761,1.62503567690719,
1.1570572198631));
#10070=CARTESIAN_POINT('Ctrl Pts',(-0.407067241426191,1.71774120596181,
1.11134505201882));
#10071=CARTESIAN_POINT('Ctrl Pts',(-0.417026020423274,1.4355126797311,1.2394747286417));
#10072=CARTESIAN_POINT('Ctrl Pts',(-0.4171696280546,1.52870281362061,1.1950101713095));
#10073=CARTESIAN_POINT('Ctrl Pts',(-0.417341084861804,1.62174826456048,
1.15020689831794));
#10074=CARTESIAN_POINT('Ctrl Pts',(-0.417586032873629,1.71439619253255,
1.10447800554315));
#10075=CARTESIAN_POINT('Ctrl Pts',(-0.421615529081011,1.4298822714513,1.22758764899757));
#10076=CARTESIAN_POINT('Ctrl Pts',(-0.421613553207934,1.52312880760069,
1.18331089535704));
#10077=CARTESIAN_POINT('Ctrl Pts',(-0.4216185172985,1.61624391475371,1.13874347688776));
#10078=CARTESIAN_POINT('Ctrl Pts',(-0.421615529081011,1.70898378997008,
1.09336677363702));
#10079=CARTESIAN_POINT('Ctrl Pts',(-0.421615529081011,1.42706071661806,
1.22163070140938));
#10080=CARTESIAN_POINT('Ctrl Pts',(-0.421615529081011,1.52033637709938,
1.17744995501908));
#10081=CARTESIAN_POINT('Ctrl Pts',(-0.421615529081011,1.61348574791678,
1.13299917857049));
#10082=CARTESIAN_POINT('Ctrl Pts',(-0.421615529081011,1.70627290393192,
1.08780154025066));
#10083=CARTESIAN_POINT('Ctrl Pts',(-0.398860588430141,1.43936351318774,
1.24760471881657));
#10084=CARTESIAN_POINT('Ctrl Pts',(-0.39943729354647,1.53263917366906,1.20327359893481));
#10085=CARTESIAN_POINT('Ctrl Pts',(-0.400144134101457,1.62578854448646,
1.15862772183749));
#10086=CARTESIAN_POINT('Ctrl Pts',(-0.401177465658707,1.7185757005016,1.11305820292528));
#10087=CARTESIAN_POINT('',(-0.421615529081011,1.46232986316818,1.20490625794515));
#10088=CARTESIAN_POINT('Ctrl Pts',(-0.421615529081011,1.70627290393192,
1.08780154025066));
#10089=CARTESIAN_POINT('Ctrl Pts',(-0.421615529081011,1.62518297364952,
1.12730133200725));
#10090=CARTESIAN_POINT('Ctrl Pts',(-0.421615529081011,1.54381639741423,
1.16623069894199));
#10091=CARTESIAN_POINT('Ctrl Pts',(-0.421615529081011,1.46233065015059,
1.20490791597163));
#10092=CARTESIAN_POINT('Ctrl Pts',(-0.421615529081011,1.46230875690402,
1.20491830759559));
#10093=CARTESIAN_POINT('Ctrl Pts',(-0.421615529081011,1.46231605469609,
1.2049148437029));
#10094=CARTESIAN_POINT('Ctrl Pts',(-0.421615529081011,1.46232335248721,
1.20491137980818));
#10095=CARTESIAN_POINT('Ctrl Pts',(-0.421615529081011,1.46233065027737,
1.20490791591145));
#10096=CARTESIAN_POINT('Origin',(-0.265414173912814,1.73792041434928,0.735817506440042));
#10097=CARTESIAN_POINT('Origin',(-0.265414173912814,1.77729049308944,0.735817506440042));
#10098=CARTESIAN_POINT('Origin',(-0.265414173912814,1.75432414310885,0.735817506440042));
#10099=CARTESIAN_POINT('Origin',(-0.529883245616444,1.73792041434928,1.00028657814367));
#10100=CARTESIAN_POINT('',(-0.382245450340854,1.77729049308944,1.00028657814367));
#10101=CARTESIAN_POINT('',(-0.529883245616444,1.77729049308944,0.852648782868082));
#10102=CARTESIAN_POINT('Origin',(-0.529883245616444,1.77729049308944,1.00028657814367));
#10103=CARTESIAN_POINT('',(-0.529883245616444,1.73792041434928,0.892018861608239));
#10104=CARTESIAN_POINT('Origin',(-0.529883245616444,1.73792041434928,0.852648782868082));
#10105=CARTESIAN_POINT('',(-0.421615529081011,1.73792041434928,1.00028657814367));
#10106=CARTESIAN_POINT('Origin',(-0.529883245616444,1.73792041434928,1.00028657814367));
#10107=CARTESIAN_POINT('Origin',(-0.382245450340854,1.73792041434928,1.00028657814367));
#10108=CARTESIAN_POINT('Origin',(-0.382245450340854,1.73792041434928,0.813918184024141));
#10109=CARTESIAN_POINT('',(-0.382245450340854,1.77729049308944,0.813918184024141));
#10110=CARTESIAN_POINT('',(-0.421615529081011,1.73792041434928,0.813918184024141));
#10111=CARTESIAN_POINT('Origin',(-0.550173648796888,1.73792041434928,0.852648782868082));
#10112=CARTESIAN_POINT('',(-0.550173648796888,1.77729049308944,0.852648782868082));
#10113=CARTESIAN_POINT('',(-0.550173648796888,1.73792041434928,0.892018861608239));
#10114=CARTESIAN_POINT('Origin',(-0.265414173912814,1.73792041434928,0.735817506440042));
#10115=CARTESIAN_POINT('Origin',(-0.265414173912814,1.77729049308944,0.735817506440042));
#10116=CARTESIAN_POINT('Origin',(-0.265414173912814,1.75432414310885,0.735817506440042));
#10117=CARTESIAN_POINT('Ctrl Pts',(-0.642654870398245,1.71857570050121,
0.87158079818593));
#10118=CARTESIAN_POINT('Ctrl Pts',(-0.688224389310454,1.62578854448607,
0.870547466628682));
#10119=CARTESIAN_POINT('Ctrl Pts',(-0.732870266410302,1.53263917366333,
0.869840626073662));
#10120=CARTESIAN_POINT('Ctrl Pts',(-0.777201386289572,1.43936351318725,
0.869263920957366));
#10121=CARTESIAN_POINT('Ctrl Pts',(-0.640941719491784,1.71774120596142,
0.877470573953416));
#10122=CARTESIAN_POINT('Ctrl Pts',(-0.686653887336065,1.6250356769068,0.876680284282987));
#10123=CARTESIAN_POINT('Ctrl Pts',(-0.7314076082616,1.53194270248453,0.876129518889303));
#10124=CARTESIAN_POINT('Ctrl Pts',(-0.775835064989744,1.43871634441328,
0.875679584206718));
#10125=CARTESIAN_POINT('Ctrl Pts',(-0.634074673016117,1.71439619253217,
0.887989365400856));
#10126=CARTESIAN_POINT('Ctrl Pts',(-0.6798035657909,1.62174826456009,0.887744417389032));
#10127=CARTESIAN_POINT('Ctrl Pts',(-0.724606838785,1.5287028136149,0.88757296058182));
#10128=CARTESIAN_POINT('Ctrl Pts',(-0.769071396114702,1.43551267973061,
0.887429352950502));
#10129=CARTESIAN_POINT('Ctrl Pts',(-0.622963441109979,1.70898378996969,
0.892018861608239));
#10130=CARTESIAN_POINT('Ctrl Pts',(-0.668340144360722,1.61624391475332,
0.892021849825728));
#10131=CARTESIAN_POINT('Ctrl Pts',(-0.712907562832534,1.52312880759497,
0.892016885735162));
#10132=CARTESIAN_POINT('Ctrl Pts',(-0.757184316470576,1.42988227145081,
0.89201886160824));
#10133=CARTESIAN_POINT('Ctrl Pts',(-0.617398207723623,1.70627290393153,
0.892018861608239));
#10134=CARTESIAN_POINT('Ctrl Pts',(-0.662595846043456,1.61348574791638,
0.892018861608239));
#10135=CARTESIAN_POINT('Ctrl Pts',(-0.70704662249456,1.52033637709365,0.89201886160824));
#10136=CARTESIAN_POINT('Ctrl Pts',(-0.751227368882382,1.42706071661757,
0.89201886160824));
#10137=CARTESIAN_POINT('',(-0.734502925417918,1.46232986316818,0.89201886160824));
#10138=CARTESIAN_POINT('Ctrl Pts',(-0.734504583444398,1.46233065015059,
0.892018861608239));
#10139=CARTESIAN_POINT('Ctrl Pts',(-0.695827366416245,1.5438163974111,0.89201886160824));
#10140=CARTESIAN_POINT('Ctrl Pts',(-0.65689799947989,1.62518297364979,0.892018861608239));
#10141=CARTESIAN_POINT('Ctrl Pts',(-0.617398207723623,1.70627290393153,
0.892018861608239));
#10142=CARTESIAN_POINT('Ctrl Pts',(-0.642654870398245,1.71857570050121,
0.87158079818593));
#10143=CARTESIAN_POINT('Ctrl Pts',(-0.688224389310454,1.62578854448607,
0.870547466628682));
#10144=CARTESIAN_POINT('Ctrl Pts',(-0.732870266410302,1.53263917366333,
0.869840626073662));
#10145=CARTESIAN_POINT('Ctrl Pts',(-0.777201386289572,1.43936351318725,
0.869263920957366));
#10146=CARTESIAN_POINT('Ctrl Pts',(-0.734514975068361,1.46230875690402,
0.89201886160824));
#10147=CARTESIAN_POINT('Ctrl Pts',(-0.734511511175669,1.46231605469609,
0.89201886160824));
#10148=CARTESIAN_POINT('Ctrl Pts',(-0.734508047280955,1.46232335248721,
0.89201886160824));
#10149=CARTESIAN_POINT('Ctrl Pts',(-0.734504583384219,1.46233065027737,
0.89201886160824));
#10150=CARTESIAN_POINT('Ctrl Pts',(-0.318207297116453,1.72980638932184,
1.12805995309953));
#10151=CARTESIAN_POINT('Ctrl Pts',(-0.317637669791523,1.60174603489569,
1.18736019669837));
#10152=CARTESIAN_POINT('Ctrl Pts',(-0.317311268371927,1.47359860061468,
1.24642520739358));
#10153=CARTESIAN_POINT('Ctrl Pts',(-0.317050113154405,1.34542842929111,
1.30543441562719));
#10154=CARTESIAN_POINT('Ctrl Pts',(-0.313483260101187,1.730048627196,1.1285837490314));
#10155=CARTESIAN_POINT('Ctrl Pts',(-0.312956626393194,1.60194625592913,
1.18779466506681));
#10156=CARTESIAN_POINT('Ctrl Pts',(-0.31265710769096,1.47377630229818,1.24681102528846));
#10157=CARTESIAN_POINT('Ctrl Pts',(-0.3124174275425,1.34558791845783,1.30578097099907));
#10158=CARTESIAN_POINT('Ctrl Pts',(-0.303772947603507,1.72955223364867,
1.12751038706602));
#10159=CARTESIAN_POINT('Ctrl Pts',(-0.303383894097078,1.60138915658081,
1.18658694341171));
#10160=CARTESIAN_POINT('Ctrl Pts',(-0.303163917307997,1.47318669650394,
1.24553105086372));
#10161=CARTESIAN_POINT('Ctrl Pts',(-0.302988814494178,1.34497226227664,
1.30444320642727));
#10162=CARTESIAN_POINT('Ctrl Pts',(-0.289623563654617,1.72546934510458,
1.11868187328771));
#10163=CARTESIAN_POINT('Ctrl Pts',(-0.289514962493255,1.5972996800228,1.17771873170815));
#10164=CARTESIAN_POINT('Ctrl Pts',(-0.28945481565388,1.46909382916807,1.23664550760189));
#10165=CARTESIAN_POINT('Ctrl Pts',(-0.289406565556721,1.34087682564121,
1.29554419720034));
#10166=CARTESIAN_POINT('Ctrl Pts',(-0.285099213282893,1.7205000919711,1.10793675514815));
#10167=CARTESIAN_POINT('Ctrl Pts',(-0.285101225600482,1.59239790216383,
1.16708857465114));
#10168=CARTESIAN_POINT('Ctrl Pts',(-0.285098355914518,1.4642286898815,1.22608330428228));
#10169=CARTESIAN_POINT('Ctrl Pts',(-0.285099213282893,1.33604061217274,
1.28503554766908));
#10170=CARTESIAN_POINT('Ctrl Pts',(-0.285099213282893,1.71750359275216,
1.10145736332655));
#10171=CARTESIAN_POINT('Ctrl Pts',(-0.285099213282893,1.58944323832601,
1.16068093902317));
#10172=CARTESIAN_POINT('Ctrl Pts',(-0.285099213282893,1.461295804045,1.21971602949798));
#10173=CARTESIAN_POINT('Ctrl Pts',(-0.285099213282893,1.33312563272143,
1.27870156393482));
#10174=CARTESIAN_POINT('Ctrl Pts',(-0.285099213282893,1.33312563272143,
1.27870156393482));
#10175=CARTESIAN_POINT('Ctrl Pts',(-0.285099213282893,1.461295804045,1.21971602949798));
#10176=CARTESIAN_POINT('Ctrl Pts',(-0.285099213282893,1.58944323832601,
1.16068093902317));
#10177=CARTESIAN_POINT('Ctrl Pts',(-0.285099213282893,1.71750359275216,
1.10145736332655));
#10178=CARTESIAN_POINT('Ctrl Pts',(-0.318207297116453,1.72980638932184,
1.12805995309953));
#10179=CARTESIAN_POINT('Ctrl Pts',(-0.317637669791523,1.60174603489569,
1.18736019669837));
#10180=CARTESIAN_POINT('Ctrl Pts',(-0.317311268371927,1.47359860061468,
1.24642520739358));
#10181=CARTESIAN_POINT('Ctrl Pts',(-0.317050113154405,1.34542842929111,
1.30543441562719));
#10182=CARTESIAN_POINT('Origin',(-0.529883245616444,1.73792041434928,0.471348434736413));
#10183=CARTESIAN_POINT('Origin',(-0.529883245616444,1.77729049308944,0.471348434736413));
#10184=CARTESIAN_POINT('',(-0.421615529081011,1.73792041434928,0.471348434736413));
#10185=CARTESIAN_POINT('Origin',(-0.529883245616444,1.73792041434928,0.471348434736413));
#10186=CARTESIAN_POINT('Origin',(-0.529883245616444,1.73792041434928,0.471348434736413));
#10187=CARTESIAN_POINT('Ctrl Pts',(-0.601187299842937,1.70133577325566,
0.552820088056216));
#10188=CARTESIAN_POINT('Ctrl Pts',(-0.610040043265323,1.67209671386063,
0.54507216014115));
#10189=CARTESIAN_POINT('Ctrl Pts',(-0.625828138428291,1.61409661877927,
0.526209368480532));
#10190=CARTESIAN_POINT('Ctrl Pts',(-0.638117663250327,1.54424678496978,
0.492675031117166));
#10191=CARTESIAN_POINT('Ctrl Pts',(-0.638566983503422,1.49376109790613,
0.458011065167913));
#10192=CARTESIAN_POINT('Ctrl Pts',(-0.632078448064223,1.4670788839068,0.432308107080873));
#10193=CARTESIAN_POINT('Ctrl Pts',(-0.620022092452095,1.45347466496436,
0.4102909528971));
#10194=CARTESIAN_POINT('Ctrl Pts',(-0.602491320322747,1.44822367419185,
0.388884641814527));
#10195=CARTESIAN_POINT('Ctrl Pts',(-0.573939688167558,1.46166007436997,
0.370262361602371));
#10196=CARTESIAN_POINT('Ctrl Pts',(-0.543261877115641,1.4938559610638,0.362779804754836));
#10197=CARTESIAN_POINT('Ctrl Pts',(-0.508509474724865,1.54422010166548,
0.363045703272328));
#10198=CARTESIAN_POINT('Ctrl Pts',(-0.475031861834557,1.61410221152196,
0.375417576186633));
#10199=CARTESIAN_POINT('Ctrl Pts',(-0.456159520211985,1.67209671385959,
0.39119163708722));
#10200=CARTESIAN_POINT('Ctrl Pts',(-0.44841159229666,1.70133577325559,0.400044380509898));
#10201=CARTESIAN_POINT('Ctrl Pts',(-0.603500150565007,1.70279726930335,
0.550795879308949));
#10202=CARTESIAN_POINT('Ctrl Pts',(-0.612234084371511,1.67366272652258,
0.542706956866648));
#10203=CARTESIAN_POINT('Ctrl Pts',(-0.627622981448648,1.61591754403697,
0.523166453980329));
#10204=CARTESIAN_POINT('Ctrl Pts',(-0.638833298305955,1.54661282032471,
0.489037781001028));
#10205=CARTESIAN_POINT('Ctrl Pts',(-0.638116553460968,1.49695440520925,
0.454536186315573));
#10206=CARTESIAN_POINT('Ctrl Pts',(-0.630966061036888,1.47114111183811,
0.429638420481947));
#10207=CARTESIAN_POINT('Ctrl Pts',(-0.619054489848609,1.45835029186155,
0.4090290402954));
#10208=CARTESIAN_POINT('Ctrl Pts',(-0.602742376662669,1.45351450456647,
0.389462354182713));
#10209=CARTESIAN_POINT('Ctrl Pts',(-0.576523440353306,1.46590005132938,
0.371591541266646));
#10210=CARTESIAN_POINT('Ctrl Pts',(-0.546703327526848,1.49704550318092,
0.363189361778541));
#10211=CARTESIAN_POINT('Ctrl Pts',(-0.512174801952262,1.54658778414404,
0.362356506701971));
#10212=CARTESIAN_POINT('Ctrl Pts',(-0.478064726089024,1.61591879253018,
0.373610615964508));
#10213=CARTESIAN_POINT('Ctrl Pts',(-0.458524723486499,1.67366272652155,
0.388997595981037));
#10214=CARTESIAN_POINT('Ctrl Pts',(-0.450435801043928,1.70279726930328,
0.397731529787828));
#10215=CARTESIAN_POINT('Ctrl Pts',(-0.609312892828906,1.70571926913666,
0.548106937176708));
#10216=CARTESIAN_POINT('Ctrl Pts',(-0.618080148432639,1.67679398317014,
0.539344758038034));
#10217=CARTESIAN_POINT('Ctrl Pts',(-0.633257940528827,1.61955148328663,
0.518371505634459));
#10218=CARTESIAN_POINT('Ctrl Pts',(-0.643204554110884,1.55133797835462,
0.482429120687271));
#10219=CARTESIAN_POINT('Ctrl Pts',(-0.640733846115153,1.50332926827806,
0.447222567428233));
#10220=CARTESIAN_POINT('Ctrl Pts',(-0.632418334408804,1.47925449335957,
0.422938349809609));
#10221=CARTESIAN_POINT('Ctrl Pts',(-0.620559717551707,1.46809014016535,
0.404196248623536));
#10222=CARTESIAN_POINT('Ctrl Pts',(-0.606073783597258,1.46408517545943,
0.387392827694073));
#10223=CARTESIAN_POINT('Ctrl Pts',(-0.583240571896408,1.47436923766254,
0.37052395369024));
#10224=CARTESIAN_POINT('Ctrl Pts',(-0.553954529086277,1.50341374758103,
0.360497131855456));
#10225=CARTESIAN_POINT('Ctrl Pts',(-0.518827634074899,1.55131427966483,
0.358035769755761));
#10226=CARTESIAN_POINT('Ctrl Pts',(-0.482845937782059,1.6195461892231,0.367946948778613));
#10227=CARTESIAN_POINT('Ctrl Pts',(-0.461886922315138,1.67679398316912,
0.383151531919909));
#10228=CARTESIAN_POINT('Ctrl Pts',(-0.45312474317617,1.70571926913659,0.39191878752393));
#10229=CARTESIAN_POINT('Ctrl Pts',(-0.618470438533009,1.7086783221629,0.549121432074584));
#10230=CARTESIAN_POINT('Ctrl Pts',(-0.627802027441318,1.67986284970121,
0.539791836668375));
#10231=CARTESIAN_POINT('Ctrl Pts',(-0.64399971643968,1.62287239296538,0.517408981537988));
#10232=CARTESIAN_POINT('Ctrl Pts',(-0.654703139232884,1.55516339919592,
0.478861745885327));
#10233=CARTESIAN_POINT('Ctrl Pts',(-0.652158580156869,1.50784731488143,
0.440998496681034));
#10234=CARTESIAN_POINT('Ctrl Pts',(-0.643348891540643,1.48445951989657,
0.41492600695811));
#10235=CARTESIAN_POINT('Ctrl Pts',(-0.630835758425641,1.47391012898089,
0.395015082790846));
#10236=CARTESIAN_POINT('Ctrl Pts',(-0.615714678192747,1.47021482093725,
0.377423306882918));
#10237=CARTESIAN_POINT('Ctrl Pts',(-0.591645107146115,1.47971500866216,
0.359722056076157));
#10238=CARTESIAN_POINT('Ctrl Pts',(-0.560161460804472,1.50792931889609,
0.349062399402567));
#10239=CARTESIAN_POINT('Ctrl Pts',(-0.522407580173615,1.55513956549358,
0.34654598647397));
#10240=CARTESIAN_POINT('Ctrl Pts',(-0.483802348379153,1.62286540829418,
0.35720050624793));
#10241=CARTESIAN_POINT('Ctrl Pts',(-0.461439843684817,1.67986284970019,
0.373429652911209));
#10242=CARTESIAN_POINT('Ctrl Pts',(-0.452110248278296,1.70867832216283,
0.382761241819825));
#10243=CARTESIAN_POINT('Ctrl Pts',(-0.625813270484522,1.70991356166735,
0.553566938673529));
#10244=CARTESIAN_POINT('Ctrl Pts',(-0.635771697341952,1.6809747844356,0.544104532122253));
#10245=CARTESIAN_POINT('Ctrl Pts',(-0.653256454007334,1.62368509275559,
0.521215361682191));
#10246=CARTESIAN_POINT('Ctrl Pts',(-0.665722249876093,1.5552811015361,0.481128518830947));
#10247=CARTESIAN_POINT('Ctrl Pts',(-0.66435478688147,1.50687051786731,0.440763028252927));
#10248=CARTESIAN_POINT('Ctrl Pts',(-0.655771047839815,1.48229609722343,
0.411965046973064));
#10249=CARTESIAN_POINT('Ctrl Pts',(-0.642133303623037,1.47061977928256,
0.388729990002296));
#10250=CARTESIAN_POINT('Ctrl Pts',(-0.624120446038515,1.46634554028791,
0.367216285369719));
#10251=CARTESIAN_POINT('Ctrl Pts',(-0.595038028848696,1.47730866040441,
0.347126465147457));
#10252=CARTESIAN_POINT('Ctrl Pts',(-0.560445658518436,1.50695637763103,
0.336928346496204));
#10253=CARTESIAN_POINT('Ctrl Pts',(-0.520099810686427,1.55525751641803,
0.335485341761673));
#10254=CARTESIAN_POINT('Ctrl Pts',(-0.480008944788121,1.623681455827,0.347962111815012));
#10255=CARTESIAN_POINT('Ctrl Pts',(-0.457127148230943,1.68097478443457,
0.365459983010553));
#10256=CARTESIAN_POINT('Ctrl Pts',(-0.447664741679351,1.70991356166728,
0.375418409868311));
#10257=CARTESIAN_POINT('Ctrl Pts',(-0.62905906666019,1.70980302092993,0.557628548566786));
#10258=CARTESIAN_POINT('Ctrl Pts',(-0.639329726935809,1.68067860286846,
0.548250068786562));
#10259=CARTESIAN_POINT('Ctrl Pts',(-0.657499791755142,1.62293874856613,
0.525410590399035));
#10260=CARTESIAN_POINT('Ctrl Pts',(-0.671045073170519,1.55361832942652,
0.484914810140095));
#10261=CARTESIAN_POINT('Ctrl Pts',(-0.670519655597743,1.50386601404637,
0.443355743285689));
#10262=CARTESIAN_POINT('Ctrl Pts',(-0.662144890630093,1.47792161664183,
0.412884560098535));
#10263=CARTESIAN_POINT('Ctrl Pts',(-0.647650627491428,1.46498407784148,
0.387221648589588));
#10264=CARTESIAN_POINT('Ctrl Pts',(-0.627291098075228,1.46007021242889,
0.362593402731461));
#10265=CARTESIAN_POINT('Ctrl Pts',(-0.594345009463012,1.47265398371911,
0.340593245566918));
#10266=CARTESIAN_POINT('Ctrl Pts',(-0.557902557176577,1.50395860133706,
0.330823433057521));
#10267=CARTESIAN_POINT('Ctrl Pts',(-0.516278925624022,1.55359079878838,
0.330123472098675));
#10268=CARTESIAN_POINT('Ctrl Pts',(-0.47582640857474,1.62294328064838,0.343740026901853));
#10269=CARTESIAN_POINT('Ctrl Pts',(-0.452981611566632,1.68067860286742,
0.361901953416685));
#10270=CARTESIAN_POINT('Ctrl Pts',(-0.443603131786094,1.70980302092986,
0.372172613692642));
#10271=CARTESIAN_POINT('Ctrl Pts',(-0.63027012870907,1.70953763763545,0.559859725927577));
#10272=CARTESIAN_POINT('Ctrl Pts',(-0.64065811801976,1.68029857824042,0.550548928757781));
#10273=CARTESIAN_POINT('Ctrl Pts',(-0.659087874601055,1.62229848315905,
0.527792556795993));
#10274=CARTESIAN_POINT('Ctrl Pts',(-0.673074904453798,1.55244864934956,
0.487205901708328));
#10275=CARTESIAN_POINT('Ctrl Pts',(-0.672898352888347,1.50196296228591,
0.445178507639644));
#10276=CARTESIAN_POINT('Ctrl Pts',(-0.664595394775374,1.47528074828659,
0.413965600621727));
#10277=CARTESIAN_POINT('Ctrl Pts',(-0.649666876888945,1.46167652934415,
0.387158805405266));
#10278=CARTESIAN_POINT('Ctrl Pts',(-0.628149842921252,1.45642553857164,
0.361019857848295));
#10279=CARTESIAN_POINT('Ctrl Pts',(-0.593356193436371,1.46986193874976,
0.338067931088682));
#10280=CARTESIAN_POINT('Ctrl Pts',(-0.556104385028986,1.50205782544358,
0.328472634188102));
#10281=CARTESIAN_POINT('Ctrl Pts',(-0.513968011648473,1.55242196604527,
0.328073804283315));
#10282=CARTESIAN_POINT('Ctrl Pts',(-0.473450809277724,1.62230407590175,
0.342160868552389));
#10283=CARTESIAN_POINT('Ctrl Pts',(-0.45068275159541,1.68029857823938,0.36057356233273));
#10284=CARTESIAN_POINT('Ctrl Pts',(-0.441371954425303,1.70953763763538,
0.370961551643762));
#10285=CARTESIAN_POINT('Ctrl Pts',(-0.441371954425303,1.70953763763538,
0.370961551643761));
#10286=CARTESIAN_POINT('Ctrl Pts',(-0.447548200158709,1.69014213233717,
0.364070758783735));
#10287=CARTESIAN_POINT('Ctrl Pts',(-0.4546434929122,1.67083482421654,0.357693954747709));
#10288=CARTESIAN_POINT('Ctrl Pts',(-0.462746708409698,1.65172742337955,
0.352018005152032));
#10289=CARTESIAN_POINT('Ctrl Pts',(-0.466856920991659,1.64203553262914,
0.349138980220517));
#10290=CARTESIAN_POINT('Ctrl Pts',(-0.471229414133336,1.63240142578015,
0.346445062852582));
#10291=CARTESIAN_POINT('Ctrl Pts',(-0.475874662854737,1.62282988558278,
0.343955176903162));
#10292=CARTESIAN_POINT('Ctrl Pts',(-0.48546518366293,1.60306860670736,0.338814590372684));
#10293=CARTESIAN_POINT('Ctrl Pts',(-0.496216025270328,1.58357518981016,
0.334543448372644));
#10294=CARTESIAN_POINT('Ctrl Pts',(-0.508400907002079,1.56472977113951,
0.331808888933005));
#10295=CARTESIAN_POINT('Ctrl Pts',(-0.51160820773733,1.55976928596706,0.331089099057779));
#10296=CARTESIAN_POINT('Ctrl Pts',(-0.514915079176515,1.55485359692961,
0.330475812252007));
#10297=CARTESIAN_POINT('Ctrl Pts',(-0.518327158360112,1.54998936214316,
0.329981400756035));
#10298=CARTESIAN_POINT('Ctrl Pts',(-0.520611362618681,1.54673301748758,
0.329650418740725));
#10299=CARTESIAN_POINT('Ctrl Pts',(-0.522943516594377,1.54350250336933,
0.329374713721527));
#10300=CARTESIAN_POINT('Ctrl Pts',(-0.525324643477063,1.54030064060176,
0.329158070637039));
#10301=CARTESIAN_POINT('Ctrl Pts',(-0.535050790960295,1.52722204755204,
0.328273152405137));
#10302=CARTESIAN_POINT('Ctrl Pts',(-0.54559515130064,1.51462368078248,0.328376545402841));
#10303=CARTESIAN_POINT('Ctrl Pts',(-0.557045975472352,1.50298736460223,
0.330021999829132));
#10304=CARTESIAN_POINT('Ctrl Pts',(-0.557804554039901,1.50221649781333,
0.330131005647661));
#10305=CARTESIAN_POINT('Ctrl Pts',(-0.558567105860877,1.50144984147033,
0.330246764346524));
#10306=CARTESIAN_POINT('Ctrl Pts',(-0.559333561541423,1.50068789983666,
0.330369679771318));
#10307=CARTESIAN_POINT('Ctrl Pts',(-0.565740249564498,1.49431894405402,
0.331397111363086));
#10308=CARTESIAN_POINT('Ctrl Pts',(-0.572461118579963,1.48827464635902,
0.332952607848824));
#10309=CARTESIAN_POINT('Ctrl Pts',(-0.579428680123612,1.48282605368716,
0.335241386464647));
#10310=CARTESIAN_POINT('Ctrl Pts',(-0.582255345382279,1.48061561786715,
0.33616991948981));
#10311=CARTESIAN_POINT('Ctrl Pts',(-0.585122896151643,1.47850286999193,
0.337219016772217));
#10312=CARTESIAN_POINT('Ctrl Pts',(-0.588028898706728,1.47650412126356,
0.338402575060401));
#10313=CARTESIAN_POINT('Ctrl Pts',(-0.59004100663028,1.47512019331535,0.339222067460872));
#10314=CARTESIAN_POINT('Ctrl Pts',(-0.59206718470934,1.47380025356997,0.340107990396763));
#10315=CARTESIAN_POINT('Ctrl Pts',(-0.59410830599292,1.47254817164196,0.341065274681622));
#10316=CARTESIAN_POINT('Ctrl Pts',(-0.598915672200522,1.46959919629284,
0.343319925671313));
#10317=CARTESIAN_POINT('Ctrl Pts',(-0.603805224661142,1.46702555695269,
0.34596886757297));
#10318=CARTESIAN_POINT('Ctrl Pts',(-0.608665966298789,1.46493041985204,
0.349000657551877));
#10319=CARTESIAN_POINT('Ctrl Pts',(-0.612941448926017,1.46308754834328,
0.351667403976707));
#10320=CARTESIAN_POINT('Ctrl Pts',(-0.617205067542633,1.4616112659368,0.354637523728717));
#10321=CARTESIAN_POINT('Ctrl Pts',(-0.621363612201311,1.46060045581014,
0.357908731612405));
#10322=CARTESIAN_POINT('Ctrl Pts',(-0.623950460030139,1.45997167526402,
0.359943606239496));
#10323=CARTESIAN_POINT('Ctrl Pts',(-0.62649725759852,1.4595234960284,0.362096025559));
#10324=CARTESIAN_POINT('Ctrl Pts',(-0.6289706477927,1.4592812736174,0.364355930698211));
#10325=CARTESIAN_POINT('Ctrl Pts',(-0.630339287635921,1.45914724088638,
0.365606439502969));
#10326=CARTESIAN_POINT('Ctrl Pts',(-0.631684995472353,1.45907783241811,
0.36689040663647));
#10327=CARTESIAN_POINT('Ctrl Pts',(-0.633000655099004,1.45907768758883,
0.368204688714908));
#10328=CARTESIAN_POINT('Ctrl Pts',(-0.63300504672098,1.4590776871054,0.368209075738681));
#10329=CARTESIAN_POINT('Ctrl Pts',(-0.633009438008306,1.45907768739265,
0.368213463099446));
#10330=CARTESIAN_POINT('Ctrl Pts',(-0.633013828960743,1.45907768845049,
0.368217850796859));
#10331=CARTESIAN_POINT('Ctrl Pts',(-0.634333678956826,1.45907800642048,
0.369536722384626));
#10332=CARTESIAN_POINT('Ctrl Pts',(-0.635625794137863,1.45913993648546,
0.370883322043563));
#10333=CARTESIAN_POINT('Ctrl Pts',(-0.636886588237498,1.45926311815744,
0.372252759899834));
#10334=CARTESIAN_POINT('Ctrl Pts',(-0.638705003583958,1.45944078034891,
0.374227869725131));
#10335=CARTESIAN_POINT('Ctrl Pts',(-0.640457720071178,1.45974714378203,
0.376250766616873));
#10336=CARTESIAN_POINT('Ctrl Pts',(-0.64213542555269,1.4601777482338,0.378306282665646));
#10337=CARTESIAN_POINT('Ctrl Pts',(-0.644523548917595,1.46079069047166,
0.381232199018131));
#10338=CARTESIAN_POINT('Ctrl Pts',(-0.646767090062727,1.46164654335611,
0.384226084738796));
#10339=CARTESIAN_POINT('Ctrl Pts',(-0.648843312378787,1.46272068286539,
0.387242286362702));
#10340=CARTESIAN_POINT('Ctrl Pts',(-0.650058313813558,1.46334926730687,
0.389007361938789));
#10341=CARTESIAN_POINT('Ctrl Pts',(-0.651215947032743,1.46405270021305,
0.390780093986352));
#10342=CARTESIAN_POINT('Ctrl Pts',(-0.652319269556044,1.46482458837133,
0.392557550892003));
#10343=CARTESIAN_POINT('Ctrl Pts',(-0.655339976791086,1.46693788534037,
0.397423922076752));
#10344=CARTESIAN_POINT('Ctrl Pts',(-0.657940813505741,1.46955574036682,
0.402305465807557));
#10345=CARTESIAN_POINT('Ctrl Pts',(-0.660172381753679,1.47252527651795,
0.4071107419157));
#10346=CARTESIAN_POINT('Ctrl Pts',(-0.661122392291737,1.4737894505531,0.409156416720955));
#10347=CARTESIAN_POINT('Ctrl Pts',(-0.662005469058728,1.47511734833728,
0.411188245819537));
#10348=CARTESIAN_POINT('Ctrl Pts',(-0.662825709508378,1.47650317472138,
0.41320486729511));
#10349=CARTESIAN_POINT('Ctrl Pts',(-0.666537727503371,1.48277476554325,
0.422331136561165));
#10350=CARTESIAN_POINT('Ctrl Pts',(-0.668945134354121,1.49017786055803,
0.431083108073198));
#10351=CARTESIAN_POINT('Ctrl Pts',(-0.670463640318073,1.49815980359909,
0.439358424022393));
#10352=CARTESIAN_POINT('Ctrl Pts',(-0.670621143990589,1.49898771298675,
0.440216762866076));
#10353=CARTESIAN_POINT('Ctrl Pts',(-0.670769051555456,1.49982187800928,
0.44106996356233));
#10354=CARTESIAN_POINT('Ctrl Pts',(-0.670907806366773,1.5006616990314,0.441917904941884));
#10355=CARTESIAN_POINT('Ctrl Pts',(-0.671032360457612,1.50141556942253,
0.442679064620692));
#10356=CARTESIAN_POINT('Ctrl Pts',(-0.671149599996642,1.502174231425,0.443436253177975));
#10357=CARTESIAN_POINT('Ctrl Pts',(-0.671259829697033,1.50293723079791,
0.444189350115223));
#10358=CARTESIAN_POINT('Ctrl Pts',(-0.672938789232384,1.51455882704702,
0.455660117788085));
#10359=CARTESIAN_POINT('Ctrl Pts',(-0.672987587047075,1.52718920772807,
0.466179660415276));
#10360=CARTESIAN_POINT('Ctrl Pts',(-0.672081603278554,1.54027803346909,
0.475900542859635));
#10361=CARTESIAN_POINT('Ctrl Pts',(-0.671859444588207,1.54348757925329,
0.478284226307281));
#10362=CARTESIAN_POINT('Ctrl Pts',(-0.671580067811968,1.54672456993417,
0.480619991859355));
#10363=CARTESIAN_POINT('Ctrl Pts',(-0.671247162691276,1.54998613199748,
0.482908826779552));
#10364=CARTESIAN_POINT('Ctrl Pts',(-0.669197220912761,1.57006996946712,
0.497002867499831));
#10365=CARTESIAN_POINT('Ctrl Pts',(-0.665136287801777,1.59104074280697,
0.509307570099944));
#10366=CARTESIAN_POINT('Ctrl Pts',(-0.659908287456271,1.61240665149302,
0.520183301816315));
#10367=CARTESIAN_POINT('Ctrl Pts',(-0.659060575468503,1.61587109979557,
0.521946784513795));
#10368=CARTESIAN_POINT('Ctrl Pts',(-0.658182107562173,1.61934595717916,
0.523672615133529));
#10369=CARTESIAN_POINT('Ctrl Pts',(-0.657276415527211,1.62282914267942,
0.525362245896253));
#10370=CARTESIAN_POINT('Ctrl Pts',(-0.654787553638349,1.63240101403167,
0.530005388873401));
#10371=CARTESIAN_POINT('Ctrl Pts',(-0.652093140751682,1.64203577497129,
0.534375231726093));
#10372=CARTESIAN_POINT('Ctrl Pts',(-0.649215132915198,1.65172737402548,
0.5384861631438));
#10373=CARTESIAN_POINT('Ctrl Pts',(-0.643541032445399,1.67083472531529,
0.546591018729259));
#10374=CARTESIAN_POINT('Ctrl Pts',(-0.637160921569051,1.69014213233737,
0.553683480194215));
#10375=CARTESIAN_POINT('Ctrl Pts',(-0.63027012870907,1.70953763763545,0.559859725927577));
#10376=CARTESIAN_POINT('Ctrl Pts',(-0.601187299842937,1.70133577325566,
0.552820088056216));
#10377=CARTESIAN_POINT('Ctrl Pts',(-0.610040043265323,1.67209671386063,
0.54507216014115));
#10378=CARTESIAN_POINT('Ctrl Pts',(-0.625828138428291,1.61409661877927,
0.526209368480532));
#10379=CARTESIAN_POINT('Ctrl Pts',(-0.638117663250327,1.54424678496978,
0.492675031117166));
#10380=CARTESIAN_POINT('Ctrl Pts',(-0.638566983503422,1.49376109790613,
0.458011065167913));
#10381=CARTESIAN_POINT('Ctrl Pts',(-0.632078448064223,1.4670788839068,0.432308107080873));
#10382=CARTESIAN_POINT('Ctrl Pts',(-0.620022092452095,1.45347466496436,
0.4102909528971));
#10383=CARTESIAN_POINT('Ctrl Pts',(-0.602491320322747,1.44822367419185,
0.388884641814527));
#10384=CARTESIAN_POINT('Ctrl Pts',(-0.573939688167558,1.46166007436997,
0.370262361602371));
#10385=CARTESIAN_POINT('Ctrl Pts',(-0.543261877115641,1.4938559610638,0.362779804754836));
#10386=CARTESIAN_POINT('Ctrl Pts',(-0.508509474724865,1.54422010166548,
0.363045703272328));
#10387=CARTESIAN_POINT('Ctrl Pts',(-0.475031861834557,1.61410221152196,
0.375417576186633));
#10388=CARTESIAN_POINT('Ctrl Pts',(-0.456159520211985,1.67209671385959,
0.39119163708722));
#10389=CARTESIAN_POINT('Ctrl Pts',(-0.44841159229666,1.70133577325559,0.400044380509898));
#10390=CARTESIAN_POINT('Origin',(-0.265414173912814,1.73792041434928,0.735817506440042));
#10391=CARTESIAN_POINT('Origin',(-0.265414173912814,1.77729049308944,0.735817506440042));
#10392=CARTESIAN_POINT('Origin',(-0.265414173912814,1.75432414310885,0.735817506440042));
#10393=CARTESIAN_POINT('Origin',(-0.000945102209184432,1.73792041434928,
0.471348434736412));
#10394=CARTESIAN_POINT('Origin',(-0.000945102209184432,1.77729049308944,
0.471348434736412));
#10395=CARTESIAN_POINT('Origin',(-0.000945102209184432,1.73792041434928,
0.471348434736412));
#10396=CARTESIAN_POINT('Ctrl Pts',(-0.0824167581026305,1.70133578296805,
0.400044383450551));
#10397=CARTESIAN_POINT('Ctrl Pts',(-0.074668830442481,1.67209672306324,
0.391191639674684));
#10398=CARTESIAN_POINT('Ctrl Pts',(-0.055824882575095,1.6141017503368,0.375389320685477));
#10399=CARTESIAN_POINT('Ctrl Pts',(-0.0223195198722103,1.54429342802065,
0.363101859543067));
#10400=CARTESIAN_POINT('Ctrl Pts',(0.00801162597100993,1.50002317560338,
0.362635435757977));
#10401=CARTESIAN_POINT('Ctrl Pts',(0.0277602058643557,1.4778447786602,0.366576230828501));
#10402=CARTESIAN_POINT('Ctrl Pts',(0.0487143617538006,1.45887937122832,
0.373806980690097));
#10403=CARTESIAN_POINT('Ctrl Pts',(0.0775754713784572,1.44552535625588,
0.392802572255596));
#10404=CARTESIAN_POINT('Ctrl Pts',(0.0966434252782716,1.45883762094701,
0.421703497753417));
#10405=CARTESIAN_POINT('Ctrl Pts',(0.103843267136105,1.47782097078536,0.442640771930397));
#10406=CARTESIAN_POINT('Ctrl Pts',(0.107786727881628,1.49999717245524,0.462390328835361));
#10407=CARTESIAN_POINT('Ctrl Pts',(0.10727729747831,1.54430121297677,0.492705278595603));
#10408=CARTESIAN_POINT('Ctrl Pts',(0.0950442570143716,1.61406496107857,
0.526229252945307));
#10409=CARTESIAN_POINT('Ctrl Pts',(0.0792116955800409,1.67209671339709,
0.545072160018315));
#10410=CARTESIAN_POINT('Ctrl Pts',(0.0703589520173303,1.70133577325559,
0.552820088056197));
#10411=CARTESIAN_POINT('Ctrl Pts',(-0.0803925494685959,1.70279727898096,
0.397731532689414));
#10412=CARTESIAN_POINT('Ctrl Pts',(-0.0723036272748897,1.67366273568712,
0.38899759851153));
#10413=CARTESIAN_POINT('Ctrl Pts',(-0.0527692396063518,1.61592616551605,
0.373616859012089));
#10414=CARTESIAN_POINT('Ctrl Pts',(-0.0186731537577667,1.54665283371314,
0.362376405804375));
#10415=CARTESIAN_POINT('Ctrl Pts',(0.0115400126637028,1.5031168137763,0.362979946772599));
#10416=CARTESIAN_POINT('Ctrl Pts',(0.030758990050376,1.4815524221428,0.367416668310072));
#10417=CARTESIAN_POINT('Ctrl Pts',(0.0508993962241456,1.46333705365208,
0.37506639958245));
#10418=CARTESIAN_POINT('Ctrl Pts',(0.0772619070608154,1.45102389262369,
0.393127902512052));
#10419=CARTESIAN_POINT('Ctrl Pts',(0.095368968035473,1.46329699398163,0.419506903924281));
#10420=CARTESIAN_POINT('Ctrl Pts',(0.10299792174093,1.4815297173653,0.439640425244757));
#10421=CARTESIAN_POINT('Ctrl Pts',(0.107437051191745,1.503092277826,0.458858259204036));
#10422=CARTESIAN_POINT('Ctrl Pts',(0.107998663171061,1.54666288200029,0.489066187318277));
#10423=CARTESIAN_POINT('Ctrl Pts',(0.0968197938406145,1.61588790334152,
0.523171227825086));
#10424=CARTESIAN_POINT('Ctrl Pts',(0.0814057366843447,1.6736627260607,0.542706956738407));
#10425=CARTESIAN_POINT('Ctrl Pts',(0.0726718027394,1.70279726930328,0.550795879308929));
#10426=CARTESIAN_POINT('Ctrl Pts',(-0.07770351663744,1.70571929086155,0.391918836149077));
#10427=CARTESIAN_POINT('Ctrl Pts',(-0.0689413377480776,1.67679400437536,
0.383151580142044));
#10428=CARTESIAN_POINT('Ctrl Pts',(-0.0479446369840637,1.61956880457432,
0.368019550529269));
#10429=CARTESIAN_POINT('Ctrl Pts',(-0.0120601064791948,1.55136221412763,
0.357994109547912));
#10430=CARTESIAN_POINT('Ctrl Pts',(0.0188285444449874,1.50929319461729,
0.360217145753245));
#10431=CARTESIAN_POINT('Ctrl Pts',(0.0377128788122677,1.48895641241396,
0.365488065126334));
#10432=CARTESIAN_POINT('Ctrl Pts',(0.0570675655811973,1.47224149545072,
0.37394777636783));
#10433=CARTESIAN_POINT('Ctrl Pts',(0.0797348954752716,1.46200942768444,
0.390672705703156));
#10434=CARTESIAN_POINT('Ctrl Pts',(0.0964608652983654,1.47220447689102,
0.413317447087161));
#10435=CARTESIAN_POINT('Ctrl Pts',(0.104916900293712,1.4889362824241,0.432680065817152));
#10436=CARTESIAN_POINT('Ctrl Pts',(0.110189454721253,1.50927078046337,0.451564507713451));
#10437=CARTESIAN_POINT('Ctrl Pts',(0.112378265455847,1.55137984226157,0.482453833591682));
#10438=CARTESIAN_POINT('Ctrl Pts',(0.102418932808225,1.61952614426413,0.518346217671989));
#10439=CARTESIAN_POINT('Ctrl Pts',(0.0872517550330499,1.6767939948283,0.539344666976497));
#10440=CARTESIAN_POINT('Ctrl Pts',(0.0784844992903481,1.70571928125332,
0.548106846254064));
#10441=CARTESIAN_POINT('Ctrl Pts',(-0.0787180394230422,1.70867834943601,
0.382761250782697));
#10442=CARTESIAN_POINT('Ctrl Pts',(-0.0693884442881719,1.67986287645226,
0.373429661449129));
#10443=CARTESIAN_POINT('Ctrl Pts',(-0.0469744498712291,1.62289350470517,
0.35728884816406));
#10444=CARTESIAN_POINT('Ctrl Pts',(-0.00849563551840432,1.55518080875606,
0.346490550903491));
#10445=CARTESIAN_POINT('Ctrl Pts',(0.0247363949102245,1.51372775878206,
0.348796973355876));
#10446=CARTESIAN_POINT('Ctrl Pts',(0.0450059655671041,1.49388127271382,
0.35436001342407));
#10447=CARTESIAN_POINT('Ctrl Pts',(0.0657503083934397,1.47774978293528,
0.3633389313383));
#10448=CARTESIAN_POINT('Ctrl Pts',(0.0895848157572383,1.46829384269347,
0.380828309542358));
#10449=CARTESIAN_POINT('Ctrl Pts',(0.107066430934107,1.47771391942779,0.404628381099342));
#10450=CARTESIAN_POINT('Ctrl Pts',(0.116044747324033,1.49386231517883,0.42538578025548));
#10451=CARTESIAN_POINT('Ctrl Pts',(0.121609214858896,1.51370593694839,0.445653729874734));
#10452=CARTESIAN_POINT('Ctrl Pts',(0.123877880078715,1.55520229538557,0.478890456571853));
#10453=CARTESIAN_POINT('Ctrl Pts',(0.113154617860545,1.62284884386202,0.51737624655763));
#10454=CARTESIAN_POINT('Ctrl Pts',(0.0969736739006158,1.67986286694574,
0.539791773297312));
#10455=CARTESIAN_POINT('Ctrl Pts',(0.0876420848443927,1.70867833986418,
0.549121368851408));
#10456=CARTESIAN_POINT('Ctrl Pts',(-0.0831635392320916,1.70991359437106,
0.375418409957838));
#10457=CARTESIAN_POINT('Ctrl Pts',(-0.0737011329767332,1.68097481662199,
0.365459982670865));
#10458=CARTESIAN_POINT('Ctrl Pts',(-0.0508015312316471,1.62369915969453,
0.3480008398586));
#10459=CARTESIAN_POINT('Ctrl Pts',(-0.0107743266198105,1.55531089662353,
0.335482640977182));
#10460=CARTESIAN_POINT('Ctrl Pts',(0.0246101419717789,1.51288226091962,
0.336687529561792));
#10461=CARTESIAN_POINT('Ctrl Pts',(0.0468653164551289,1.4922020685962,0.342037891088941));
#10462=CARTESIAN_POINT('Ctrl Pts',(0.0700457529530167,1.47504056118151,
0.351099716741638));
#10463=CARTESIAN_POINT('Ctrl Pts',(0.0991420771411166,1.46413616081911,
0.371252118384002));
#10464=CARTESIAN_POINT('Ctrl Pts',(0.119328904459241,1.47500287762849,0.400350123893193));
#10465=CARTESIAN_POINT('Ctrl Pts',(0.128373822696639,1.49218113650791,0.423528290705924));
#10466=CARTESIAN_POINT('Ctrl Pts',(0.133726736484124,1.5128595029305,0.445784756080319));
#10467=CARTESIAN_POINT('Ctrl Pts',(0.134888730495601,1.55532531221521,0.481160521456603));
#10468=CARTESIAN_POINT('Ctrl Pts',(0.122440677840458,1.62365842944441,0.52120485346511));
#10469=CARTESIAN_POINT('Ctrl Pts',(0.10494335289249,1.68097480706792,0.544104461914752));
#10470=CARTESIAN_POINT('Ctrl Pts',(0.0949849258772096,1.70991358475838,
0.55356686861602));
#10471=CARTESIAN_POINT('Ctrl Pts',(-0.0872252191545142,1.70980303060439,
0.372172617104326));
#10472=CARTESIAN_POINT('Ctrl Pts',(-0.0778467396842309,1.68067861203063,
0.361901956401417));
#10473=CARTESIAN_POINT('Ctrl Pts',(-0.0550188598887006,1.62294859315098,
0.34372955644566));
#10474=CARTESIAN_POINT('Ctrl Pts',(-0.0145664017032848,1.55365663084666,
0.330166824497671));
#10475=CARTESIAN_POINT('Ctrl Pts',(0.0218184636464214,1.51003976158105,
0.330571098985843));
#10476=CARTESIAN_POINT('Ctrl Pts',(0.0452688340279039,1.48838654621165,
0.335755294592482));
#10477=CARTESIAN_POINT('Ctrl Pts',(0.0700234730255471,1.47004986824828,
0.344831579083436));
#10478=CARTESIAN_POINT('Ctrl Pts',(0.10322647774419,1.45753993597908,0.367155583400588));
#10479=CARTESIAN_POINT('Ctrl Pts',(0.125618328802981,1.47000921369999,0.400389097858122));
#10480=CARTESIAN_POINT('Ctrl Pts',(0.13466485453474,1.48836411354338,0.425130745986416));
#10481=CARTESIAN_POINT('Ctrl Pts',(0.139851496402039,1.51001409142888,0.448580804404176));
#10482=CARTESIAN_POINT('Ctrl Pts',(0.140205919429693,1.55366970151461,0.484951054176847));
#10483=CARTESIAN_POINT('Ctrl Pts',(0.126711719856471,1.62290905207487,0.525423989799844));
#10484=CARTESIAN_POINT('Ctrl Pts',(0.108501379273005,1.68067860240673,0.548250068637876));
#10485=CARTESIAN_POINT('Ctrl Pts',(0.0982307188345864,1.70980302092986,
0.557628548566763));
#10486=CARTESIAN_POINT('Ctrl Pts',(-0.0894563964931322,1.70953764734784,
0.370961555094383));
#10487=CARTESIAN_POINT('Ctrl Pts',(-0.0801455996396719,1.68029858744303,
0.360573565358072));
#10488=CARTESIAN_POINT('Ctrl Pts',(-0.0574120794938747,1.62230361471658,
0.342126424349661));
#10489=CARTESIAN_POINT('Ctrl Pts',(-0.0168603802005286,1.55249529240044,
0.328141555577666));
#10490=CARTESIAN_POINT('Ctrl Pts',(0.0199128369312503,1.50822503998317,
0.32820763698961));
#10491=CARTESIAN_POINT('Ctrl Pts',(0.043887949877655,1.48604664303999,0.333336675817785));
#10492=CARTESIAN_POINT('Ctrl Pts',(0.0693548802795113,1.4670812356081,0.342440110961562));
#10493=CARTESIAN_POINT('Ctrl Pts',(0.104526444237547,1.45372722063567,0.365846081662425));
#10494=CARTESIAN_POINT('Ctrl Pts',(0.128020151895852,1.4670394853268,0.401066547063654));
#10495=CARTESIAN_POINT('Ctrl Pts',(0.137086114968217,1.48602283516515,0.426512738799245));
#10496=CARTESIAN_POINT('Ctrl Pts',(0.142218378915843,1.50819903683503,0.450489063411141));
#10497=CARTESIAN_POINT('Ctrl Pts',(0.142232411256831,1.55250307735656,0.487242172695929));
#10498=CARTESIAN_POINT('Ctrl Pts',(0.128313396733418,1.62226682545835,0.527817102889778));
#10499=CARTESIAN_POINT('Ctrl Pts',(0.109829770358816,1.68029857777687,0.550548928610168));
#10500=CARTESIAN_POINT('Ctrl Pts',(0.0994417808834669,1.70953763763538,
0.559859725927554));
#10501=CARTESIAN_POINT('Ctrl Pts',(0.0994417808834669,1.70953763763538,
0.559859725927554));
#10502=CARTESIAN_POINT('Ctrl Pts',(0.106332573743497,1.69014213233716,0.553683480194145));
#10503=CARTESIAN_POINT('Ctrl Pts',(0.112716011186959,1.67083711273792,0.546589071739584));
#10504=CARTESIAN_POINT('Ctrl Pts',(0.118399816261273,1.65172801323591,0.538494127491077));
#10505=CARTESIAN_POINT('Ctrl Pts',(0.121282786635704,1.642035392355,0.534388166053977));
#10506=CARTESIAN_POINT('Ctrl Pts',(0.123981793592964,1.63239733746013,0.530021101856467));
#10507=CARTESIAN_POINT('Ctrl Pts',(0.126472044569722,1.62282380202332,0.525378908640383));
#10508=CARTESIAN_POINT('Ctrl Pts',(0.132966808556791,1.5978552933211,0.513271715589469));
#10509=CARTESIAN_POINT('Ctrl Pts',(0.138043067566548,1.57332609605894,0.499296021181576));
#10510=CARTESIAN_POINT('Ctrl Pts',(0.140449957884712,1.54997457673046,0.482930921343394));
#10511=CARTESIAN_POINT('Ctrl Pts',(0.140785671655039,1.54671749993827,0.480648312398984));
#10512=CARTESIAN_POINT('Ctrl Pts',(0.141066457318379,1.54348615453262,0.478316868110482));
#10513=CARTESIAN_POINT('Ctrl Pts',(0.141289838826871,1.5402822800868,0.475936592208774));
#10514=CARTESIAN_POINT('Ctrl Pts',(0.142019877295061,1.5298116211299,0.468157555417039));
#10515=CARTESIAN_POINT('Ctrl Pts',(0.142135249429743,1.51963693442054,0.459858386421329));
#10516=CARTESIAN_POINT('Ctrl Pts',(0.141283463829835,1.51004068897083,0.450978555775554));
#10517=CARTESIAN_POINT('Ctrl Pts',(0.141070589114084,1.50764243520533,0.44875934541929));
#10518=CARTESIAN_POINT('Ctrl Pts',(0.140797396526211,1.50528012793487,0.446503747922147));
#10519=CARTESIAN_POINT('Ctrl Pts',(0.14045849376267,1.50295773739104,0.444210444564276));
#10520=CARTESIAN_POINT('Ctrl Pts',(0.140346089305185,1.50218746615919,0.443449820728993));
#10521=CARTESIAN_POINT('Ctrl Pts',(0.140226456192541,1.5014215841031,0.442685046928233));
#10522=CARTESIAN_POINT('Ctrl Pts',(0.140099472639762,1.50066037084161,0.441916274303702));
#10523=CARTESIAN_POINT('Ctrl Pts',(0.139269561693135,1.49568540200038,0.436891900653721));
#10524=CARTESIAN_POINT('Ctrl Pts',(0.138093320043321,1.49092852917212,0.431667248710597));
#10525=CARTESIAN_POINT('Ctrl Pts',(0.136541432283022,1.48647345657937,0.42629930333186));
#10526=CARTESIAN_POINT('Ctrl Pts',(0.135306083928787,1.48292708761103,0.422026260745346));
#10527=CARTESIAN_POINT('Ctrl Pts',(0.133832815154998,1.47957188838535,0.417662473353725));
#10528=CARTESIAN_POINT('Ctrl Pts',(0.132023785281042,1.47649851799613,0.413197765931877));
#10529=CARTESIAN_POINT('Ctrl Pts',(0.131215801150627,1.47512582949766,0.411203651409097));
#10530=CARTESIAN_POINT('Ctrl Pts',(0.130349762073697,1.47380846264974,0.409199570271165));
#10531=CARTESIAN_POINT('Ctrl Pts',(0.129412704671218,1.47255567772674,0.407179689774692));
#10532=CARTESIAN_POINT('Ctrl Pts',(0.127327596678049,1.46976802368361,0.402685120971007));
#10533=CARTESIAN_POINT('Ctrl Pts',(0.124890698397659,1.4672976395959,0.39810991264698));
#10534=CARTESIAN_POINT('Ctrl Pts',(0.122092318202868,1.46527769710496,0.393551979322016));
#10535=CARTESIAN_POINT('Ctrl Pts',(0.121888820125901,1.46513080698143,0.393220526623666));
#10536=CARTESIAN_POINT('Ctrl Pts',(0.121683413227512,1.4649863147757,0.392889182819995));
#10537=CARTESIAN_POINT('Ctrl Pts',(0.121476095862714,1.46484427910715,0.392557994641496));
#10538=CARTESIAN_POINT('Ctrl Pts',(0.118464655440609,1.46278110435066,0.387747237621557));
#10539=CARTESIAN_POINT('Ctrl Pts',(0.11506516245021,1.46119185482806,0.382955006150712));
#10540=CARTESIAN_POINT('Ctrl Pts',(0.111291954737202,1.46020256270331,0.378313523238157));
#10541=CARTESIAN_POINT('Ctrl Pts',(0.109619762797832,1.45976413300568,0.376256533296592));
#10542=CARTESIAN_POINT('Ctrl Pts',(0.107874159261757,1.45944426714285,0.374229766769805));
#10543=CARTESIAN_POINT('Ctrl Pts',(0.106057491172041,1.45926471151526,0.372253309449383));
#10544=CARTESIAN_POINT('Ctrl Pts',(0.104797908528853,1.45914021703369,0.370882937310466));
#10545=CARTESIAN_POINT('Ctrl Pts',(0.103506220267001,1.45907858285207,0.369535843901776));
#10546=CARTESIAN_POINT('Ctrl Pts',(0.102186751603114,1.45907851587662,0.36821658055942));
#10547=CARTESIAN_POINT('Ctrl Pts',(0.102186173417164,1.45907851584727,0.368216002463441));
#10548=CARTESIAN_POINT('Ctrl Pts',(0.102185595225895,1.45907851582973,0.368215424372812));
#10549=CARTESIAN_POINT('Ctrl Pts',(0.102185017029307,1.459078515824,0.368214846287533));
#10550=CARTESIAN_POINT('Ctrl Pts',(0.100866102285487,1.459078502761,0.366896185449472));
#10551=CARTESIAN_POINT('Ctrl Pts',(0.0995193103944802,1.45914001212435,
0.365605222671269));
#10552=CARTESIAN_POINT('Ctrl Pts',(0.0981484814276986,1.45926780060563,
0.364347817505068));
#10553=CARTESIAN_POINT('Ctrl Pts',(0.0961704984902864,1.45945218789368,
0.362533494913097));
#10554=CARTESIAN_POINT('Ctrl Pts',(0.0941431617017374,1.45977470203539,
0.360789780165782));
#10555=CARTESIAN_POINT('Ctrl Pts',(0.0920857884486671,1.4602157984618,0.359119675751238));
#10556=CARTESIAN_POINT('Ctrl Pts',(0.0874434406151118,1.4612111079111,0.355351178421402));
#10557=CARTESIAN_POINT('Ctrl Pts',(0.0826522053849681,1.46280628684082,
0.35195810769475));
#10558=CARTESIAN_POINT('Ctrl Pts',(0.0778427346601398,1.46486804969264,
0.348948487350091));
#10559=CARTESIAN_POINT('Ctrl Pts',(0.0729592715876194,1.46696153218318,
0.345892564847108));
#10560=CARTESIAN_POINT('Ctrl Pts',(0.0680450276802422,1.46957340896942,
0.343244080204619));
#10561=CARTESIAN_POINT('Ctrl Pts',(0.0632225194609306,1.47255595743943,
0.341001835814139));
#10562=CARTESIAN_POINT('Ctrl Pts',(0.0612011790249303,1.47380608404381,
0.340062005533347));
#10563=CARTESIAN_POINT('Ctrl Pts',(0.059195568784296,1.47512181821924,0.339193606042189));
#10564=CARTESIAN_POINT('Ctrl Pts',(0.057200868374039,1.47649505135358,0.338385254898794));
#10565=CARTESIAN_POINT('Ctrl Pts',(0.0527335110526264,1.47957056237526,
0.33657486102704));
#10566=CARTESIAN_POINT('Ctrl Pts',(0.0483660639413376,1.48292717413665,
0.335098399568611));
#10567=CARTESIAN_POINT('Ctrl Pts',(0.0440905007184963,1.48647615423523,
0.333862075086182));
#10568=CARTESIAN_POINT('Ctrl Pts',(0.03872564533415,1.4909293137369,0.332310770214597));
#10569=CARTESIAN_POINT('Ctrl Pts',(0.0335055648289372,1.49568544372639,
0.331137737623786));
#10570=CARTESIAN_POINT('Ctrl Pts',(0.0284839550041232,1.50065794231922,
0.33030809126876));
#10571=CARTESIAN_POINT('Ctrl Pts',(0.0277111396131172,1.50142319959296,
0.330180410406521));
#10572=CARTESIAN_POINT('Ctrl Pts',(0.0269423630677642,1.5021931883404,0.330060152825656));
#10573=CARTESIAN_POINT('Ctrl Pts',(0.0261777710083299,1.50296760989031,
0.329947174220184));
#10574=CARTESIAN_POINT('Ctrl Pts',(0.0168293372103781,1.5124362258689,0.328565819286131));
#10575=CARTESIAN_POINT('Ctrl Pts',(0.00810312959116402,1.52257147566696,
0.328273530202965));
#10576=CARTESIAN_POINT('Ctrl Pts',(-7.00189782619591E-5,1.53308583759032,
0.32870745542986));
#10577=CARTESIAN_POINT('Ctrl Pts',(-0.00192297339805377,1.53546957419216,
0.328805831674976));
#10578=CARTESIAN_POINT('Ctrl Pts',(-0.00374738421850835,1.53787262863326,
0.328941466656554));
#10579=CARTESIAN_POINT('Ctrl Pts',(-0.00554391369024182,1.54029139603082,
0.329109994811005));
#10580=CARTESIAN_POINT('Ctrl Pts',(-0.00792115950032078,1.54349201408463,
0.329332998583197));
#10581=CARTESIAN_POINT('Ctrl Pts',(-0.0102495864904691,1.54672014994971,
0.32961360043597));
#10582=CARTESIAN_POINT('Ctrl Pts',(-0.0125293330829862,1.54997387730805,
0.329949111936146));
#10583=CARTESIAN_POINT('Ctrl Pts',(-0.027811677768938,1.57178532914549,
0.332198222608631));
#10584=CARTESIAN_POINT('Ctrl Pts',(-0.0410060212448312,1.59462461534317,
0.336786583543568));
#10585=CARTESIAN_POINT('Ctrl Pts',(-0.0525471750847363,1.61788593833006,
0.34267362802515));
#10586=CARTESIAN_POINT('Ctrl Pts',(-0.0533659137517909,1.61953611515297,
0.343091259660478));
#10587=CARTESIAN_POINT('Ctrl Pts',(-0.0541763147015828,1.62118841078433,
0.343515433567724));
#10588=CARTESIAN_POINT('Ctrl Pts',(-0.0549785262100879,1.62284260665913,
0.343945780316851));
#10589=CARTESIAN_POINT('Ctrl Pts',(-0.059618127014967,1.63240967024622,
0.346434696397536));
#10590=CARTESIAN_POINT('Ctrl Pts',(-0.0639838429314765,1.64204031729244,
0.349130084659026));
#10591=CARTESIAN_POINT('Ctrl Pts',(-0.0680889370178595,1.65172698118414,
0.352009483275463));
#10592=CARTESIAN_POINT('Ctrl Pts',(-0.0761869890908477,1.67083570487181,
0.357689625909014));
#10593=CARTESIAN_POINT('Ctrl Pts',(-0.0832801500363597,1.69014213878089,
0.36407076091085));
#10594=CARTESIAN_POINT('Ctrl Pts',(-0.0894563964931321,1.70953764734784,
0.370961555094383));
#10595=CARTESIAN_POINT('',(0.107368532549884,1.51357239286496,0.47137710906002));
#10596=CARTESIAN_POINT('Ctrl Pts',(-0.0824167581026305,1.70133578296805,
0.400044383450551));
#10597=CARTESIAN_POINT('Ctrl Pts',(-0.074668830442481,1.67209672306324,
0.391191639674684));
#10598=CARTESIAN_POINT('Ctrl Pts',(-0.055824882575095,1.6141017503368,0.375389320685477));
#10599=CARTESIAN_POINT('Ctrl Pts',(-0.0223195198722103,1.54429342802065,
0.363101859543067));
#10600=CARTESIAN_POINT('Ctrl Pts',(0.00801162597100993,1.50002317560338,
0.362635435757977));
#10601=CARTESIAN_POINT('Ctrl Pts',(0.0277602058643557,1.4778447786602,0.366576230828501));
#10602=CARTESIAN_POINT('Ctrl Pts',(0.0487143617538006,1.45887937122832,
0.373806980690097));
#10603=CARTESIAN_POINT('Ctrl Pts',(0.0775754713784572,1.44552535625588,
0.392802572255596));
#10604=CARTESIAN_POINT('Ctrl Pts',(0.0966434252782716,1.45883762094701,
0.421703497753417));
#10605=CARTESIAN_POINT('Ctrl Pts',(0.103843267136105,1.47782097078536,0.442640771930397));
#10606=CARTESIAN_POINT('Ctrl Pts',(0.106839300312502,1.49466927744211,0.457645442072883));
#10607=CARTESIAN_POINT('Ctrl Pts',(0.107382377202906,1.50706154242911,0.466871967747125));
#10608=CARTESIAN_POINT('Ctrl Pts',(0.107368532549884,1.51357239286496,0.47137710906002));
#10609=CARTESIAN_POINT('Ctrl Pts',(0.10736851534745,1.51358041378371,0.471382658915437));
#10610=CARTESIAN_POINT('Ctrl Pts',(0.107355494818112,1.51960009195722,0.475547684556412));
#10611=CARTESIAN_POINT('Ctrl Pts',(0.106005776457216,1.55155256414194,0.496189811996921));
#10612=CARTESIAN_POINT('Ctrl Pts',(0.0950442570143716,1.61406496107857,
0.526229252945307));
#10613=CARTESIAN_POINT('Ctrl Pts',(0.0792116955800409,1.67209671339709,
0.545072160018315));
#10614=CARTESIAN_POINT('Ctrl Pts',(0.0703589520173303,1.70133577325559,
0.552820088056197));
#10615=CARTESIAN_POINT('Origin',(-0.265414173912814,1.73792041434928,0.735817506440042));
#10616=CARTESIAN_POINT('Origin',(-0.265414173912814,1.77729049308944,0.735817506440042));
#10617=CARTESIAN_POINT('Origin',(-0.265414173912814,1.75432414310885,0.735817506440042));
#10618=CARTESIAN_POINT('Origin',(-0.226044095172657,1.75760545371936,0.735817506440042));
#10619=CARTESIAN_POINT('',(-0.245729134542736,1.75760545371936,0.781993506856341));
#10620=CARTESIAN_POINT('',(-0.245729134542736,1.75760545371936,0.735817506440042));
#10621=CARTESIAN_POINT('',(-0.226044095172657,1.77729049308944,0.793553763826115));
#10622=CARTESIAN_POINT('',(-0.226044095172657,1.77729049308944,0.735817506440042));
#10623=CARTESIAN_POINT('Ctrl Pts',(-0.226044095172657,1.77729049308944,
0.793553763826115));
#10624=CARTESIAN_POINT('Ctrl Pts',(-0.226085821500656,1.77729049308944,
0.793531712763364));
#10625=CARTESIAN_POINT('Ctrl Pts',(-0.226127542587356,1.77729036041865,
0.793509651837449));
#10626=CARTESIAN_POINT('Ctrl Pts',(-0.227852696208641,1.77727939121907,
0.792596915702998));
#10627=CARTESIAN_POINT('Ctrl Pts',(-0.229525305033753,1.77705279944505,
0.791691014947002));
#10628=CARTESIAN_POINT('Ctrl Pts',(-0.232758262760011,1.77618517034341,
0.789896642164872));
#10629=CARTESIAN_POINT('Ctrl Pts',(-0.234318165698184,1.77554678813725,
0.789008608893167));
#10630=CARTESIAN_POINT('Ctrl Pts',(-0.237948819478766,1.77347922201216,
0.786891930888841));
#10631=CARTESIAN_POINT('Ctrl Pts',(-0.239907806509186,1.7718197388215,0.785702041684061));
#10632=CARTESIAN_POINT('Ctrl Pts',(-0.242872798883039,1.76805164592117,
0.783851309069501));
#10633=CARTESIAN_POINT('Ctrl Pts',(-0.243966382854393,1.76606686178954,
0.78314637016951));
#10634=CARTESIAN_POINT('Ctrl Pts',(-0.245375106505968,1.76188102274179,
0.782228926116031));
#10635=CARTESIAN_POINT('Ctrl Pts',(-0.245729134542736,1.75976350232153,
0.781993506856341));
#10636=CARTESIAN_POINT('Ctrl Pts',(-0.245729134542736,1.75760545371936,
0.781993506856341));
#10637=CARTESIAN_POINT('Origin',(-0.265414173912814,1.73792041434928,0.735817506440042));
#10638=CARTESIAN_POINT('Origin',(-0.265414173912814,1.77729049308944,0.735817506440042));
#10639=CARTESIAN_POINT('Origin',(-0.265414173912814,1.75432414310885,0.735817506440042));
#10640=CARTESIAN_POINT('Ctrl Pts',(-0.129650882166922,1.7185757005016,1.11305820292528));
#10641=CARTESIAN_POINT('Ctrl Pts',(-0.130684213724174,1.6257885444863,1.15862772183757));
#10642=CARTESIAN_POINT('Ctrl Pts',(-0.131391054279161,1.53263917366873,
1.20327359893497));
#10643=CARTESIAN_POINT('Ctrl Pts',(-0.13196775939549,1.43936351318725,1.2476047188168));
#10644=CARTESIAN_POINT('Ctrl Pts',(-0.123761106399438,1.71774120596181,
1.11134505201882));
#10645=CARTESIAN_POINT('Ctrl Pts',(-0.124551396069869,1.62503567690703,
1.15705721986318));
#10646=CARTESIAN_POINT('Ctrl Pts',(-0.125102161463527,1.53194270248992,
1.20181094078626));
#10647=CARTESIAN_POINT('Ctrl Pts',(-0.125552096146139,1.43871634441328,
1.24623839751697));
#10648=CARTESIAN_POINT('Ctrl Pts',(-0.113242108594783,1.71439625827477,
1.1044781405067));
#10649=CARTESIAN_POINT('Ctrl Pts',(-0.113487056606608,1.62174833030254,
1.15020703328156));
#10650=CARTESIAN_POINT('Ctrl Pts',(-0.113658464904751,1.52870289999915,
1.19501035367519));
#10651=CARTESIAN_POINT('Ctrl Pts',(-0.113802072536077,1.43551276610947,
1.23947491100746));
#10652=CARTESIAN_POINT('Ctrl Pts',(-0.109212818744618,1.70898378997008,
1.09336677363702));
#10653=CARTESIAN_POINT('Ctrl Pts',(-0.109209830527129,1.61624391475355,
1.13874347688784));
#10654=CARTESIAN_POINT('Ctrl Pts',(-0.109214794617694,1.52312880760037,
1.1833108953572));
#10655=CARTESIAN_POINT('Ctrl Pts',(-0.109212818744617,1.42988227145081,
1.2275876489978));
#10656=CARTESIAN_POINT('Ctrl Pts',(-0.109212818744618,1.70627290393192,
1.08780154025066));
#10657=CARTESIAN_POINT('Ctrl Pts',(-0.109212818744618,1.61348574791662,
1.13299917857057));
#10658=CARTESIAN_POINT('Ctrl Pts',(-0.109212818744617,1.52033637709905,
1.17744995501923));
#10659=CARTESIAN_POINT('Ctrl Pts',(-0.109212818744617,1.42706071661757,
1.22163070140961));
#10660=CARTESIAN_POINT('',(-0.109212818744617,1.46232986316818,1.20490625794515));
#10661=CARTESIAN_POINT('',(-0.109212818744617,1.6025284907172,1.13797266343872));
#10662=CARTESIAN_POINT('Ctrl Pts',(-0.109212818744617,1.46233065015059,
1.20490791597163));
#10663=CARTESIAN_POINT('Ctrl Pts',(-0.109212818744617,1.5091138721161,1.18270225559459));
#10664=CARTESIAN_POINT('Ctrl Pts',(-0.109212818744617,1.55585781262002,
1.1604134809158));
#10665=CARTESIAN_POINT('Ctrl Pts',(-0.109212818744617,1.60253267025072,
1.13798135985808));
#10666=CARTESIAN_POINT('Ctrl Pts',(-0.109212818744617,1.60253267025072,
1.13798135985808));
#10667=CARTESIAN_POINT('Ctrl Pts',(-0.109212818744618,1.63715481382412,
1.12134182081414));
#10668=CARTESIAN_POINT('Ctrl Pts',(-0.109212818744618,1.67173894613505,
1.10462340872134));
#10669=CARTESIAN_POINT('Ctrl Pts',(-0.109212818744618,1.70627290393192,
1.08780154025066));
#10670=CARTESIAN_POINT('Ctrl Pts',(-0.129650882166922,1.7185757005016,1.11305820292528));
#10671=CARTESIAN_POINT('Ctrl Pts',(-0.130684213724174,1.6257885444863,1.15862772183757));
#10672=CARTESIAN_POINT('Ctrl Pts',(-0.131391054279161,1.53263917366873,
1.20327359893497));
#10673=CARTESIAN_POINT('Ctrl Pts',(-0.13196775939549,1.43936351318725,1.2476047188168));
#10674=CARTESIAN_POINT('Ctrl Pts',(-0.109212818744617,1.46230875690402,
1.20491830759559));
#10675=CARTESIAN_POINT('Ctrl Pts',(-0.109212818744617,1.46231605469609,
1.2049148437029));
#10676=CARTESIAN_POINT('Ctrl Pts',(-0.109212818744617,1.46232335248721,
1.20491137980818));
#10677=CARTESIAN_POINT('Ctrl Pts',(-0.109212818744617,1.46233065027737,
1.20490791591145));
#10678=CARTESIAN_POINT('Origin',(-0.265414173912814,1.75760545371936,0.735817506440042));
#10679=CARTESIAN_POINT('Origin',(-0.265414173912814,1.75760545371936,0.735817506440042));
#10680=CARTESIAN_POINT('Origin',(-0.265414173912814,1.77729049308944,0.735817506440042));
#10681=CARTESIAN_POINT('Origin',(-0.187313496328716,1.73792041434928,0.852648782868082));
#10682=CARTESIAN_POINT('',(-0.187313496328716,1.77729049308944,0.852648782868082));
#10683=CARTESIAN_POINT('',(-0.187313496328716,1.73792041434928,0.892018861608239));
#10684=CARTESIAN_POINT('Origin',(-0.245729134542736,1.30484954820755,0.735817506440042));
#10685=CARTESIAN_POINT('',(-0.245729134542736,1.77729049308944,0.781993506856341));
#10686=CARTESIAN_POINT('',(-0.245729134542736,1.61981017812881,1.08817971116445));
#10687=CARTESIAN_POINT('Origin',(-0.245729134542736,1.61981017812881,1.03109309699122));
#10688=CARTESIAN_POINT('Origin',(-0.265414173912814,1.77729049308944,0.735817506440042));
#10689=CARTESIAN_POINT('',(-0.245729134542736,1.77729049308944,0.689641506023744));
#10690=CARTESIAN_POINT('Origin',(-0.245729134542736,1.30484954820755,0.735817506440042));
#10691=CARTESIAN_POINT('',(-0.245729134542736,1.77729049308944,0.594644812045282));
#10692=CARTESIAN_POINT('Origin',(-0.265414173912814,1.77729049308944,0.538967112739255));
#10693=CARTESIAN_POINT('',(-0.285099213282893,1.77729049308944,0.594644812045282));
#10694=CARTESIAN_POINT('Origin',(-0.285099213282893,1.77729049308944,0.735817506440042));
#10695=CARTESIAN_POINT('',(-0.285099213282893,1.77729049308944,0.689641506023744));
#10696=CARTESIAN_POINT('Origin',(-0.265414173912814,1.77729049308944,0.735817506440042));
#10697=CARTESIAN_POINT('',(-0.285099213282893,1.77729049308944,0.781993506856341));
#10698=CARTESIAN_POINT('Origin',(-0.421615529081011,1.77729049308944,0.892018861608239));
#10699=CARTESIAN_POINT('',(-0.421615529081011,1.64432469416526,1.00028657814367));
#10700=CARTESIAN_POINT('',(-0.421615529081011,1.77729049308944,1.00028657814367));
#10701=CARTESIAN_POINT('',(-0.421615529081011,1.61981017812881,1.07046317573138));
#10702=CARTESIAN_POINT('Origin',(-0.421615529081011,1.61981017812881,1.03109309699122));
#10703=CARTESIAN_POINT('',(-0.421615529081011,1.59529566209235,1.00028657814367));
#10704=CARTESIAN_POINT('Origin',(-0.421615529081011,1.61981017812881,1.03109309699122));
#10705=CARTESIAN_POINT('',(-0.421615529081011,1.77729049308944,1.00028657814367));
#10706=CARTESIAN_POINT('Origin',(-0.109212818744617,1.77729049308944,0.892018861608239));
#10707=CARTESIAN_POINT('',(-0.000945102209184246,1.77729049308944,0.892018861608239));
#10708=CARTESIAN_POINT('Origin',(-0.000945102209184432,1.77729049308944,
0.471348434736412));
#10709=CARTESIAN_POINT('',(0.107322614326249,1.30484954820755,0.471348434736412));
#10710=CARTESIAN_POINT('',(0.107322614326249,1.77729049308944,0.471348434736412));
#10711=CARTESIAN_POINT('Origin',(-0.000945102209184432,1.30484954820755,
0.471348434736412));
#10712=CARTESIAN_POINT('Origin',(-0.529883245616444,1.77729049308944,0.471348434736413));
#10713=CARTESIAN_POINT('',(-0.421615529081011,1.30484954820755,0.471348434736413));
#10714=CARTESIAN_POINT('',(-0.421615529081011,1.77729049308944,0.471348434736413));
#10715=CARTESIAN_POINT('Origin',(-0.529883245616444,1.30484954820755,0.471348434736413));
#10716=CARTESIAN_POINT('Origin',(-0.265414173912814,1.54107002064849,0.735817506440042));
#10717=CARTESIAN_POINT('Origin',(-0.109212818744617,1.77729049308944,1.30533645620819));
#10718=CARTESIAN_POINT('',(-0.109212818744617,1.77729049308944,1.00028657814367));
#10719=CARTESIAN_POINT('',(-0.109212818744617,1.77729049308944,1.00028657814367));
#10720=CARTESIAN_POINT('',(-0.109212818744617,1.61981017812881,1.08817971116445));
#10721=CARTESIAN_POINT('Origin',(-0.109212818744617,1.61981017812881,1.03109309699122));
#10722=CARTESIAN_POINT('Origin',(-0.834933123680962,1.77729049308944,0.89201886160824));
#10723=CARTESIAN_POINT('',(-0.529883245616444,1.77729049308944,0.892018861608239));
#10724=CARTESIAN_POINT('Origin',(-0.265414173912814,1.61981017812881,1.03109309699122));
#10725=CARTESIAN_POINT('',(-0.265414173912814,1.61981017812881,1.08817971116445));
#10726=CARTESIAN_POINT('Origin',(-0.265414173912814,1.61981017812881,1.03109309699122));
#10727=CARTESIAN_POINT('',(-0.285099213282893,1.61981017812881,1.07046317573138));
#10728=CARTESIAN_POINT('Origin',(-0.285099213282893,1.61981017812881,1.03109309699122));
#10729=CARTESIAN_POINT('',(-0.265414173912814,1.61981017812881,1.07046317573138));
#10730=CARTESIAN_POINT('Ctrl Pts',(-0.421615529081011,1.59529566209235,
1.00028657814367));
#10731=CARTESIAN_POINT('Ctrl Pts',(-0.421615529081011,1.59810048042681,
0.998054623135067));
#10732=CARTESIAN_POINT('Ctrl Pts',(-0.421685307777504,1.60130125432993,
0.99615048957895));
#10733=CARTESIAN_POINT('Ctrl Pts',(-0.42186150374591,1.60956253563606,0.992717421079331));
#10734=CARTESIAN_POINT('Ctrl Pts',(-0.421954732767602,1.61485004387162,
0.991723018251066));
#10735=CARTESIAN_POINT('Ctrl Pts',(-0.421954732767602,1.61981017812881,
0.991723018251066));
#10736=CARTESIAN_POINT('Ctrl Pts',(-0.421954732767602,1.62477031238599,
0.991723018251066));
#10737=CARTESIAN_POINT('Ctrl Pts',(-0.42186150374591,1.63005782062155,0.992717421079331));
#10738=CARTESIAN_POINT('Ctrl Pts',(-0.421685307777504,1.63831910192768,
0.99615048957895));
#10739=CARTESIAN_POINT('Ctrl Pts',(-0.421615529081011,1.6415198758308,0.998054623135067));
#10740=CARTESIAN_POINT('Ctrl Pts',(-0.421615529081011,1.64432469416526,
1.00028657814367));
#10741=CARTESIAN_POINT('Origin',(-0.265414173912814,1.77729049308944,0.735817506440042));
#10742=CARTESIAN_POINT('Origin',(-0.285099213282893,1.77729049308944,0.735817506440042));
#10743=CARTESIAN_POINT('Origin',(-0.529883245616444,1.30484954820755,0.471348434736413));
#10744=CARTESIAN_POINT('',(-0.472796631443216,1.30484954820755,0.471348434736413));
#10745=CARTESIAN_POINT('Origin',(-0.529883245616444,1.30484954820755,0.471348434736413));
#10746=CARTESIAN_POINT('Origin',(-0.000945102209184432,1.30484954820755,
0.471348434736412));
#10747=CARTESIAN_POINT('',(0.0561415119640439,1.30484954820755,0.471348434736412));
#10748=CARTESIAN_POINT('Origin',(-0.000945102209184432,1.30484954820755,
0.471348434736412));
#10749=CARTESIAN_POINT('Origin',(-0.529883245616444,1.77729049308944,1.00028657814367));
#10750=CARTESIAN_POINT('',(-0.421615529081011,1.30484954820755,1.00028657814367));
#10751=CARTESIAN_POINT('',(-0.421615529081011,1.77729049308944,1.00028657814367));
#10752=CARTESIAN_POINT('Origin',(-0.529883245616444,1.30484954820755,1.00028657814367));
#10753=CARTESIAN_POINT('Origin',(-0.529883245616444,1.30484954820755,1.00028657814367));
#10754=CARTESIAN_POINT('',(-0.472796631443216,1.30484954820755,1.00028657814367));
#10755=CARTESIAN_POINT('Origin',(-0.529883245616444,1.30484954820755,1.00028657814367));
#10756=CARTESIAN_POINT('Origin',(-0.000945102209184213,1.77729049308944,
1.00028657814367));
#10757=CARTESIAN_POINT('',(0.107322614326249,1.30484954820755,1.00028657814367));
#10758=CARTESIAN_POINT('',(0.107322614326249,1.77729049308944,1.00028657814367));
#10759=CARTESIAN_POINT('Origin',(-0.000945102209184213,1.30484954820755,
1.00028657814367));
#10760=CARTESIAN_POINT('Origin',(-0.000945102209184213,1.30484954820755,
1.00028657814367));
#10761=CARTESIAN_POINT('',(0.0561415119640441,1.30484954820755,1.00028657814367));
#10762=CARTESIAN_POINT('Origin',(-0.000945102209184213,1.30484954820755,
1.00028657814367));
#10763=CARTESIAN_POINT('Origin',(-0.529883245616444,1.18673931198707,0.471348434736413));
#10764=CARTESIAN_POINT('',(-0.472796631443216,1.18673931198707,0.471348434736413));
#10765=CARTESIAN_POINT('Origin',(-0.000945102209184432,1.18673931198707,
0.471348434736412));
#10766=CARTESIAN_POINT('',(0.0561415119640439,1.18673931198707,0.471348434736412));
#10767=CARTESIAN_POINT('Origin',(-0.529883245616444,1.18673931198707,1.00028657814367));
#10768=CARTESIAN_POINT('',(-0.472796631443216,1.18673931198707,1.00028657814367));
#10769=CARTESIAN_POINT('Origin',(-0.000945102209184213,1.18673931198707,
1.00028657814367));
#10770=CARTESIAN_POINT('',(0.0561415119640441,1.18673931198707,1.00028657814367));
#10771=UNCERTAINTY_MEASURE_WITH_UNIT(LENGTH_MEASURE(0.000393700787401575),
#10776,'DISTANCE_ACCURACY_VALUE',
'Maximum model space distance between geometric entities at asserted c
onnectivities');
#10772=UNCERTAINTY_MEASURE_WITH_UNIT(LENGTH_MEASURE(0.000393700787401575),
#10776,'DISTANCE_ACCURACY_VALUE',
'Maximum model space distance between geometric entities at asserted c
onnectivities');
#10773=(
GEOMETRIC_REPRESENTATION_CONTEXT(3)
GLOBAL_UNCERTAINTY_ASSIGNED_CONTEXT((#10771))
GLOBAL_UNIT_ASSIGNED_CONTEXT((#10776,#10780,#10781))
REPRESENTATION_CONTEXT('','3D')
);
#10774=(
GEOMETRIC_REPRESENTATION_CONTEXT(3)
GLOBAL_UNCERTAINTY_ASSIGNED_CONTEXT((#10772))
GLOBAL_UNIT_ASSIGNED_CONTEXT((#10776,#10780,#10781))
REPRESENTATION_CONTEXT('','3D')
);
#10775=DIMENSIONAL_EXPONENTS(1.,0.,0.,0.,0.,0.,0.);
#10776=(
CONVERSION_BASED_UNIT('inch',#10779)
LENGTH_UNIT()
NAMED_UNIT(#10775)
);
#10777=(
LENGTH_UNIT()
NAMED_UNIT(*)
SI_UNIT(.MILLI.,.METRE.)
);
#10778=(
LENGTH_UNIT()
NAMED_UNIT(*)
SI_UNIT($,.METRE.)
);
#10779=LENGTH_MEASURE_WITH_UNIT(LENGTH_MEASURE(25.4),#10777);
#10780=(
NAMED_UNIT(*)
PLANE_ANGLE_UNIT()
SI_UNIT($,.RADIAN.)
);
#10781=(
NAMED_UNIT(*)
SI_UNIT($,.STERADIAN.)
SOLID_ANGLE_UNIT()
);
#10782=SHAPE_DEFINITION_REPRESENTATION(#10783,#10784);
#10783=PRODUCT_DEFINITION_SHAPE('',$,#10786);
#10784=SHAPE_REPRESENTATION('',(#2528),#10773);
#10785=PRODUCT_DEFINITION_CONTEXT('part definition',#10790,'design');
#10786=PRODUCT_DEFINITION('2026-10-07-21-06-35-784','(Unsaved)',#10787,
#10785);
#10787=PRODUCT_DEFINITION_FORMATION('',$,#10792);
#10788=PRODUCT_RELATED_PRODUCT_CATEGORY('(Unsaved)','(Unsaved)',(#10792));
#10789=APPLICATION_PROTOCOL_DEFINITION('international standard',
'automotive_design',2009,#10790);
#10790=APPLICATION_CONTEXT(
'Core Data for Automotive Mechanical Design Process');
#10791=PRODUCT_CONTEXT('part definition',#10790,'mechanical');
#10792=PRODUCT('2026-10-07-21-06-35-784','(Unsaved)',$,(#10791));
#10793=PRESENTATION_STYLE_ASSIGNMENT((#10794));
#10794=SURFACE_STYLE_USAGE(.BOTH.,#10795);
#10795=SURFACE_SIDE_STYLE('',(#10796));
#10796=SURFACE_STYLE_FILL_AREA(#10797);
#10797=FILL_AREA_STYLE('Steel - Satin',(#10798));
#10798=FILL_AREA_STYLE_COLOUR('Steel - Satin',#10799);
#10799=COLOUR_RGB('Steel - Satin',0.627450980392157,0.627450980392157,0.627450980392157);
ENDSEC;
END-ISO-10303-21;
